{"v":"5.6.10","fr":30,"ip":0,"op":309,"w":1080,"h":2340,"nm":"心型","ddd":0,"assets":[{"id":"image_0","w":64,"h":64,"u":"images/","p":"img_0.png","e":0},{"id":"image_1","w":64,"h":64,"u":"images/","p":"img_1.png","e":0},{"id":"image_2","w":64,"h":64,"u":"images/","p":"img_2.png","e":0},{"id":"image_3","w":64,"h":64,"u":"images/","p":"img_3.png","e":0},{"id":"image_4","w":64,"h":64,"u":"images/","p":"img_4.png","e":0},{"id":"image_5","w":64,"h":64,"u":"images/","p":"img_5.png","e":0},{"id":"image_6","w":64,"h":64,"u":"images/","p":"img_6.png","e":0},{"id":"image_7","w":64,"h":64,"u":"images/","p":"img_7.png","e":0},{"id":"image_8","w":64,"h":64,"u":"images/","p":"img_8.png","e":0},{"id":"image_9","w":64,"h":64,"u":"images/","p":"img_9.png","e":0},{"id":"image_10","w":400,"h":400,"u":"images/","p":"img_10.png","e":0},{"id":"image_11","w":400,"h":400,"u":"images/","p":"img_11.png","e":0},{"id":"image_12","w":400,"h":400,"u":"images/","p":"img_12.png","e":0},{"id":"image_13","w":400,"h":400,"u":"images/","p":"img_13.png","e":0},{"id":"image_14","w":400,"h":400,"u":"images/","p":"img_14.png","e":0},{"id":"image_15","w":400,"h":400,"u":"images/","p":"img_15.png","e":0},{"id":"image_16","w":400,"h":400,"u":"images/","p":"img_16.png","e":0},{"id":"comp_0","layers":[{"ddd":0,"ind":1,"ty":2,"nm":"10","parent":81,"refId":"image_0","sr":1,"ks":{"o":{"a":0,"k":100,"ix":11},"r":{"a":0,"k":-180,"ix":10},"p":{"a":0,"k":[-752,2540,0],"ix":2},"a":{"a":0,"k":[32,32,0],"ix":1},"s":{"a":0,"k":[200,200,100],"ix":6}},"ao":0,"ip":-10.01001001001,"op":300.3003003003,"st":0,"bm":0},{"ddd":0,"ind":2,"ty":2,"nm":"10","parent":85,"refId":"image_0","sr":1,"ks":{"o":{"a":0,"k":100,"ix":11},"r":{"a":0,"k":-180,"ix":10},"p":{"a":0,"k":[-752,2540,0],"ix":2},"a":{"a":0,"k":[32,32,0],"ix":1},"s":{"a":0,"k":[200,200,100],"ix":6}},"ao":0,"ip":-10.01001001001,"op":300.3003003003,"st":0,"bm":0},{"ddd":0,"ind":3,"ty":2,"nm":"10","parent":82,"refId":"image_0","sr":1,"ks":{"o":{"a":0,"k":100,"ix":11},"r":{"a":0,"k":-180,"ix":10},"p":{"a":0,"k":[-15.368,-244.316,0],"ix":2},"a":{"a":0,"k":[32,32,0],"ix":1},"s":{"a":0,"k":[131.579,131.579,100],"ix":6}},"ao":0,"ip":-10.01001001001,"op":300.3003003003,"st":0,"bm":0},{"ddd":0,"ind":4,"ty":2,"nm":"10","parent":86,"refId":"image_0","sr":1,"ks":{"o":{"a":0,"k":100,"ix":11},"r":{"a":0,"k":-180,"ix":10},"p":{"a":0,"k":[-15.368,-244.316,0],"ix":2},"a":{"a":0,"k":[32,32,0],"ix":1},"s":{"a":0,"k":[131.579,131.579,100],"ix":6}},"ao":0,"ip":-10.01001001001,"op":300.3003003003,"st":0,"bm":0},{"ddd":0,"ind":5,"ty":2,"nm":"10","parent":83,"refId":"image_0","sr":1,"ks":{"o":{"a":0,"k":100,"ix":11},"r":{"a":0,"k":0,"ix":10},"p":{"a":0,"k":[342.667,-486.667,0],"ix":2},"a":{"a":0,"k":[32,32,0],"ix":1},"s":{"a":0,"k":[66.667,66.667,100],"ix":6}},"ao":0,"ip":-10.01001001001,"op":300.3003003003,"st":0,"bm":0},{"ddd":0,"ind":6,"ty":2,"nm":"10","parent":87,"refId":"image_0","sr":1,"ks":{"o":{"a":0,"k":100,"ix":11},"r":{"a":0,"k":0,"ix":10},"p":{"a":0,"k":[342.667,-486.667,0],"ix":2},"a":{"a":0,"k":[32,32,0],"ix":1},"s":{"a":0,"k":[66.667,66.667,100],"ix":6}},"ao":0,"ip":-10.01001001001,"op":300.3003003003,"st":0,"bm":0},{"ddd":0,"ind":7,"ty":2,"nm":"9","parent":82,"refId":"image_1","sr":1,"ks":{"o":{"a":0,"k":100,"ix":11},"r":{"a":0,"k":-180,"ix":10},"p":{"a":0,"k":[-120.632,1408.316,0],"ix":2},"a":{"a":0,"k":[32,32,0],"ix":1},"s":{"a":0,"k":[131.579,131.579,100],"ix":6}},"ao":0,"ip":-10.01001001001,"op":300.3003003003,"st":0,"bm":0},{"ddd":0,"ind":8,"ty":2,"nm":"9","parent":86,"refId":"image_1","sr":1,"ks":{"o":{"a":0,"k":100,"ix":11},"r":{"a":0,"k":-180,"ix":10},"p":{"a":0,"k":[-120.632,1408.316,0],"ix":2},"a":{"a":0,"k":[32,32,0],"ix":1},"s":{"a":0,"k":[131.579,131.579,100],"ix":6}},"ao":0,"ip":-10.01001001001,"op":300.3003003003,"st":0,"bm":0},{"ddd":0,"ind":9,"ty":2,"nm":"9","parent":82,"refId":"image_1","sr":1,"ks":{"o":{"a":0,"k":100,"ix":11},"r":{"a":0,"k":-180,"ix":10},"p":{"a":0,"k":[584.632,-223.263,0],"ix":2},"a":{"a":0,"k":[32,32,0],"ix":1},"s":{"a":0,"k":[81.579,81.579,100],"ix":6}},"ao":0,"ip":-10.01001001001,"op":300.3003003003,"st":0,"bm":0},{"ddd":0,"ind":10,"ty":2,"nm":"9","parent":86,"refId":"image_1","sr":1,"ks":{"o":{"a":0,"k":100,"ix":11},"r":{"a":0,"k":-180,"ix":10},"p":{"a":0,"k":[584.632,-223.263,0],"ix":2},"a":{"a":0,"k":[32,32,0],"ix":1},"s":{"a":0,"k":[81.579,81.579,100],"ix":6}},"ao":0,"ip":-10.01001001001,"op":300.3003003003,"st":0,"bm":0},{"ddd":0,"ind":11,"ty":2,"nm":"9","parent":84,"refId":"image_1","sr":1,"ks":{"o":{"a":0,"k":100,"ix":11},"r":{"a":0,"k":0,"ix":10},"p":{"a":0,"k":[344,-762,0],"ix":2},"a":{"a":0,"k":[32,32,0],"ix":1},"s":{"a":0,"k":[62,62,100],"ix":6}},"ao":0,"ip":-10.01001001001,"op":300.3003003003,"st":0,"bm":0},{"ddd":0,"ind":12,"ty":2,"nm":"9","parent":88,"refId":"image_1","sr":1,"ks":{"o":{"a":0,"k":100,"ix":11},"r":{"a":0,"k":0,"ix":10},"p":{"a":0,"k":[344,-762,0],"ix":2},"a":{"a":0,"k":[32,32,0],"ix":1},"s":{"a":0,"k":[62,62,100],"ix":6}},"ao":0,"ip":-10.01001001001,"op":300.3003003003,"st":0,"bm":0},{"ddd":0,"ind":13,"ty":2,"nm":"8","parent":83,"refId":"image_2","sr":1,"ks":{"o":{"a":0,"k":100,"ix":11},"r":{"a":0,"k":0,"ix":10},"p":{"a":0,"k":[100,-676,0],"ix":2},"a":{"a":0,"k":[32,32,0],"ix":1},"s":{"a":0,"k":[83.333,83.333,100],"ix":6}},"ao":0,"ip":-10.01001001001,"op":300.3003003003,"st":0,"bm":0},{"ddd":0,"ind":14,"ty":2,"nm":"8","parent":87,"refId":"image_2","sr":1,"ks":{"o":{"a":0,"k":100,"ix":11},"r":{"a":0,"k":0,"ix":10},"p":{"a":0,"k":[100,-676,0],"ix":2},"a":{"a":0,"k":[32,32,0],"ix":1},"s":{"a":0,"k":[83.333,83.333,100],"ix":6}},"ao":0,"ip":-10.01001001001,"op":300.3003003003,"st":0,"bm":0},{"ddd":0,"ind":15,"ty":2,"nm":"8","parent":82,"refId":"image_2","sr":1,"ks":{"o":{"a":0,"k":100,"ix":11},"r":{"a":0,"k":-180,"ix":10},"p":{"a":0,"k":[984.632,-239.053,0],"ix":2},"a":{"a":0,"k":[32,32,0],"ix":1},"s":{"a":0,"k":[71.053,71.053,100],"ix":6}},"ao":0,"ip":-10.01001001001,"op":300.3003003003,"st":0,"bm":0},{"ddd":0,"ind":16,"ty":2,"nm":"8","parent":86,"refId":"image_2","sr":1,"ks":{"o":{"a":0,"k":100,"ix":11},"r":{"a":0,"k":-180,"ix":10},"p":{"a":0,"k":[984.632,-239.053,0],"ix":2},"a":{"a":0,"k":[32,32,0],"ix":1},"s":{"a":0,"k":[71.053,71.053,100],"ix":6}},"ao":0,"ip":-10.01001001001,"op":300.3003003003,"st":0,"bm":0},{"ddd":0,"ind":17,"ty":2,"nm":"8","parent":81,"refId":"image_2","sr":1,"ks":{"o":{"a":0,"k":100,"ix":11},"r":{"a":0,"k":-180,"ix":10},"p":{"a":0,"k":[768,1064,0],"ix":2},"a":{"a":0,"k":[32,32,0],"ix":1},"s":{"a":0,"k":[108,108,100],"ix":6}},"ao":0,"ip":-10.01001001001,"op":300.3003003003,"st":0,"bm":0},{"ddd":0,"ind":18,"ty":2,"nm":"8","parent":85,"refId":"image_2","sr":1,"ks":{"o":{"a":0,"k":100,"ix":11},"r":{"a":0,"k":-180,"ix":10},"p":{"a":0,"k":[768,1064,0],"ix":2},"a":{"a":0,"k":[32,32,0],"ix":1},"s":{"a":0,"k":[108,108,100],"ix":6}},"ao":0,"ip":-10.01001001001,"op":300.3003003003,"st":0,"bm":0},{"ddd":0,"ind":19,"ty":2,"nm":"8","parent":84,"refId":"image_2","sr":1,"ks":{"o":{"a":0,"k":100,"ix":11},"r":{"a":0,"k":0,"ix":10},"p":{"a":0,"k":[632,-1230,0],"ix":2},"a":{"a":0,"k":[32,32,0],"ix":1},"s":{"a":0,"k":[100,100,100],"ix":6}},"ao":0,"ip":-10.01001001001,"op":300.3003003003,"st":0,"bm":0},{"ddd":0,"ind":20,"ty":2,"nm":"8","parent":88,"refId":"image_2","sr":1,"ks":{"o":{"a":0,"k":100,"ix":11},"r":{"a":0,"k":0,"ix":10},"p":{"a":0,"k":[632,-1230,0],"ix":2},"a":{"a":0,"k":[32,32,0],"ix":1},"s":{"a":0,"k":[100,100,100],"ix":6}},"ao":0,"ip":-10.01001001001,"op":300.3003003003,"st":0,"bm":0},{"ddd":0,"ind":21,"ty":2,"nm":"7","parent":81,"refId":"image_3","sr":1,"ks":{"o":{"a":0,"k":100,"ix":11},"r":{"a":0,"k":-180,"ix":10},"p":{"a":0,"k":[-272,2840,0],"ix":2},"a":{"a":0,"k":[32,32,0],"ix":1},"s":{"a":0,"k":[280,280,100],"ix":6}},"ao":0,"ip":-10.01001001001,"op":300.3003003003,"st":0,"bm":0},{"ddd":0,"ind":22,"ty":2,"nm":"7","parent":85,"refId":"image_3","sr":1,"ks":{"o":{"a":0,"k":100,"ix":11},"r":{"a":0,"k":-180,"ix":10},"p":{"a":0,"k":[-272,2840,0],"ix":2},"a":{"a":0,"k":[32,32,0],"ix":1},"s":{"a":0,"k":[280,280,100],"ix":6}},"ao":0,"ip":-10.01001001001,"op":300.3003003003,"st":0,"bm":0},{"ddd":0,"ind":23,"ty":2,"nm":"7","parent":83,"refId":"image_3","sr":1,"ks":{"o":{"a":0,"k":100,"ix":11},"r":{"a":0,"k":0,"ix":10},"p":{"a":0,"k":[294.667,-308,0],"ix":2},"a":{"a":0,"k":[32,32,0],"ix":1},"s":{"a":0,"k":[93.333,93.333,100],"ix":6}},"ao":0,"ip":-10.01001001001,"op":300.3003003003,"st":0,"bm":0},{"ddd":0,"ind":24,"ty":2,"nm":"7","parent":87,"refId":"image_3","sr":1,"ks":{"o":{"a":0,"k":100,"ix":11},"r":{"a":0,"k":0,"ix":10},"p":{"a":0,"k":[294.667,-308,0],"ix":2},"a":{"a":0,"k":[32,32,0],"ix":1},"s":{"a":0,"k":[93.333,93.333,100],"ix":6}},"ao":0,"ip":-10.01001001001,"op":300.3003003003,"st":0,"bm":0},{"ddd":0,"ind":25,"ty":2,"nm":"7","parent":82,"refId":"image_3","sr":1,"ks":{"o":{"a":0,"k":100,"ix":11},"r":{"a":0,"k":-180,"ix":10},"p":{"a":0,"k":[737.263,3071.474,0],"ix":2},"a":{"a":0,"k":[32,32,0],"ix":1},"s":{"a":0,"k":[76.316,76.316,100],"ix":6}},"ao":0,"ip":-10.01001001001,"op":300.3003003003,"st":0,"bm":0},{"ddd":0,"ind":26,"ty":2,"nm":"7","parent":86,"refId":"image_3","sr":1,"ks":{"o":{"a":0,"k":100,"ix":11},"r":{"a":0,"k":-180,"ix":10},"p":{"a":0,"k":[737.263,3071.474,0],"ix":2},"a":{"a":0,"k":[32,32,0],"ix":1},"s":{"a":0,"k":[76.316,76.316,100],"ix":6}},"ao":0,"ip":-10.01001001001,"op":300.3003003003,"st":0,"bm":0},{"ddd":0,"ind":27,"ty":2,"nm":"7","parent":82,"refId":"image_3","sr":1,"ks":{"o":{"a":0,"k":100,"ix":11},"r":{"a":0,"k":-180,"ix":10},"p":{"a":0,"k":[737.263,650.421,0],"ix":2},"a":{"a":0,"k":[32,32,0],"ix":1},"s":{"a":0,"k":[76.316,76.316,100],"ix":6}},"ao":0,"ip":-10.01001001001,"op":300.3003003003,"st":0,"bm":0},{"ddd":0,"ind":28,"ty":2,"nm":"7","parent":86,"refId":"image_3","sr":1,"ks":{"o":{"a":0,"k":100,"ix":11},"r":{"a":0,"k":-180,"ix":10},"p":{"a":0,"k":[737.263,650.421,0],"ix":2},"a":{"a":0,"k":[32,32,0],"ix":1},"s":{"a":0,"k":[76.316,76.316,100],"ix":6}},"ao":0,"ip":-10.01001001001,"op":300.3003003003,"st":0,"bm":0},{"ddd":0,"ind":29,"ty":2,"nm":"last 2","parent":84,"refId":"image_3","sr":1,"ks":{"o":{"a":0,"k":100,"ix":11},"r":{"a":0,"k":0,"ix":10},"p":{"a":0,"k":[240,-2406,0],"ix":2},"a":{"a":0,"k":[32,32,0],"ix":1},"s":{"a":0,"k":[100,100,100],"ix":6}},"ao":0,"ip":-10.01001001001,"op":300.3003003003,"st":0,"bm":0},{"ddd":0,"ind":30,"ty":2,"nm":"last","parent":88,"refId":"image_3","sr":1,"ks":{"o":{"a":0,"k":100,"ix":11},"r":{"a":0,"k":0,"ix":10},"p":{"a":0,"k":[240,-2406,0],"ix":2},"a":{"a":0,"k":[32,32,0],"ix":1},"s":{"a":0,"k":[100,100,100],"ix":6}},"ao":0,"ip":-10.01001001001,"op":300.3003003003,"st":0,"bm":0},{"ddd":0,"ind":31,"ty":2,"nm":"7","parent":84,"refId":"image_3","sr":1,"ks":{"o":{"a":0,"k":100,"ix":11},"r":{"a":0,"k":0,"ix":10},"p":{"a":0,"k":[240,-566,0],"ix":2},"a":{"a":0,"k":[32,32,0],"ix":1},"s":{"a":0,"k":[100,100,100],"ix":6}},"ao":0,"ip":-10.01001001001,"op":300.3003003003,"st":0,"bm":0},{"ddd":0,"ind":32,"ty":2,"nm":"7","parent":88,"refId":"image_3","sr":1,"ks":{"o":{"a":0,"k":100,"ix":11},"r":{"a":0,"k":0,"ix":10},"p":{"a":0,"k":[240,-566,0],"ix":2},"a":{"a":0,"k":[32,32,0],"ix":1},"s":{"a":0,"k":[100,100,100],"ix":6}},"ao":0,"ip":-10.01001001001,"op":300.3003003003,"st":0,"bm":0},{"ddd":0,"ind":33,"ty":2,"nm":"6","parent":82,"refId":"image_4","sr":1,"ks":{"o":{"a":0,"k":100,"ix":11},"r":{"a":0,"k":-180,"ix":10},"p":{"a":0,"k":[105.684,2874.105,0],"ix":2},"a":{"a":0,"k":[32,32,0],"ix":1},"s":{"a":0,"k":[131.579,131.579,100],"ix":6}},"ao":0,"ip":-10.01001001001,"op":300.3003003003,"st":0,"bm":0},{"ddd":0,"ind":34,"ty":2,"nm":"6","parent":86,"refId":"image_4","sr":1,"ks":{"o":{"a":0,"k":100,"ix":11},"r":{"a":0,"k":-180,"ix":10},"p":{"a":0,"k":[105.684,2874.105,0],"ix":2},"a":{"a":0,"k":[32,32,0],"ix":1},"s":{"a":0,"k":[131.579,131.579,100],"ix":6}},"ao":0,"ip":-10.01001001001,"op":300.3003003003,"st":0,"bm":0},{"ddd":0,"ind":35,"ty":2,"nm":"6","parent":84,"refId":"image_4","sr":1,"ks":{"o":{"a":0,"k":100,"ix":11},"r":{"a":0,"k":0,"ix":10},"p":{"a":0,"k":[708,-236,0],"ix":2},"a":{"a":0,"k":[32,32,0],"ix":1},"s":{"a":0,"k":[100,100,100],"ix":6}},"ao":0,"ip":-10.01001001001,"op":300.3003003003,"st":0,"bm":0},{"ddd":0,"ind":36,"ty":2,"nm":"6","parent":88,"refId":"image_4","sr":1,"ks":{"o":{"a":0,"k":100,"ix":11},"r":{"a":0,"k":0,"ix":10},"p":{"a":0,"k":[708,-236,0],"ix":2},"a":{"a":0,"k":[32,32,0],"ix":1},"s":{"a":0,"k":[100,100,100],"ix":6}},"ao":0,"ip":-10.01001001001,"op":300.3003003003,"st":0,"bm":0},{"ddd":0,"ind":37,"ty":2,"nm":"6","parent":81,"refId":"image_4","sr":1,"ks":{"o":{"a":0,"k":100,"ix":11},"r":{"a":0,"k":-180,"ix":10},"p":{"a":0,"k":[1024,3500,0],"ix":2},"a":{"a":0,"k":[32,32,0],"ix":1},"s":{"a":0,"k":[274,274,100],"ix":6}},"ao":0,"ip":-10.01001001001,"op":300.3003003003,"st":0,"bm":0},{"ddd":0,"ind":38,"ty":2,"nm":"6","parent":85,"refId":"image_4","sr":1,"ks":{"o":{"a":0,"k":100,"ix":11},"r":{"a":0,"k":-180,"ix":10},"p":{"a":0,"k":[1024,3500,0],"ix":2},"a":{"a":0,"k":[32,32,0],"ix":1},"s":{"a":0,"k":[274,274,100],"ix":6}},"ao":0,"ip":-10.01001001001,"op":300.3003003003,"st":0,"bm":0},{"ddd":0,"ind":39,"ty":2,"nm":"6","parent":81,"refId":"image_4","sr":1,"ks":{"o":{"a":0,"k":100,"ix":11},"r":{"a":0,"k":-180,"ix":10},"p":{"a":0,"k":[716,600,0],"ix":2},"a":{"a":0,"k":[32,32,0],"ix":1},"s":{"a":0,"k":[274,274,100],"ix":6}},"ao":0,"ip":-10.01001001001,"op":300.3003003003,"st":0,"bm":0},{"ddd":0,"ind":40,"ty":2,"nm":"6","parent":85,"refId":"image_4","sr":1,"ks":{"o":{"a":0,"k":100,"ix":11},"r":{"a":0,"k":-180,"ix":10},"p":{"a":0,"k":[716,600,0],"ix":2},"a":{"a":0,"k":[32,32,0],"ix":1},"s":{"a":0,"k":[274,274,100],"ix":6}},"ao":0,"ip":-10.01001001001,"op":300.3003003003,"st":0,"bm":0},{"ddd":0,"ind":41,"ty":2,"nm":"papa16","parent":83,"refId":"image_4","sr":1,"ks":{"o":{"a":0,"k":100,"ix":11},"r":{"a":0,"k":0,"ix":10},"p":{"a":0,"k":[238.667,-973.333,0],"ix":2},"a":{"a":0,"k":[32,32,0],"ix":1},"s":{"a":0,"k":[50.667,50.667,100],"ix":6}},"ao":0,"ip":-10.01001001001,"op":300.3003003003,"st":0,"bm":0},{"ddd":0,"ind":42,"ty":2,"nm":"papa8","parent":87,"refId":"image_4","sr":1,"ks":{"o":{"a":0,"k":100,"ix":11},"r":{"a":0,"k":0,"ix":10},"p":{"a":0,"k":[238.667,-973.333,0],"ix":2},"a":{"a":0,"k":[32,32,0],"ix":1},"s":{"a":0,"k":[50.667,50.667,100],"ix":6}},"ao":0,"ip":-10.01001001001,"op":300.3003003003,"st":0,"bm":0},{"ddd":0,"ind":43,"ty":2,"nm":"5","parent":82,"refId":"image_5","sr":1,"ks":{"o":{"a":0,"k":100,"ix":11},"r":{"a":0,"k":-180,"ix":10},"p":{"a":0,"k":[371.474,-352.211,0],"ix":2},"a":{"a":0,"k":[32,32,0],"ix":1},"s":{"a":0,"k":[71.053,71.053,100],"ix":6}},"ao":0,"ip":-10.01001001001,"op":300.3003003003,"st":0,"bm":0},{"ddd":0,"ind":44,"ty":2,"nm":"5","parent":86,"refId":"image_5","sr":1,"ks":{"o":{"a":0,"k":100,"ix":11},"r":{"a":0,"k":-180,"ix":10},"p":{"a":0,"k":[371.474,-352.211,0],"ix":2},"a":{"a":0,"k":[32,32,0],"ix":1},"s":{"a":0,"k":[71.053,71.053,100],"ix":6}},"ao":0,"ip":-10.01001001001,"op":300.3003003003,"st":0,"bm":0},{"ddd":0,"ind":45,"ty":2,"nm":"5","parent":84,"refId":"image_5","sr":1,"ks":{"o":{"a":0,"k":100,"ix":11},"r":{"a":0,"k":0,"ix":10},"p":{"a":0,"k":[284,-1136,0],"ix":2},"a":{"a":0,"k":[32,32,0],"ix":1},"s":{"a":0,"k":[54,54,100],"ix":6}},"ao":0,"ip":-10.01001001001,"op":300.3003003003,"st":0,"bm":0},{"ddd":0,"ind":46,"ty":2,"nm":"5","parent":88,"refId":"image_5","sr":1,"ks":{"o":{"a":0,"k":100,"ix":11},"r":{"a":0,"k":0,"ix":10},"p":{"a":0,"k":[284,-1136,0],"ix":2},"a":{"a":0,"k":[32,32,0],"ix":1},"s":{"a":0,"k":[54,54,100],"ix":6}},"ao":0,"ip":-10.01001001001,"op":300.3003003003,"st":0,"bm":0},{"ddd":0,"ind":47,"ty":2,"nm":"5","parent":83,"refId":"image_5","sr":1,"ks":{"o":{"a":0,"k":100,"ix":11},"r":{"a":0,"k":0,"ix":10},"p":{"a":0,"k":[30.667,-842.667,0],"ix":2},"a":{"a":0,"k":[32,32,0],"ix":1},"s":{"a":0,"k":[83.333,83.333,100],"ix":6}},"ao":0,"ip":-10.01001001001,"op":300.3003003003,"st":0,"bm":0},{"ddd":0,"ind":48,"ty":2,"nm":"5","parent":87,"refId":"image_5","sr":1,"ks":{"o":{"a":0,"k":100,"ix":11},"r":{"a":0,"k":0,"ix":10},"p":{"a":0,"k":[30.667,-842.667,0],"ix":2},"a":{"a":0,"k":[32,32,0],"ix":1},"s":{"a":0,"k":[83.333,83.333,100],"ix":6}},"ao":0,"ip":-10.01001001001,"op":300.3003003003,"st":0,"bm":0},{"ddd":0,"ind":49,"ty":2,"nm":"5","parent":81,"refId":"image_5","sr":1,"ks":{"o":{"a":0,"k":100,"ix":11},"r":{"a":0,"k":-180,"ix":10},"p":{"a":0,"k":[760,2996,0],"ix":2},"a":{"a":0,"k":[32,32,0],"ix":1},"s":{"a":0,"k":[200,200,100],"ix":6}},"ao":0,"ip":-10.01001001001,"op":300.3003003003,"st":0,"bm":0},{"ddd":0,"ind":50,"ty":2,"nm":"5","parent":85,"refId":"image_5","sr":1,"ks":{"o":{"a":0,"k":100,"ix":11},"r":{"a":0,"k":-180,"ix":10},"p":{"a":0,"k":[760,2996,0],"ix":2},"a":{"a":0,"k":[32,32,0],"ix":1},"s":{"a":0,"k":[200,200,100],"ix":6}},"ao":0,"ip":-10.01001001001,"op":300.3003003003,"st":0,"bm":0},{"ddd":0,"ind":51,"ty":2,"nm":"4","parent":84,"refId":"image_6","sr":1,"ks":{"o":{"a":0,"k":100,"ix":11},"r":{"a":0,"k":0,"ix":10},"p":{"a":0,"k":[542,-2300,0],"ix":2},"a":{"a":0,"k":[32,32,0],"ix":1},"s":{"a":0,"k":[150,150,100],"ix":6}},"ao":0,"ip":-10.01001001001,"op":300.3003003003,"st":0,"bm":0},{"ddd":0,"ind":52,"ty":2,"nm":"4","parent":88,"refId":"image_6","sr":1,"ks":{"o":{"a":0,"k":100,"ix":11},"r":{"a":0,"k":0,"ix":10},"p":{"a":0,"k":[542,-2300,0],"ix":2},"a":{"a":0,"k":[32,32,0],"ix":1},"s":{"a":0,"k":[150,150,100],"ix":6}},"ao":0,"ip":-10.01001001001,"op":300.3003003003,"st":0,"bm":0},{"ddd":0,"ind":53,"ty":2,"nm":"4","parent":81,"refId":"image_6","sr":1,"ks":{"o":{"a":0,"k":100,"ix":11},"r":{"a":0,"k":0,"ix":10},"p":{"a":0,"k":[-132,580,0],"ix":2},"a":{"a":0,"k":[32,32,0],"ix":1},"s":{"a":0,"k":[300,300,100],"ix":6}},"ao":0,"ip":-10.01001001001,"op":300.3003003003,"st":0,"bm":0},{"ddd":0,"ind":54,"ty":2,"nm":"4","parent":85,"refId":"image_6","sr":1,"ks":{"o":{"a":0,"k":100,"ix":11},"r":{"a":0,"k":0,"ix":10},"p":{"a":0,"k":[-132,580,0],"ix":2},"a":{"a":0,"k":[32,32,0],"ix":1},"s":{"a":0,"k":[300,300,100],"ix":6}},"ao":0,"ip":-10.01001001001,"op":300.3003003003,"st":0,"bm":0},{"ddd":0,"ind":55,"ty":2,"nm":"4","parent":82,"refId":"image_6","sr":1,"ks":{"o":{"a":0,"k":100,"ix":11},"r":{"a":0,"k":-180,"ix":10},"p":{"a":0,"k":[-65.368,1784.632,0],"ix":2},"a":{"a":0,"k":[32,32,0],"ix":1},"s":{"a":0,"k":[65.789,65.789,100],"ix":6}},"ao":0,"ip":-10.01001001001,"op":300.3003003003,"st":0,"bm":0},{"ddd":0,"ind":56,"ty":2,"nm":"4","parent":86,"refId":"image_6","sr":1,"ks":{"o":{"a":0,"k":100,"ix":11},"r":{"a":0,"k":-180,"ix":10},"p":{"a":0,"k":[-65.368,1784.632,0],"ix":2},"a":{"a":0,"k":[32,32,0],"ix":1},"s":{"a":0,"k":[65.789,65.789,100],"ix":6}},"ao":0,"ip":-10.01001001001,"op":300.3003003003,"st":0,"bm":0},{"ddd":0,"ind":57,"ty":2,"nm":"4","parent":83,"refId":"image_6","sr":1,"ks":{"o":{"a":0,"k":100,"ix":11},"r":{"a":0,"k":0,"ix":10},"p":{"a":0,"k":[-172,-1521.333,0],"ix":2},"a":{"a":0,"k":[32,32,0],"ix":1},"s":{"a":0,"k":[66.667,66.667,100],"ix":6}},"ao":0,"ip":-10.01001001001,"op":300.3003003003,"st":0,"bm":0},{"ddd":0,"ind":58,"ty":2,"nm":"4","parent":87,"refId":"image_6","sr":1,"ks":{"o":{"a":0,"k":100,"ix":11},"r":{"a":0,"k":0,"ix":10},"p":{"a":0,"k":[-172,-1521.333,0],"ix":2},"a":{"a":0,"k":[32,32,0],"ix":1},"s":{"a":0,"k":[66.667,66.667,100],"ix":6}},"ao":0,"ip":-10.01001001001,"op":300.3003003003,"st":0,"bm":0},{"ddd":0,"ind":59,"ty":2,"nm":"4","parent":83,"refId":"image_6","sr":1,"ks":{"o":{"a":0,"k":100,"ix":11},"r":{"a":0,"k":0,"ix":10},"p":{"a":0,"k":[-172,-410.667,0],"ix":2},"a":{"a":0,"k":[32,32,0],"ix":1},"s":{"a":0,"k":[66.667,66.667,100],"ix":6}},"ao":0,"ip":-10.01001001001,"op":300.3003003003,"st":0,"bm":0},{"ddd":0,"ind":60,"ty":2,"nm":"4","parent":87,"refId":"image_6","sr":1,"ks":{"o":{"a":0,"k":100,"ix":11},"r":{"a":0,"k":0,"ix":10},"p":{"a":0,"k":[-172,-410.667,0],"ix":2},"a":{"a":0,"k":[32,32,0],"ix":1},"s":{"a":0,"k":[66.667,66.667,100],"ix":6}},"ao":0,"ip":-10.01001001001,"op":300.3003003003,"st":0,"bm":0},{"ddd":0,"ind":61,"ty":2,"nm":"3","parent":81,"refId":"image_7","sr":1,"ks":{"o":{"a":0,"k":100,"ix":11},"r":{"a":0,"k":-180,"ix":10},"p":{"a":0,"k":[-796,3500,0],"ix":2},"a":{"a":0,"k":[32,32,0],"ix":1},"s":{"a":0,"k":[300,300,100],"ix":6}},"ao":0,"ip":-10.01001001001,"op":300.3003003003,"st":0,"bm":0},{"ddd":0,"ind":62,"ty":2,"nm":"3","parent":85,"refId":"image_7","sr":1,"ks":{"o":{"a":0,"k":100,"ix":11},"r":{"a":0,"k":-180,"ix":10},"p":{"a":0,"k":[-796,3500,0],"ix":2},"a":{"a":0,"k":[32,32,0],"ix":1},"s":{"a":0,"k":[300,300,100],"ix":6}},"ao":0,"ip":-10.01001001001,"op":300.3003003003,"st":0,"bm":0},{"ddd":0,"ind":63,"ty":2,"nm":"3","parent":82,"refId":"image_7","sr":1,"ks":{"o":{"a":0,"k":100,"ix":11},"r":{"a":0,"k":-180,"ix":10},"p":{"a":0,"k":[-44.316,732,0],"ix":2},"a":{"a":0,"k":[32,32,0],"ix":1},"s":{"a":0,"k":[197.368,197.368,100],"ix":6}},"ao":0,"ip":-10.01001001001,"op":300.3003003003,"st":0,"bm":0},{"ddd":0,"ind":64,"ty":2,"nm":"3","parent":86,"refId":"image_7","sr":1,"ks":{"o":{"a":0,"k":100,"ix":11},"r":{"a":0,"k":-180,"ix":10},"p":{"a":0,"k":[-44.316,732,0],"ix":2},"a":{"a":0,"k":[32,32,0],"ix":1},"s":{"a":0,"k":[197.368,197.368,100],"ix":6}},"ao":0,"ip":-10.01001001001,"op":300.3003003003,"st":0,"bm":0},{"ddd":0,"ind":65,"ty":2,"nm":"papa15","parent":83,"refId":"image_7","sr":1,"ks":{"o":{"a":0,"k":100,"ix":11},"r":{"a":0,"k":0,"ix":10},"p":{"a":0,"k":[81.333,-1372,0],"ix":2},"a":{"a":0,"k":[32,32,0],"ix":1},"s":{"a":0,"k":[33.333,33.333,100],"ix":6}},"ao":0,"ip":-10.01001001001,"op":300.3003003003,"st":0,"bm":0},{"ddd":0,"ind":66,"ty":2,"nm":"papa7","parent":87,"refId":"image_7","sr":1,"ks":{"o":{"a":0,"k":100,"ix":11},"r":{"a":0,"k":0,"ix":10},"p":{"a":0,"k":[81.333,-1372,0],"ix":2},"a":{"a":0,"k":[32,32,0],"ix":1},"s":{"a":0,"k":[33.333,33.333,100],"ix":6}},"ao":0,"ip":-10.01001001001,"op":300.3003003003,"st":0,"bm":0},{"ddd":0,"ind":67,"ty":2,"nm":"papa14","parent":83,"refId":"image_7","sr":1,"ks":{"o":{"a":0,"k":100,"ix":11},"r":{"a":0,"k":0,"ix":10},"p":{"a":0,"k":[-178,-1308,0],"ix":2},"a":{"a":0,"k":[32,32,0],"ix":1},"s":{"a":0,"k":[66.667,66.667,100],"ix":6}},"ao":0,"ip":-10.01001001001,"op":300.3003003003,"st":0,"bm":0},{"ddd":0,"ind":68,"ty":2,"nm":"papa6","parent":87,"refId":"image_7","sr":1,"ks":{"o":{"a":0,"k":100,"ix":11},"r":{"a":0,"k":0,"ix":10},"p":{"a":0,"k":[-178,-1308,0],"ix":2},"a":{"a":0,"k":[32,32,0],"ix":1},"s":{"a":0,"k":[66.667,66.667,100],"ix":6}},"ao":0,"ip":-10.01001001001,"op":300.3003003003,"st":0,"bm":0},{"ddd":0,"ind":69,"ty":2,"nm":"papa13","parent":82,"refId":"image_8","sr":1,"ks":{"o":{"a":0,"k":100,"ix":11},"r":{"a":0,"k":-180,"ix":10},"p":{"a":0,"k":[597.789,2521.474,0],"ix":2},"a":{"a":0,"k":[32,32,0],"ix":1},"s":{"a":0,"k":[197.368,197.368,100],"ix":6}},"ao":0,"ip":-10.01001001001,"op":300.3003003003,"st":0,"bm":0},{"ddd":0,"ind":70,"ty":2,"nm":"papa5","parent":86,"refId":"image_8","sr":1,"ks":{"o":{"a":0,"k":100,"ix":11},"r":{"a":0,"k":-180,"ix":10},"p":{"a":0,"k":[597.789,2521.474,0],"ix":2},"a":{"a":0,"k":[32,32,0],"ix":1},"s":{"a":0,"k":[197.368,197.368,100],"ix":6}},"ao":0,"ip":-10.01001001001,"op":300.3003003003,"st":0,"bm":0},{"ddd":0,"ind":71,"ty":2,"nm":"2","parent":84,"refId":"image_8","sr":1,"ks":{"o":{"a":0,"k":100,"ix":11},"r":{"a":0,"k":0,"ix":10},"p":{"a":0,"k":[406,-1476,0],"ix":2},"a":{"a":0,"k":[32,32,0],"ix":1},"s":{"a":0,"k":[100,100,100],"ix":6}},"ao":0,"ip":-10.01001001001,"op":300.3003003003,"st":0,"bm":0},{"ddd":0,"ind":72,"ty":2,"nm":"2","parent":88,"refId":"image_8","sr":1,"ks":{"o":{"a":0,"k":100,"ix":11},"r":{"a":0,"k":0,"ix":10},"p":{"a":0,"k":[406,-1476,0],"ix":2},"a":{"a":0,"k":[32,32,0],"ix":1},"s":{"a":0,"k":[100,100,100],"ix":6}},"ao":0,"ip":-10.01001001001,"op":300.3003003003,"st":0,"bm":0},{"ddd":0,"ind":73,"ty":2,"nm":"2","parent":81,"refId":"image_8","sr":1,"ks":{"o":{"a":0,"k":100,"ix":11},"r":{"a":0,"k":-180,"ix":10},"p":{"a":0,"k":[-184,1684,0],"ix":2},"a":{"a":0,"k":[32,32,0],"ix":1},"s":{"a":0,"k":[100,100,100],"ix":6}},"ao":0,"ip":-10.01001001001,"op":300.3003003003,"st":0,"bm":0},{"ddd":0,"ind":74,"ty":2,"nm":"2","parent":85,"refId":"image_8","sr":1,"ks":{"o":{"a":0,"k":100,"ix":11},"r":{"a":0,"k":-180,"ix":10},"p":{"a":0,"k":[-184,1684,0],"ix":2},"a":{"a":0,"k":[32,32,0],"ix":1},"s":{"a":0,"k":[100,100,100],"ix":6}},"ao":0,"ip":-10.01001001001,"op":300.3003003003,"st":0,"bm":0},{"ddd":0,"ind":75,"ty":2,"nm":"1","parent":84,"refId":"image_9","sr":1,"ks":{"o":{"a":0,"k":100,"ix":11},"r":{"a":0,"k":0,"ix":10},"p":{"a":0,"k":[60,-1196,0],"ix":2},"a":{"a":0,"k":[32,32,0],"ix":1},"s":{"a":0,"k":[75,75,100],"ix":6}},"ao":0,"ip":-10.01001001001,"op":300.3003003003,"st":0,"bm":0},{"ddd":0,"ind":76,"ty":2,"nm":"1","parent":88,"refId":"image_9","sr":1,"ks":{"o":{"a":0,"k":100,"ix":11},"r":{"a":0,"k":0,"ix":10},"p":{"a":0,"k":[60,-1196,0],"ix":2},"a":{"a":0,"k":[32,32,0],"ix":1},"s":{"a":0,"k":[75,75,100],"ix":6}},"ao":0,"ip":-10.01001001001,"op":300.3003003003,"st":0,"bm":0},{"ddd":0,"ind":77,"ty":2,"nm":"1","parent":82,"refId":"image_9","sr":1,"ks":{"o":{"a":0,"k":100,"ix":11},"r":{"a":0,"k":-180,"ix":10},"p":{"a":0,"k":[421.474,813.579,0],"ix":2},"a":{"a":0,"k":[32,32,0],"ix":1},"s":{"a":0,"k":[197.368,197.368,100],"ix":6}},"ao":0,"ip":-10.01001001001,"op":300.3003003003,"st":0,"bm":0},{"ddd":0,"ind":78,"ty":2,"nm":"1","parent":86,"refId":"image_9","sr":1,"ks":{"o":{"a":0,"k":100,"ix":11},"r":{"a":0,"k":-180,"ix":10},"p":{"a":0,"k":[421.474,813.579,0],"ix":2},"a":{"a":0,"k":[32,32,0],"ix":1},"s":{"a":0,"k":[197.368,197.368,100],"ix":6}},"ao":0,"ip":-10.01001001001,"op":300.3003003003,"st":0,"bm":0},{"ddd":0,"ind":79,"ty":2,"nm":"1","parent":82,"refId":"image_9","sr":1,"ks":{"o":{"a":0,"k":100,"ix":11},"r":{"a":0,"k":-180,"ix":10},"p":{"a":0,"k":[921.474,1424.105,0],"ix":2},"a":{"a":0,"k":[32,32,0],"ix":1},"s":{"a":0,"k":[131.579,131.579,100],"ix":6}},"ao":0,"ip":-10.01001001001,"op":300.3003003003,"st":0,"bm":0},{"ddd":0,"ind":80,"ty":2,"nm":"1","parent":86,"refId":"image_9","sr":1,"ks":{"o":{"a":0,"k":100,"ix":11},"r":{"a":0,"k":-180,"ix":10},"p":{"a":0,"k":[921.474,1424.105,0],"ix":2},"a":{"a":0,"k":[32,32,0],"ix":1},"s":{"a":0,"k":[131.579,131.579,100],"ix":6}},"ao":0,"ip":-10.01001001001,"op":300.3003003003,"st":0,"bm":0},{"ddd":0,"ind":81,"ty":2,"nm":"papa12","refId":"image_7","sr":1,"ks":{"o":{"a":0,"k":100,"ix":11},"r":{"a":0,"k":900,"ix":10},"p":{"a":1,"k":[{"i":{"x":0.833,"y":1},"o":{"x":0.167,"y":0},"t":0,"s":[532,1933,0],"to":[0,165.571,0],"ti":[0,-388.565,0]},{"i":{"x":0.833,"y":0.981},"o":{"x":0.167,"y":0.019},"t":91.091,"s":[431,2570.697,0],"to":[0,202.457,0],"ti":[-7.707,-215.514,0]},{"i":{"x":0.833,"y":1},"o":{"x":0.167,"y":0},"t":156.156,"s":[501.977,3205.786,0],"to":[6.562,183.493,0],"ti":[-0.55,-171.129,0]},{"i":{"x":0.833,"y":0.972},"o":{"x":0.167,"y":0.028},"t":211.211,"s":[441.744,3742.738,0],"to":[1.208,375.978,0],"ti":[0,-161.375,0]},{"t":299.299299299299,"s":[532,4273,0]}],"ix":2},"a":{"a":0,"k":[32,32,0],"ix":1},"s":{"a":0,"k":[50,50,100],"ix":6}},"ao":0,"ip":-6.00600600600601,"op":300.3003003003,"st":0,"bm":0},{"ddd":0,"ind":82,"ty":2,"nm":"papa11","refId":"image_4","sr":1,"ks":{"o":{"a":0,"k":100,"ix":11},"r":{"a":0,"k":1260,"ix":10},"p":{"a":1,"k":[{"i":{"x":0.833,"y":1},"o":{"x":0.167,"y":0},"t":0,"s":[860,2083,0],"to":[0,293.943,0],"ti":[0,-732.882,0]},{"i":{"x":0.833,"y":0.959},"o":{"x":0.167,"y":0.041},"t":162.162,"s":[696,3791.201,0],"to":[0,640.914,0],"ti":[0,-257.057,0]},{"t":299.299299299299,"s":[860,4423,0]}],"ix":2},"a":{"a":0,"k":[32,32,0],"ix":1},"s":{"a":0,"k":[76,76,100],"ix":6}},"ao":0,"ip":-15.015015015015,"op":300.3003003003,"st":0,"bm":0},{"ddd":0,"ind":83,"ty":2,"nm":"papa10","refId":"image_8","sr":1,"ks":{"o":{"a":0,"k":100,"ix":11},"r":{"a":0,"k":720,"ix":10},"p":{"a":1,"k":[{"i":{"x":0.833,"y":1},"o":{"x":0.167,"y":0},"t":0,"s":[384,2040,0],"to":[0,136.492,0],"ti":[0,-303.252,0]},{"i":{"x":0.833,"y":0.987},"o":{"x":0.167,"y":0.013},"t":72.072,"s":[319,2395.795,0],"to":[0,349.05,0],"ti":[-25.241,-380.875,0]},{"i":{"x":0.833,"y":1},"o":{"x":0.167,"y":0},"t":191.191,"s":[408.527,3541.278,0],"to":[29.868,450.691,0],"ti":[0,-185.903,0]},{"t":299.299299299299,"s":[384,4380,0]}],"ix":2},"a":{"a":0,"k":[32,32,0],"ix":1},"s":{"a":0,"k":[150,150,100],"ix":6}},"ao":0,"ip":-17.017017017017,"op":300.3003003003,"st":0,"bm":0},{"ddd":0,"ind":84,"ty":2,"nm":"papa9","refId":"image_7","sr":1,"ks":{"o":{"a":0,"k":100,"ix":11},"r":{"a":0,"k":0,"ix":10},"p":{"a":1,"k":[{"i":{"x":0.833,"y":0.963},"o":{"x":0.167,"y":0.037},"t":0,"s":[128,2093,0],"to":[0,128.162,0],"ti":[0,-282.715,0]},{"i":{"x":0.833,"y":1},"o":{"x":0.167,"y":0},"t":70.07,"s":[242,2594.162,0],"to":[0,389.786,0],"ti":[30.224,-413.67,0]},{"i":{"x":0.833,"y":0.984},"o":{"x":0.167,"y":0.016},"t":209.209,"s":[75.452,3877.565,0],"to":[-26.536,363.193,0],"ti":[0,-155.138,0]},{"t":299.299299299299,"s":[128,4433,0]}],"ix":2},"a":{"a":0,"k":[32,32,0],"ix":1},"s":{"a":0,"k":[100,100,100],"ix":6}},"ao":0,"ip":-15.015015015015,"op":300.3003003003,"st":0,"bm":0},{"ddd":0,"ind":85,"ty":2,"nm":"papa4","refId":"image_7","sr":1,"ks":{"o":{"a":0,"k":100,"ix":11},"r":{"a":0,"k":900,"ix":10},"p":{"a":1,"k":[{"i":{"x":0.833,"y":1},"o":{"x":0.167,"y":0},"t":0,"s":[532,-407,0],"to":[0,165.571,0],"ti":[0,-388.565,0]},{"i":{"x":0.833,"y":0.981},"o":{"x":0.167,"y":0.019},"t":91.091,"s":[431,230.697,0],"to":[0,202.457,0],"ti":[-7.707,-215.514,0]},{"i":{"x":0.833,"y":1},"o":{"x":0.167,"y":0},"t":156.156,"s":[501.977,865.786,0],"to":[6.562,183.493,0],"ti":[-0.55,-171.129,0]},{"i":{"x":0.833,"y":0.972},"o":{"x":0.167,"y":0.028},"t":211.211,"s":[441.744,1402.738,0],"to":[1.208,375.978,0],"ti":[0,-161.375,0]},{"t":299.299299299299,"s":[532,1933,0]}],"ix":2},"a":{"a":0,"k":[32,32,0],"ix":1},"s":{"a":0,"k":[50,50,100],"ix":6}},"ao":0,"ip":-6.00600600600601,"op":300.3003003003,"st":0,"bm":0},{"ddd":0,"ind":86,"ty":2,"nm":"papa3","refId":"image_4","sr":1,"ks":{"o":{"a":0,"k":100,"ix":11},"r":{"a":0,"k":1260,"ix":10},"p":{"a":1,"k":[{"i":{"x":0.833,"y":1},"o":{"x":0.167,"y":0},"t":0,"s":[860,-257,0],"to":[0,293.943,0],"ti":[0,-732.882,0]},{"i":{"x":0.833,"y":0.959},"o":{"x":0.167,"y":0.041},"t":162.162,"s":[696,1451.201,0],"to":[0,640.914,0],"ti":[0,-257.057,0]},{"t":299.299299299299,"s":[860,2083,0]}],"ix":2},"a":{"a":0,"k":[32,32,0],"ix":1},"s":{"a":0,"k":[76,76,100],"ix":6}},"ao":0,"ip":-15.015015015015,"op":300.3003003003,"st":0,"bm":0},{"ddd":0,"ind":87,"ty":2,"nm":"papa2","refId":"image_8","sr":1,"ks":{"o":{"a":0,"k":100,"ix":11},"r":{"a":0,"k":720,"ix":10},"p":{"a":1,"k":[{"i":{"x":0.833,"y":1},"o":{"x":0.167,"y":0},"t":0,"s":[384,-300,0],"to":[0,136.492,0],"ti":[0,-303.252,0]},{"i":{"x":0.833,"y":0.987},"o":{"x":0.167,"y":0.013},"t":72.072,"s":[319,55.795,0],"to":[0,349.05,0],"ti":[-25.241,-380.875,0]},{"i":{"x":0.833,"y":1},"o":{"x":0.167,"y":0},"t":191.191,"s":[408.527,1201.278,0],"to":[29.868,450.691,0],"ti":[0,-185.903,0]},{"t":299.299299299299,"s":[384,2040,0]}],"ix":2},"a":{"a":0,"k":[32,32,0],"ix":1},"s":{"a":0,"k":[150,150,100],"ix":6}},"ao":0,"ip":-17.017017017017,"op":300.3003003003,"st":0,"bm":0},{"ddd":0,"ind":88,"ty":2,"nm":"papa1","refId":"image_7","sr":1,"ks":{"o":{"a":0,"k":100,"ix":11},"r":{"a":0,"k":0,"ix":10},"p":{"a":1,"k":[{"i":{"x":0.833,"y":0.963},"o":{"x":0.167,"y":0.037},"t":0,"s":[128,-247,0],"to":[0,128.162,0],"ti":[0,-282.715,0]},{"i":{"x":0.833,"y":1},"o":{"x":0.167,"y":0},"t":70.07,"s":[242,254.162,0],"to":[0,389.786,0],"ti":[30.224,-413.67,0]},{"i":{"x":0.833,"y":0.984},"o":{"x":0.167,"y":0.016},"t":209.209,"s":[75.452,1537.565,0],"to":[-26.536,363.193,0],"ti":[0,-155.138,0]},{"t":299.299299299299,"s":[128,2093,0]}],"ix":2},"a":{"a":0,"k":[32,32,0],"ix":1},"s":{"a":0,"k":[100,100,100],"ix":6}},"ao":0,"ip":-15.015015015015,"op":300.3003003003,"st":0,"bm":0}]},{"id":"comp_1","layers":[{"ddd":0,"ind":1,"ty":3,"nm":"Null 5","sr":1,"ks":{"o":{"a":0,"k":0,"ix":11},"r":{"a":0,"k":0,"ix":10},"p":{"a":0,"k":[540,540,0],"ix":2},"a":{"a":0,"k":[0,0,0],"ix":1},"s":{"a":0,"k":[82,82,100],"ix":6}},"ao":0,"ip":0,"op":568.568568568569,"st":0,"bm":0},{"ddd":0,"ind":2,"ty":4,"nm":"starterfire 6","parent":1,"sr":1,"ks":{"o":{"a":0,"k":100,"ix":11},"r":{"a":0,"k":405399.844,"ix":10},"p":{"a":0,"k":[-230,-170,0],"ix":2},"a":{"a":0,"k":[-4,-60,0],"ix":1},"s":{"a":0,"k":[100,100,100],"ix":6}},"ao":0,"shapes":[{"ty":"gr","it":[{"ind":0,"ty":"sh","ix":1,"ks":{"a":0,"k":{"i":[[0,0],[0,0]],"o":[[0,0],[0,0]],"v":[[-6,-64],[282,772]],"c":false},"ix":2},"nm":"路径 1","mn":"ADBE Vector Shape - Group","hd":false},{"ty":"tm","s":{"a":1,"k":[{"i":{"x":[0.833],"y":[0.833]},"o":{"x":[0.167],"y":[0.167]},"t":128.128,"s":[72]},{"t":138.138138138138,"s":[0]}],"ix":1},"e":{"a":1,"k":[{"i":{"x":[0.833],"y":[0.833]},"o":{"x":[0.167],"y":[0.167]},"t":128.128,"s":[100]},{"i":{"x":[0.833],"y":[0.833]},"o":{"x":[0.167],"y":[0.167]},"t":138.138,"s":[12]},{"t":139.139139139139,"s":[0]}],"ix":2},"o":{"a":0,"k":0,"ix":3},"m":1,"ix":2,"nm":"Trim Paths 1","mn":"ADBE Vector Filter - Trim","hd":false},{"ty":"st","c":{"a":0,"k":[0.988235354424,0.572549045086,0.031372550875,1],"ix":3},"o":{"a":0,"k":100,"ix":4},"w":{"a":0,"k":14,"ix":5},"lc":1,"lj":1,"ml":4,"bm":0,"nm":"Stroke 1","mn":"ADBE Vector Graphic - Stroke","hd":false},{"ty":"tr","p":{"a":0,"k":[0,0],"ix":2},"a":{"a":0,"k":[0,0],"ix":1},"s":{"a":0,"k":[100,100],"ix":3},"r":{"a":0,"k":0,"ix":6},"o":{"a":0,"k":100,"ix":7},"sk":{"a":0,"k":0,"ix":4},"sa":{"a":0,"k":0,"ix":5},"nm":"变换"}],"nm":"Shape 1","np":3,"cix":2,"bm":0,"ix":1,"mn":"ADBE Vector Group","hd":false}],"ip":128.128128128128,"op":691.691691691692,"st":123.123123123123,"bm":0},{"ddd":0,"ind":3,"ty":4,"nm":"starterfire 5","parent":1,"sr":1,"ks":{"o":{"a":0,"k":100,"ix":11},"r":{"a":0,"k":261009.656,"ix":10},"p":{"a":0,"k":[26,-232,0],"ix":2},"a":{"a":0,"k":[-4,-60,0],"ix":1},"s":{"a":0,"k":[100,100,100],"ix":6}},"ao":0,"shapes":[{"ty":"gr","it":[{"ind":0,"ty":"sh","ix":1,"ks":{"a":0,"k":{"i":[[0,0],[0,0]],"o":[[0,0],[0,0]],"v":[[-6,-64],[282,772]],"c":false},"ix":2},"nm":"路径 1","mn":"ADBE Vector Shape - Group","hd":false},{"ty":"tm","s":{"a":1,"k":[{"i":{"x":[0.833],"y":[0.833]},"o":{"x":[0.167],"y":[0.167]},"t":103.103,"s":[72]},{"t":113.113113113113,"s":[0]}],"ix":1},"e":{"a":1,"k":[{"i":{"x":[0.833],"y":[0.833]},"o":{"x":[0.167],"y":[0.167]},"t":103.103,"s":[100]},{"i":{"x":[0.833],"y":[0.833]},"o":{"x":[0.167],"y":[0.167]},"t":113.113,"s":[12]},{"t":114.114114114114,"s":[0]}],"ix":2},"o":{"a":0,"k":0,"ix":3},"m":1,"ix":2,"nm":"Trim Paths 1","mn":"ADBE Vector Filter - Trim","hd":false},{"ty":"st","c":{"a":0,"k":[0.266666680574,0.737254917622,0.082352943718,1],"ix":3},"o":{"a":0,"k":100,"ix":4},"w":{"a":0,"k":14,"ix":5},"lc":1,"lj":1,"ml":4,"bm":0,"nm":"Stroke 1","mn":"ADBE Vector Graphic - Stroke","hd":false},{"ty":"tr","p":{"a":0,"k":[0,0],"ix":2},"a":{"a":0,"k":[0,0],"ix":1},"s":{"a":0,"k":[100,100],"ix":3},"r":{"a":0,"k":0,"ix":6},"o":{"a":0,"k":100,"ix":7},"sk":{"a":0,"k":0,"ix":4},"sa":{"a":0,"k":0,"ix":5},"nm":"变换"}],"nm":"Shape 1","np":3,"cix":2,"bm":0,"ix":1,"mn":"ADBE Vector Group","hd":false}],"ip":103.103103103103,"op":666.666666666667,"st":98.0980980980981,"bm":0},{"ddd":0,"ind":4,"ty":4,"nm":"starterfire 4","parent":1,"sr":1,"ks":{"o":{"a":0,"k":100,"ix":11},"r":{"a":0,"k":261038.656,"ix":10},"p":{"a":0,"k":[-226,-164,0],"ix":2},"a":{"a":0,"k":[-4,-60,0],"ix":1},"s":{"a":0,"k":[100,100,100],"ix":6}},"ao":0,"shapes":[{"ty":"gr","it":[{"ind":0,"ty":"sh","ix":1,"ks":{"a":0,"k":{"i":[[0,0],[0,0]],"o":[[0,0],[0,0]],"v":[[-6,-64],[282,772]],"c":false},"ix":2},"nm":"路径 1","mn":"ADBE Vector Shape - Group","hd":false},{"ty":"tm","s":{"a":1,"k":[{"i":{"x":[0.833],"y":[0.833]},"o":{"x":[0.167],"y":[0.167]},"t":62.062,"s":[72]},{"t":72.0720720720721,"s":[0]}],"ix":1},"e":{"a":1,"k":[{"i":{"x":[0.833],"y":[0.833]},"o":{"x":[0.167],"y":[0.167]},"t":62.062,"s":[100]},{"i":{"x":[0.833],"y":[0.833]},"o":{"x":[0.167],"y":[0.167]},"t":72.072,"s":[12]},{"t":73.0730730730731,"s":[0]}],"ix":2},"o":{"a":0,"k":0,"ix":3},"m":1,"ix":2,"nm":"Trim Paths 1","mn":"ADBE Vector Filter - Trim","hd":false},{"ty":"st","c":{"a":0,"k":[0.019607843831,0.35686275363,0.690196096897,1],"ix":3},"o":{"a":0,"k":100,"ix":4},"w":{"a":0,"k":14,"ix":5},"lc":1,"lj":1,"ml":4,"bm":0,"nm":"Stroke 1","mn":"ADBE Vector Graphic - Stroke","hd":false},{"ty":"tr","p":{"a":0,"k":[0,0],"ix":2},"a":{"a":0,"k":[0,0],"ix":1},"s":{"a":0,"k":[100,100],"ix":3},"r":{"a":0,"k":0,"ix":6},"o":{"a":0,"k":100,"ix":7},"sk":{"a":0,"k":0,"ix":4},"sa":{"a":0,"k":0,"ix":5},"nm":"变换"}],"nm":"Shape 1","np":3,"cix":2,"bm":0,"ix":1,"mn":"ADBE Vector Group","hd":false}],"ip":62.0620620620621,"op":625.625625625626,"st":57.0570570570571,"bm":0},{"ddd":0,"ind":5,"ty":4,"nm":"starterfire 3","parent":1,"sr":1,"ks":{"o":{"a":0,"k":100,"ix":11},"r":{"a":0,"k":261009.656,"ix":10},"p":{"a":0,"k":[-8,-62,0],"ix":2},"a":{"a":0,"k":[-4,-60,0],"ix":1},"s":{"a":0,"k":[100,100,100],"ix":6}},"ao":0,"shapes":[{"ty":"gr","it":[{"ind":0,"ty":"sh","ix":1,"ks":{"a":0,"k":{"i":[[0,0],[0,0]],"o":[[0,0],[0,0]],"v":[[-6,-64],[282,772]],"c":false},"ix":2},"nm":"路径 1","mn":"ADBE Vector Shape - Group","hd":false},{"ty":"tm","s":{"a":1,"k":[{"i":{"x":[0.833],"y":[0.833]},"o":{"x":[0.167],"y":[0.167]},"t":32.032,"s":[72]},{"t":42.042042042042,"s":[0]}],"ix":1},"e":{"a":1,"k":[{"i":{"x":[0.833],"y":[0.833]},"o":{"x":[0.167],"y":[0.167]},"t":32.032,"s":[100]},{"i":{"x":[0.833],"y":[0.833]},"o":{"x":[0.167],"y":[0.167]},"t":42.042,"s":[12]},{"t":43.043043043043,"s":[0]}],"ix":2},"o":{"a":0,"k":0,"ix":3},"m":1,"ix":2,"nm":"Trim Paths 1","mn":"ADBE Vector Filter - Trim","hd":false},{"ty":"st","c":{"a":0,"k":[0.737254917622,0.043137256056,0.764705955982,1],"ix":3},"o":{"a":0,"k":100,"ix":4},"w":{"a":0,"k":14,"ix":5},"lc":1,"lj":1,"ml":4,"bm":0,"nm":"Stroke 1","mn":"ADBE Vector Graphic - Stroke","hd":false},{"ty":"tr","p":{"a":0,"k":[0,0],"ix":2},"a":{"a":0,"k":[0,0],"ix":1},"s":{"a":0,"k":[100,100],"ix":3},"r":{"a":0,"k":0,"ix":6},"o":{"a":0,"k":100,"ix":7},"sk":{"a":0,"k":0,"ix":4},"sa":{"a":0,"k":0,"ix":5},"nm":"变换"}],"nm":"Shape 1","np":3,"cix":2,"bm":0,"ix":1,"mn":"ADBE Vector Group","hd":false}],"ip":32.032032032032,"op":595.595595595596,"st":27.027027027027,"bm":0},{"ddd":0,"ind":6,"ty":4,"nm":"starterfire 2","parent":1,"sr":1,"ks":{"o":{"a":0,"k":100,"ix":11},"r":{"a":0,"k":204523.203,"ix":10},"p":{"a":0,"k":[198,-236,0],"ix":2},"a":{"a":0,"k":[-4,-60,0],"ix":1},"s":{"a":0,"k":[100,100,100],"ix":6}},"ao":0,"shapes":[{"ty":"gr","it":[{"ind":0,"ty":"sh","ix":1,"ks":{"a":0,"k":{"i":[[0,0],[0,0]],"o":[[0,0],[0,0]],"v":[[-6,-64],[282,772]],"c":false},"ix":2},"nm":"路径 1","mn":"ADBE Vector Shape - Group","hd":false},{"ty":"tm","s":{"a":1,"k":[{"i":{"x":[0.833],"y":[0.833]},"o":{"x":[0.167],"y":[0.167]},"t":5.005,"s":[72]},{"t":15.015015015015,"s":[0]}],"ix":1},"e":{"a":1,"k":[{"i":{"x":[0.833],"y":[0.833]},"o":{"x":[0.167],"y":[0.167]},"t":5.005,"s":[100]},{"i":{"x":[0.833],"y":[0.833]},"o":{"x":[0.167],"y":[0.167]},"t":15.015,"s":[12]},{"t":16.016016016016,"s":[0]}],"ix":2},"o":{"a":0,"k":0,"ix":3},"m":1,"ix":2,"nm":"Trim Paths 1","mn":"ADBE Vector Filter - Trim","hd":false},{"ty":"st","c":{"a":0,"k":[0.023529414088,0.458823561668,0.882353007793,1],"ix":3},"o":{"a":0,"k":100,"ix":4},"w":{"a":0,"k":14,"ix":5},"lc":1,"lj":1,"ml":4,"bm":0,"nm":"Stroke 1","mn":"ADBE Vector Graphic - Stroke","hd":false},{"ty":"tr","p":{"a":0,"k":[0,0],"ix":2},"a":{"a":0,"k":[0,0],"ix":1},"s":{"a":0,"k":[100,100],"ix":3},"r":{"a":0,"k":0,"ix":6},"o":{"a":0,"k":100,"ix":7},"sk":{"a":0,"k":0,"ix":4},"sa":{"a":0,"k":0,"ix":5},"nm":"变换"}],"nm":"Shape 1","np":3,"cix":2,"bm":0,"ix":1,"mn":"ADBE Vector Group","hd":false}],"ip":5.00500500500501,"op":568.568568568569,"st":0,"bm":0},{"ddd":0,"ind":7,"ty":4,"nm":"starterfire","parent":1,"sr":1,"ks":{"o":{"a":0,"k":100,"ix":11},"r":{"a":0,"k":0,"ix":10},"p":{"a":0,"k":[0,-54,0],"ix":2},"a":{"a":0,"k":[-4,-60,0],"ix":1},"s":{"a":0,"k":[100,100,100],"ix":6}},"ao":0,"shapes":[{"ty":"gr","it":[{"ind":0,"ty":"sh","ix":1,"ks":{"a":0,"k":{"i":[[0,0],[0,0]],"o":[[0,0],[0,0]],"v":[[-6,-64],[282,772]],"c":false},"ix":2},"nm":"路径 1","mn":"ADBE Vector Shape - Group","hd":false},{"ty":"tm","s":{"a":1,"k":[{"i":{"x":[0.833],"y":[0.833]},"o":{"x":[0.167],"y":[0.167]},"t":0,"s":[72]},{"t":3.003003003003,"s":[0]}],"ix":1},"e":{"a":1,"k":[{"i":{"x":[0.833],"y":[0.833]},"o":{"x":[0.167],"y":[0.167]},"t":0,"s":[100]},{"i":{"x":[0.833],"y":[0.833]},"o":{"x":[0.167],"y":[0.167]},"t":3.003,"s":[26]},{"t":4.004004004004,"s":[0]}],"ix":2},"o":{"a":0,"k":0,"ix":3},"m":1,"ix":2,"nm":"Trim Paths 1","mn":"ADBE Vector Filter - Trim","hd":false},{"ty":"st","c":{"a":0,"k":[0.990196049213,0.013590955175,0.045928873122,1],"ix":3},"o":{"a":0,"k":100,"ix":4},"w":{"a":0,"k":14,"ix":5},"lc":1,"lj":1,"ml":4,"bm":0,"nm":"Stroke 1","mn":"ADBE Vector Graphic - Stroke","hd":false},{"ty":"fl","c":{"a":0,"k":[0.988235354424,0,0.035294119269,1],"ix":4},"o":{"a":0,"k":100,"ix":5},"r":1,"bm":0,"nm":"Fill 1","mn":"ADBE Vector Graphic - Fill","hd":false},{"ty":"tr","p":{"a":0,"k":[0,0],"ix":2},"a":{"a":0,"k":[0,0],"ix":1},"s":{"a":0,"k":[100,100],"ix":3},"r":{"a":0,"k":0,"ix":6},"o":{"a":0,"k":100,"ix":7},"sk":{"a":0,"k":0,"ix":4},"sa":{"a":0,"k":0,"ix":5},"nm":"变换"}],"nm":"Shape 1","np":4,"cix":2,"bm":0,"ix":1,"mn":"ADBE Vector Group","hd":false}],"ip":0,"op":568.568568568569,"st":0,"bm":0},{"ddd":0,"ind":8,"ty":3,"nm":"Null 4","parent":1,"sr":1,"ks":{"o":{"a":0,"k":0,"ix":11},"r":{"a":0,"k":0,"ix":10},"p":{"a":0,"k":[256,-68,0],"ix":2},"a":{"a":0,"k":[0,0,0],"ix":1},"s":{"a":0,"k":[100,100,100],"ix":6}},"ao":0,"ip":0,"op":568.568568568569,"st":0,"bm":0},{"ddd":0,"ind":9,"ty":3,"nm":"Null 3","parent":1,"sr":1,"ks":{"o":{"a":0,"k":0,"ix":11},"r":{"a":0,"k":0,"ix":10},"p":{"a":0,"k":[31,-172,0],"ix":2},"a":{"a":0,"k":[0,0,0],"ix":1},"s":{"a":0,"k":[100,100,100],"ix":6}},"ao":0,"ip":0,"op":568.568568568569,"st":0,"bm":0},{"ddd":0,"ind":10,"ty":3,"nm":"Null 1","parent":1,"sr":1,"ks":{"o":{"a":0,"k":0,"ix":11},"r":{"a":0,"k":0,"ix":10},"p":{"a":0,"k":[204,-179,0],"ix":2},"a":{"a":0,"k":[0,0,0],"ix":1},"s":{"a":0,"k":[100,100,100],"ix":6}},"ao":0,"ip":-2.002002002002,"op":566.566566566567,"st":-2.002002002002,"bm":0},{"ddd":0,"ind":11,"ty":3,"nm":"Null 2","parent":1,"sr":1,"ks":{"o":{"a":0,"k":0,"ix":11},"r":{"a":0,"k":0,"ix":10},"p":{"a":0,"k":[-428,73,0],"ix":2},"a":{"a":0,"k":[0,0,0],"ix":1},"s":{"a":0,"k":[100,100,100],"ix":6}},"ao":0,"ip":0,"op":568.568568568569,"st":0,"bm":0},{"ddd":0,"ind":12,"ty":4,"nm":"Shape Layer 13","parent":1,"sr":1,"ks":{"o":{"a":0,"k":100,"ix":11},"r":{"a":0,"k":0,"ix":10},"p":{"a":0,"k":[31.125,-293.875,0],"ix":2},"a":{"a":0,"k":[5.125,-57.875,0],"ix":1},"s":{"a":0,"k":[100,100,100],"ix":6}},"ao":0,"shapes":[{"ty":"gr","it":[{"ty":"tr","p":{"a":0,"k":[0,200],"ix":2},"a":{"a":0,"k":[0,0],"ix":1},"s":{"a":0,"k":[100,100],"ix":3},"r":{"a":0,"k":0,"ix":6},"o":{"a":0,"k":100,"ix":7},"sk":{"a":0,"k":0,"ix":4},"sa":{"a":0,"k":0,"ix":5},"nm":"变换"}],"nm":"Group 1","np":0,"cix":2,"bm":0,"ix":1,"mn":"ADBE Vector Group","hd":false},{"ty":"gr","it":[{"ty":"rc","d":1,"s":{"a":1,"k":[{"i":{"x":[0.667,0.667],"y":[1,1]},"o":{"x":[0.167,0.167],"y":[0,0]},"t":127.127,"s":[11,4]},{"t":145.145145145145,"s":[11,70]}],"ix":2},"p":{"a":1,"k":[{"i":{"x":0.163,"y":1},"o":{"x":0.305,"y":0},"t":127.127,"s":[0,0],"to":[0,-46.833],"ti":[0,46.833]},{"t":151.151151151151,"s":[0,-281]}],"ix":3},"r":{"a":0,"k":0,"ix":4},"nm":"Rectangle Path 1","mn":"ADBE Vector Shape - Rect","hd":false},{"ty":"fl","c":{"a":0,"k":[0.266666680574,0.737254917622,0.082352943718,1],"ix":4},"o":{"a":0,"k":100,"ix":5},"r":1,"bm":0,"nm":"Fill 1","mn":"ADBE Vector Graphic - Fill","hd":false},{"ty":"tr","p":{"a":0,"k":[3,-320.75],"ix":2},"a":{"a":0,"k":[-2,-302.75],"ix":1},"s":{"a":1,"k":[{"i":{"x":[0.667,0.279],"y":[1,1.053]},"o":{"x":[0.228,0.333],"y":[0,0]},"t":144.144,"s":[100,100]},{"t":152.152152152152,"s":[100,0]}],"ix":3},"r":{"a":0,"k":0,"ix":6},"o":{"a":1,"k":[{"i":{"x":[0.595],"y":[1]},"o":{"x":[0.256],"y":[0]},"t":127.127,"s":[0]},{"i":{"x":[0.84],"y":[1]},"o":{"x":[0.253],"y":[0]},"t":128.128,"s":[100]},{"i":{"x":[0.667],"y":[1]},"o":{"x":[0.228],"y":[0.021]},"t":141.141,"s":[100]},{"t":152.152152152152,"s":[0]}],"ix":7},"sk":{"a":0,"k":0,"ix":4},"sa":{"a":0,"k":0,"ix":5},"nm":"变换"}],"nm":"Rectangle 1","np":2,"cix":2,"bm":0,"ix":2,"mn":"ADBE Vector Group","hd":false},{"ty":"rp","c":{"a":0,"k":10,"ix":1},"o":{"a":0,"k":0,"ix":2},"m":1,"ix":3,"tr":{"ty":"tr","p":{"a":0,"k":[0,0],"ix":2},"a":{"a":0,"k":[0,0],"ix":1},"s":{"a":0,"k":[100,100],"ix":3},"r":{"a":0,"k":36,"ix":4},"so":{"a":0,"k":100,"ix":5},"eo":{"a":0,"k":100,"ix":6},"nm":"变换"},"nm":"Repeater 1","mn":"ADBE Vector Filter - Repeater","hd":false}],"ip":127.127127127127,"op":695.695695695696,"st":127.127127127127,"bm":0},{"ddd":0,"ind":13,"ty":4,"nm":"Shape Layer 14","parent":1,"sr":1,"ks":{"o":{"a":0,"k":100,"ix":11},"r":{"a":0,"k":0,"ix":10},"p":{"a":0,"k":[31.125,-293.875,0],"ix":2},"a":{"a":0,"k":[5.125,-57.875,0],"ix":1},"s":{"a":0,"k":[100,100,100],"ix":6}},"ao":0,"shapes":[{"ty":"gr","it":[{"ty":"tr","p":{"a":0,"k":[0,200],"ix":2},"a":{"a":0,"k":[0,0],"ix":1},"s":{"a":0,"k":[100,100],"ix":3},"r":{"a":0,"k":0,"ix":6},"o":{"a":0,"k":100,"ix":7},"sk":{"a":0,"k":0,"ix":4},"sa":{"a":0,"k":0,"ix":5},"nm":"变换"}],"nm":"Group 1","np":0,"cix":2,"bm":0,"ix":1,"mn":"ADBE Vector Group","hd":false},{"ty":"gr","it":[{"ty":"rc","d":1,"s":{"a":1,"k":[{"i":{"x":[0.667,0.667],"y":[1,1]},"o":{"x":[0.167,0.167],"y":[0,0]},"t":115.115,"s":[7,4]},{"t":133.133133133133,"s":[11,70]}],"ix":2},"p":{"a":1,"k":[{"i":{"x":0.163,"y":1},"o":{"x":0.305,"y":0},"t":115.115,"s":[0,0],"to":[0,-18.5],"ti":[0,18.5]},{"t":139.139139139139,"s":[0,-111]}],"ix":3},"r":{"a":0,"k":0,"ix":4},"nm":"Rectangle Path 1","mn":"ADBE Vector Shape - Rect","hd":false},{"ty":"fl","c":{"a":0,"k":[0.266666680574,0.737254917622,0.082352943718,1],"ix":4},"o":{"a":0,"k":100,"ix":5},"r":1,"bm":0,"nm":"Fill 1","mn":"ADBE Vector Graphic - Fill","hd":false},{"ty":"tr","p":{"a":0,"k":[3,-320.75],"ix":2},"a":{"a":0,"k":[-2,-302.75],"ix":1},"s":{"a":1,"k":[{"i":{"x":[0.667,0.279],"y":[1,1.053]},"o":{"x":[0.228,0.333],"y":[0,0]},"t":132.132,"s":[100,100]},{"t":140.14014014014,"s":[100,0]}],"ix":3},"r":{"a":0,"k":0,"ix":6},"o":{"a":1,"k":[{"i":{"x":[0.595],"y":[1]},"o":{"x":[0.256],"y":[0]},"t":115.115,"s":[0]},{"i":{"x":[0.84],"y":[1]},"o":{"x":[0.253],"y":[0]},"t":116.116,"s":[100]},{"i":{"x":[0.667],"y":[1]},"o":{"x":[0.228],"y":[0.021]},"t":129.129,"s":[100]},{"t":140.14014014014,"s":[0]}],"ix":7},"sk":{"a":0,"k":0,"ix":4},"sa":{"a":0,"k":0,"ix":5},"nm":"变换"}],"nm":"Rectangle 1","np":2,"cix":2,"bm":0,"ix":2,"mn":"ADBE Vector Group","hd":false},{"ty":"rp","c":{"a":0,"k":15,"ix":1},"o":{"a":0,"k":0,"ix":2},"m":1,"ix":3,"tr":{"ty":"tr","p":{"a":0,"k":[0,0],"ix":2},"a":{"a":0,"k":[0,0],"ix":1},"s":{"a":0,"k":[100,100],"ix":3},"r":{"a":0,"k":24,"ix":4},"so":{"a":0,"k":100,"ix":5},"eo":{"a":0,"k":100,"ix":6},"nm":"变换"},"nm":"Repeater 1","mn":"ADBE Vector Filter - Repeater","hd":false}],"ip":115.115115115115,"op":683.683683683684,"st":115.115115115115,"bm":0},{"ddd":0,"ind":14,"ty":4,"nm":"Shape Layer 16","parent":1,"sr":1,"ks":{"o":{"a":0,"k":100,"ix":11},"r":{"a":0,"k":0,"ix":10},"p":{"a":0,"k":[-224.875,-225.875,0],"ix":2},"a":{"a":0,"k":[5.125,-57.875,0],"ix":1},"s":{"a":0,"k":[100,100,100],"ix":6}},"ao":0,"shapes":[{"ty":"gr","it":[{"ty":"tr","p":{"a":0,"k":[0,200],"ix":2},"a":{"a":0,"k":[0,0],"ix":1},"s":{"a":0,"k":[100,100],"ix":3},"r":{"a":0,"k":0,"ix":6},"o":{"a":0,"k":100,"ix":7},"sk":{"a":0,"k":0,"ix":4},"sa":{"a":0,"k":0,"ix":5},"nm":"变换"}],"nm":"Group 1","np":0,"cix":2,"bm":0,"ix":1,"mn":"ADBE Vector Group","hd":false},{"ty":"gr","it":[{"ty":"rc","d":1,"s":{"a":1,"k":[{"i":{"x":[0.667,0.667],"y":[1,1]},"o":{"x":[0.167,0.167],"y":[0,0]},"t":149.149,"s":[11,4]},{"t":167.167167167167,"s":[11,70]}],"ix":2},"p":{"a":1,"k":[{"i":{"x":0.163,"y":1},"o":{"x":0.305,"y":0},"t":149.149,"s":[0,0],"to":[0,-46.833],"ti":[0,46.833]},{"t":173.173173173173,"s":[0,-281]}],"ix":3},"r":{"a":0,"k":0,"ix":4},"nm":"Rectangle Path 1","mn":"ADBE Vector Shape - Rect","hd":false},{"ty":"fl","c":{"a":0,"k":[0.988235294819,0.571557939053,0.031003458425,1],"ix":4},"o":{"a":0,"k":100,"ix":5},"r":1,"bm":0,"nm":"Fill 1","mn":"ADBE Vector Graphic - Fill","hd":false},{"ty":"tr","p":{"a":0,"k":[3,-320.75],"ix":2},"a":{"a":0,"k":[-2,-302.75],"ix":1},"s":{"a":1,"k":[{"i":{"x":[0.667,0.279],"y":[1,1.053]},"o":{"x":[0.228,0.333],"y":[0,0]},"t":166.166,"s":[100,100]},{"t":174.174174174174,"s":[100,0]}],"ix":3},"r":{"a":0,"k":0,"ix":6},"o":{"a":1,"k":[{"i":{"x":[0.595],"y":[1]},"o":{"x":[0.256],"y":[0]},"t":149.149,"s":[0]},{"i":{"x":[0.84],"y":[1]},"o":{"x":[0.253],"y":[0]},"t":150.15,"s":[100]},{"i":{"x":[0.667],"y":[1]},"o":{"x":[0.228],"y":[0.021]},"t":163.163,"s":[100]},{"t":174.174174174174,"s":[0]}],"ix":7},"sk":{"a":0,"k":0,"ix":4},"sa":{"a":0,"k":0,"ix":5},"nm":"变换"}],"nm":"Rectangle 1","np":2,"cix":2,"bm":0,"ix":2,"mn":"ADBE Vector Group","hd":false},{"ty":"rp","c":{"a":0,"k":10,"ix":1},"o":{"a":0,"k":0,"ix":2},"m":1,"ix":3,"tr":{"ty":"tr","p":{"a":0,"k":[0,0],"ix":2},"a":{"a":0,"k":[0,0],"ix":1},"s":{"a":0,"k":[100,100],"ix":3},"r":{"a":0,"k":36,"ix":4},"so":{"a":0,"k":100,"ix":5},"eo":{"a":0,"k":100,"ix":6},"nm":"变换"},"nm":"Repeater 1","mn":"ADBE Vector Filter - Repeater","hd":false}],"ip":149.149149149149,"op":717.717717717718,"st":149.149149149149,"bm":0},{"ddd":0,"ind":15,"ty":4,"nm":"Shape Layer 15","parent":1,"sr":1,"ks":{"o":{"a":0,"k":100,"ix":11},"r":{"a":0,"k":0,"ix":10},"p":{"a":0,"k":[-224.875,-225.875,0],"ix":2},"a":{"a":0,"k":[5.125,-57.875,0],"ix":1},"s":{"a":0,"k":[100,100,100],"ix":6}},"ao":0,"shapes":[{"ty":"gr","it":[{"ty":"tr","p":{"a":0,"k":[0,200],"ix":2},"a":{"a":0,"k":[0,0],"ix":1},"s":{"a":0,"k":[100,100],"ix":3},"r":{"a":0,"k":0,"ix":6},"o":{"a":0,"k":100,"ix":7},"sk":{"a":0,"k":0,"ix":4},"sa":{"a":0,"k":0,"ix":5},"nm":"变换"}],"nm":"Group 1","np":0,"cix":2,"bm":0,"ix":1,"mn":"ADBE Vector Group","hd":false},{"ty":"gr","it":[{"ty":"rc","d":1,"s":{"a":1,"k":[{"i":{"x":[0.667,0.667],"y":[1,1]},"o":{"x":[0.167,0.167],"y":[0,0]},"t":139.139,"s":[7,4]},{"t":157.157157157157,"s":[11,70]}],"ix":2},"p":{"a":1,"k":[{"i":{"x":0.163,"y":1},"o":{"x":0.305,"y":0},"t":139.139,"s":[0,0],"to":[0,-18.5],"ti":[0,18.5]},{"t":163.163163163163,"s":[0,-111]}],"ix":3},"r":{"a":0,"k":0,"ix":4},"nm":"Rectangle Path 1","mn":"ADBE Vector Shape - Rect","hd":false},{"ty":"fl","c":{"a":0,"k":[0.988235354424,0.572549045086,0.031372550875,1],"ix":4},"o":{"a":0,"k":100,"ix":5},"r":1,"bm":0,"nm":"Fill 1","mn":"ADBE Vector Graphic - Fill","hd":false},{"ty":"tr","p":{"a":0,"k":[3,-320.75],"ix":2},"a":{"a":0,"k":[-2,-302.75],"ix":1},"s":{"a":1,"k":[{"i":{"x":[0.667,0.279],"y":[1,1.053]},"o":{"x":[0.228,0.333],"y":[0,0]},"t":156.156,"s":[100,100]},{"t":164.164164164164,"s":[100,0]}],"ix":3},"r":{"a":0,"k":0,"ix":6},"o":{"a":1,"k":[{"i":{"x":[0.595],"y":[1]},"o":{"x":[0.256],"y":[0]},"t":139.139,"s":[0]},{"i":{"x":[0.84],"y":[1]},"o":{"x":[0.253],"y":[0]},"t":140.14,"s":[100]},{"i":{"x":[0.667],"y":[1]},"o":{"x":[0.228],"y":[0.021]},"t":153.153,"s":[100]},{"t":164.164164164164,"s":[0]}],"ix":7},"sk":{"a":0,"k":0,"ix":4},"sa":{"a":0,"k":0,"ix":5},"nm":"变换"}],"nm":"Rectangle 1","np":2,"cix":2,"bm":0,"ix":2,"mn":"ADBE Vector Group","hd":false},{"ty":"rp","c":{"a":0,"k":15,"ix":1},"o":{"a":0,"k":0,"ix":2},"m":1,"ix":3,"tr":{"ty":"tr","p":{"a":0,"k":[0,0],"ix":2},"a":{"a":0,"k":[0,0],"ix":1},"s":{"a":0,"k":[100,100],"ix":3},"r":{"a":0,"k":24,"ix":4},"so":{"a":0,"k":100,"ix":5},"eo":{"a":0,"k":100,"ix":6},"nm":"变换"},"nm":"Repeater 1","mn":"ADBE Vector Filter - Repeater","hd":false}],"ip":139.139139139139,"op":707.707707707708,"st":139.139139139139,"bm":0},{"ddd":0,"ind":16,"ty":4,"nm":"Shape Layer 18","parent":1,"sr":1,"ks":{"o":{"a":0,"k":100,"ix":11},"r":{"a":0,"k":0,"ix":10},"p":{"a":0,"k":[-224.875,-225.875,0],"ix":2},"a":{"a":0,"k":[5.125,-57.875,0],"ix":1},"s":{"a":0,"k":[100,100,100],"ix":6}},"ao":0,"shapes":[{"ty":"gr","it":[{"ty":"tr","p":{"a":0,"k":[0,200],"ix":2},"a":{"a":0,"k":[0,0],"ix":1},"s":{"a":0,"k":[100,100],"ix":3},"r":{"a":0,"k":0,"ix":6},"o":{"a":0,"k":100,"ix":7},"sk":{"a":0,"k":0,"ix":4},"sa":{"a":0,"k":0,"ix":5},"nm":"变换"}],"nm":"Group 1","np":0,"cix":2,"bm":0,"ix":1,"mn":"ADBE Vector Group","hd":false},{"ty":"gr","it":[{"ty":"rc","d":1,"s":{"a":1,"k":[{"i":{"x":[0.667,0.667],"y":[1,1]},"o":{"x":[0.167,0.167],"y":[0,0]},"t":156.156,"s":[11,4]},{"t":174.174174174174,"s":[11,70]}],"ix":2},"p":{"a":1,"k":[{"i":{"x":0.163,"y":1},"o":{"x":0.305,"y":0},"t":156.156,"s":[0,0],"to":[0,-46.833],"ti":[0,46.833]},{"t":180.18018018018,"s":[0,-281]}],"ix":3},"r":{"a":0,"k":0,"ix":4},"nm":"Rectangle Path 1","mn":"ADBE Vector Shape - Rect","hd":false},{"ty":"fl","c":{"a":0,"k":[0.988235354424,0.572549045086,0.031372550875,1],"ix":4},"o":{"a":0,"k":100,"ix":5},"r":1,"bm":0,"nm":"Fill 1","mn":"ADBE Vector Graphic - Fill","hd":false},{"ty":"tr","p":{"a":0,"k":[3,-320.75],"ix":2},"a":{"a":0,"k":[-2,-302.75],"ix":1},"s":{"a":1,"k":[{"i":{"x":[0.667,0.279],"y":[1,1.053]},"o":{"x":[0.228,0.333],"y":[0,0]},"t":173.173,"s":[100,100]},{"t":181.181181181181,"s":[100,0]}],"ix":3},"r":{"a":0,"k":0,"ix":6},"o":{"a":1,"k":[{"i":{"x":[0.595],"y":[1]},"o":{"x":[0.256],"y":[0]},"t":156.156,"s":[0]},{"i":{"x":[0.84],"y":[1]},"o":{"x":[0.253],"y":[0]},"t":157.157,"s":[100]},{"i":{"x":[0.667],"y":[1]},"o":{"x":[0.228],"y":[0.021]},"t":170.17,"s":[100]},{"t":181.181181181181,"s":[0]}],"ix":7},"sk":{"a":0,"k":0,"ix":4},"sa":{"a":0,"k":0,"ix":5},"nm":"变换"}],"nm":"Rectangle 1","np":2,"cix":2,"bm":0,"ix":2,"mn":"ADBE Vector Group","hd":false},{"ty":"rp","c":{"a":0,"k":10,"ix":1},"o":{"a":0,"k":0,"ix":2},"m":1,"ix":3,"tr":{"ty":"tr","p":{"a":0,"k":[0,0],"ix":2},"a":{"a":0,"k":[0,0],"ix":1},"s":{"a":0,"k":[100,100],"ix":3},"r":{"a":0,"k":36,"ix":4},"so":{"a":0,"k":100,"ix":5},"eo":{"a":0,"k":100,"ix":6},"nm":"变换"},"nm":"Repeater 1","mn":"ADBE Vector Filter - Repeater","hd":false}],"ip":156.156156156156,"op":724.724724724725,"st":156.156156156156,"bm":0},{"ddd":0,"ind":17,"ty":4,"nm":"Shape Layer 17","parent":1,"sr":1,"ks":{"o":{"a":0,"k":100,"ix":11},"r":{"a":0,"k":0,"ix":10},"p":{"a":0,"k":[-224.875,-225.875,0],"ix":2},"a":{"a":0,"k":[5.125,-57.875,0],"ix":1},"s":{"a":0,"k":[100,100,100],"ix":6}},"ao":0,"shapes":[{"ty":"gr","it":[{"ty":"tr","p":{"a":0,"k":[0,200],"ix":2},"a":{"a":0,"k":[0,0],"ix":1},"s":{"a":0,"k":[100,100],"ix":3},"r":{"a":0,"k":0,"ix":6},"o":{"a":0,"k":100,"ix":7},"sk":{"a":0,"k":0,"ix":4},"sa":{"a":0,"k":0,"ix":5},"nm":"变换"}],"nm":"Group 1","np":0,"cix":2,"bm":0,"ix":1,"mn":"ADBE Vector Group","hd":false},{"ty":"gr","it":[{"ty":"rc","d":1,"s":{"a":1,"k":[{"i":{"x":[0.667,0.667],"y":[1,1]},"o":{"x":[0.167,0.167],"y":[0,0]},"t":144.144,"s":[7,4]},{"t":162.162162162162,"s":[11,70]}],"ix":2},"p":{"a":1,"k":[{"i":{"x":0.163,"y":1},"o":{"x":0.305,"y":0},"t":144.144,"s":[0,0],"to":[0,-46.833],"ti":[0,46.833]},{"t":168.168168168168,"s":[0,-281]}],"ix":3},"r":{"a":0,"k":0,"ix":4},"nm":"Rectangle Path 1","mn":"ADBE Vector Shape - Rect","hd":false},{"ty":"fl","c":{"a":0,"k":[0.988235354424,0.572549045086,0.031372550875,1],"ix":4},"o":{"a":0,"k":100,"ix":5},"r":1,"bm":0,"nm":"Fill 1","mn":"ADBE Vector Graphic - Fill","hd":false},{"ty":"tr","p":{"a":0,"k":[3,-320.75],"ix":2},"a":{"a":0,"k":[-2,-302.75],"ix":1},"s":{"a":1,"k":[{"i":{"x":[0.667,0.279],"y":[1,1.053]},"o":{"x":[0.228,0.333],"y":[0,0]},"t":161.161,"s":[100,100]},{"t":169.169169169169,"s":[100,0]}],"ix":3},"r":{"a":0,"k":0,"ix":6},"o":{"a":1,"k":[{"i":{"x":[0.595],"y":[1]},"o":{"x":[0.256],"y":[0]},"t":144.144,"s":[0]},{"i":{"x":[0.84],"y":[1]},"o":{"x":[0.253],"y":[0]},"t":145.145,"s":[100]},{"i":{"x":[0.667],"y":[1]},"o":{"x":[0.228],"y":[0.021]},"t":158.158,"s":[100]},{"t":169.169169169169,"s":[0]}],"ix":7},"sk":{"a":0,"k":0,"ix":4},"sa":{"a":0,"k":0,"ix":5},"nm":"变换"}],"nm":"Rectangle 1","np":2,"cix":2,"bm":0,"ix":2,"mn":"ADBE Vector Group","hd":false},{"ty":"rp","c":{"a":0,"k":15,"ix":1},"o":{"a":0,"k":0,"ix":2},"m":1,"ix":3,"tr":{"ty":"tr","p":{"a":0,"k":[0,0],"ix":2},"a":{"a":0,"k":[0,0],"ix":1},"s":{"a":0,"k":[100,100],"ix":3},"r":{"a":0,"k":24,"ix":4},"so":{"a":0,"k":100,"ix":5},"eo":{"a":0,"k":100,"ix":6},"nm":"变换"},"nm":"Repeater 1","mn":"ADBE Vector Filter - Repeater","hd":false}],"ip":144.144144144144,"op":712.712712712713,"st":144.144144144144,"bm":0},{"ddd":0,"ind":18,"ty":4,"nm":"Shape Layer 12","parent":1,"sr":1,"ks":{"o":{"a":0,"k":100,"ix":11},"r":{"a":0,"k":0,"ix":10},"p":{"a":0,"k":[-224.875,-225.875,0],"ix":2},"a":{"a":0,"k":[5.125,-57.875,0],"ix":1},"s":{"a":0,"k":[100,100,100],"ix":6}},"ao":0,"shapes":[{"ty":"gr","it":[{"ty":"tr","p":{"a":0,"k":[0,200],"ix":2},"a":{"a":0,"k":[0,0],"ix":1},"s":{"a":0,"k":[100,100],"ix":3},"r":{"a":0,"k":0,"ix":6},"o":{"a":0,"k":100,"ix":7},"sk":{"a":0,"k":0,"ix":4},"sa":{"a":0,"k":0,"ix":5},"nm":"变换"}],"nm":"Group 1","np":0,"cix":2,"bm":0,"ix":1,"mn":"ADBE Vector Group","hd":false},{"ty":"gr","it":[{"ty":"rc","d":1,"s":{"a":1,"k":[{"i":{"x":[0.667,0.667],"y":[1,1]},"o":{"x":[0.167,0.167],"y":[0,0]},"t":81.081,"s":[11,4]},{"t":99.0990990990991,"s":[11,70]}],"ix":2},"p":{"a":1,"k":[{"i":{"x":0.163,"y":1},"o":{"x":0.305,"y":0},"t":81.081,"s":[0,0],"to":[0,-46.833],"ti":[0,46.833]},{"t":105.105105105105,"s":[0,-281]}],"ix":3},"r":{"a":0,"k":0,"ix":4},"nm":"Rectangle Path 1","mn":"ADBE Vector Shape - Rect","hd":false},{"ty":"fl","c":{"a":0,"k":[0.022541355342,0.458496689796,0.884313702583,1],"ix":4},"o":{"a":0,"k":100,"ix":5},"r":1,"bm":0,"nm":"Fill 1","mn":"ADBE Vector Graphic - Fill","hd":false},{"ty":"tr","p":{"a":0,"k":[3,-320.75],"ix":2},"a":{"a":0,"k":[-2,-302.75],"ix":1},"s":{"a":1,"k":[{"i":{"x":[0.667,0.279],"y":[1,1.053]},"o":{"x":[0.228,0.333],"y":[0,0]},"t":98.098,"s":[100,100]},{"t":106.106106106106,"s":[100,0]}],"ix":3},"r":{"a":0,"k":0,"ix":6},"o":{"a":1,"k":[{"i":{"x":[0.595],"y":[1]},"o":{"x":[0.256],"y":[0]},"t":81.081,"s":[0]},{"i":{"x":[0.84],"y":[1]},"o":{"x":[0.253],"y":[0]},"t":82.082,"s":[100]},{"i":{"x":[0.667],"y":[1]},"o":{"x":[0.228],"y":[0.021]},"t":95.095,"s":[100]},{"t":106.106106106106,"s":[0]}],"ix":7},"sk":{"a":0,"k":0,"ix":4},"sa":{"a":0,"k":0,"ix":5},"nm":"变换"}],"nm":"Rectangle 1","np":2,"cix":2,"bm":0,"ix":2,"mn":"ADBE Vector Group","hd":false},{"ty":"rp","c":{"a":0,"k":10,"ix":1},"o":{"a":0,"k":0,"ix":2},"m":1,"ix":3,"tr":{"ty":"tr","p":{"a":0,"k":[0,0],"ix":2},"a":{"a":0,"k":[0,0],"ix":1},"s":{"a":0,"k":[100,100],"ix":3},"r":{"a":0,"k":36,"ix":4},"so":{"a":0,"k":100,"ix":5},"eo":{"a":0,"k":100,"ix":6},"nm":"变换"},"nm":"Repeater 1","mn":"ADBE Vector Filter - Repeater","hd":false}],"ip":81.0810810810811,"op":649.64964964965,"st":81.0810810810811,"bm":0},{"ddd":0,"ind":19,"ty":4,"nm":"Shape Layer 11","parent":1,"sr":1,"ks":{"o":{"a":0,"k":100,"ix":11},"r":{"a":0,"k":0,"ix":10},"p":{"a":0,"k":[-224.875,-225.875,0],"ix":2},"a":{"a":0,"k":[5.125,-57.875,0],"ix":1},"s":{"a":0,"k":[100,100,100],"ix":6}},"ao":0,"shapes":[{"ty":"gr","it":[{"ty":"tr","p":{"a":0,"k":[0,200],"ix":2},"a":{"a":0,"k":[0,0],"ix":1},"s":{"a":0,"k":[100,100],"ix":3},"r":{"a":0,"k":0,"ix":6},"o":{"a":0,"k":100,"ix":7},"sk":{"a":0,"k":0,"ix":4},"sa":{"a":0,"k":0,"ix":5},"nm":"变换"}],"nm":"Group 1","np":0,"cix":2,"bm":0,"ix":1,"mn":"ADBE Vector Group","hd":false},{"ty":"gr","it":[{"ty":"rc","d":1,"s":{"a":1,"k":[{"i":{"x":[0.667,0.667],"y":[1,1]},"o":{"x":[0.167,0.167],"y":[0,0]},"t":75.075,"s":[7,4]},{"t":93.0930930930931,"s":[11,70]}],"ix":2},"p":{"a":1,"k":[{"i":{"x":0.163,"y":1},"o":{"x":0.305,"y":0},"t":75.075,"s":[0,0],"to":[0,-18.5],"ti":[0,18.5]},{"t":99.0990990990991,"s":[0,-111]}],"ix":3},"r":{"a":0,"k":0,"ix":4},"nm":"Rectangle Path 1","mn":"ADBE Vector Shape - Rect","hd":false},{"ty":"fl","c":{"a":0,"k":[0.007843137719,0.133333340287,0.254901975393,1],"ix":4},"o":{"a":0,"k":100,"ix":5},"r":1,"bm":0,"nm":"Fill 1","mn":"ADBE Vector Graphic - Fill","hd":false},{"ty":"tr","p":{"a":0,"k":[3,-320.75],"ix":2},"a":{"a":0,"k":[-2,-302.75],"ix":1},"s":{"a":1,"k":[{"i":{"x":[0.667,0.279],"y":[1,1.053]},"o":{"x":[0.228,0.333],"y":[0,0]},"t":92.092,"s":[100,100]},{"t":100.1001001001,"s":[100,0]}],"ix":3},"r":{"a":0,"k":0,"ix":6},"o":{"a":1,"k":[{"i":{"x":[0.595],"y":[1]},"o":{"x":[0.256],"y":[0]},"t":75.075,"s":[0]},{"i":{"x":[0.84],"y":[1]},"o":{"x":[0.253],"y":[0]},"t":76.076,"s":[100]},{"i":{"x":[0.667],"y":[1]},"o":{"x":[0.228],"y":[0.021]},"t":89.089,"s":[100]},{"t":100.1001001001,"s":[0]}],"ix":7},"sk":{"a":0,"k":0,"ix":4},"sa":{"a":0,"k":0,"ix":5},"nm":"变换"}],"nm":"Rectangle 1","np":2,"cix":2,"bm":0,"ix":2,"mn":"ADBE Vector Group","hd":false},{"ty":"rp","c":{"a":0,"k":15,"ix":1},"o":{"a":0,"k":0,"ix":2},"m":1,"ix":3,"tr":{"ty":"tr","p":{"a":0,"k":[0,0],"ix":2},"a":{"a":0,"k":[0,0],"ix":1},"s":{"a":0,"k":[100,100],"ix":3},"r":{"a":0,"k":24,"ix":4},"so":{"a":0,"k":100,"ix":5},"eo":{"a":0,"k":100,"ix":6},"nm":"变换"},"nm":"Repeater 1","mn":"ADBE Vector Filter - Repeater","hd":false}],"ip":75.0750750750751,"op":643.643643643644,"st":75.0750750750751,"bm":0},{"ddd":0,"ind":20,"ty":4,"nm":"Shape Layer 10","parent":1,"sr":1,"ks":{"o":{"a":0,"k":100,"ix":11},"r":{"a":0,"k":0,"ix":10},"p":{"a":0,"k":[30.125,-291.875,0],"ix":2},"a":{"a":0,"k":[5.125,-57.875,0],"ix":1},"s":{"a":0,"k":[100,100,100],"ix":6}},"ao":0,"shapes":[{"ty":"gr","it":[{"ty":"tr","p":{"a":0,"k":[0,200],"ix":2},"a":{"a":0,"k":[0,0],"ix":1},"s":{"a":0,"k":[100,100],"ix":3},"r":{"a":0,"k":0,"ix":6},"o":{"a":0,"k":100,"ix":7},"sk":{"a":0,"k":0,"ix":4},"sa":{"a":0,"k":0,"ix":5},"nm":"变换"}],"nm":"Group 1","np":0,"cix":2,"bm":0,"ix":1,"mn":"ADBE Vector Group","hd":false},{"ty":"gr","it":[{"ty":"rc","d":1,"s":{"a":1,"k":[{"i":{"x":[0.667,0.667],"y":[1,1]},"o":{"x":[0.167,0.167],"y":[0,0]},"t":130.13,"s":[7,4]},{"t":148.148148148148,"s":[11,70]}],"ix":2},"p":{"a":1,"k":[{"i":{"x":0.163,"y":1},"o":{"x":0.305,"y":0},"t":130.13,"s":[0,0],"to":[0,-46.833],"ti":[0,46.833]},{"t":154.154154154154,"s":[0,-281]}],"ix":3},"r":{"a":0,"k":0,"ix":4},"nm":"Rectangle Path 1","mn":"ADBE Vector Shape - Rect","hd":false},{"ty":"fl","c":{"a":0,"k":[0.268336892128,0.737254917622,0.083844669163,1],"ix":4},"o":{"a":0,"k":100,"ix":5},"r":1,"bm":0,"nm":"Fill 1","mn":"ADBE Vector Graphic - Fill","hd":false},{"ty":"tr","p":{"a":0,"k":[3,-320.75],"ix":2},"a":{"a":0,"k":[-2,-302.75],"ix":1},"s":{"a":1,"k":[{"i":{"x":[0.667,0.279],"y":[1,1.053]},"o":{"x":[0.228,0.333],"y":[0,0]},"t":147.147,"s":[100,100]},{"t":155.155155155155,"s":[100,0]}],"ix":3},"r":{"a":0,"k":0,"ix":6},"o":{"a":1,"k":[{"i":{"x":[0.595],"y":[1]},"o":{"x":[0.256],"y":[0]},"t":130.13,"s":[0]},{"i":{"x":[0.84],"y":[1]},"o":{"x":[0.253],"y":[0]},"t":131.131,"s":[100]},{"i":{"x":[0.667],"y":[1]},"o":{"x":[0.228],"y":[0.021]},"t":144.144,"s":[100]},{"t":155.155155155155,"s":[0]}],"ix":7},"sk":{"a":0,"k":0,"ix":4},"sa":{"a":0,"k":0,"ix":5},"nm":"变换"}],"nm":"Rectangle 1","np":2,"cix":2,"bm":0,"ix":2,"mn":"ADBE Vector Group","hd":false},{"ty":"rp","c":{"a":0,"k":20,"ix":1},"o":{"a":0,"k":0,"ix":2},"m":1,"ix":3,"tr":{"ty":"tr","p":{"a":0,"k":[0,0],"ix":2},"a":{"a":0,"k":[0,0],"ix":1},"s":{"a":0,"k":[100,100],"ix":3},"r":{"a":0,"k":18,"ix":4},"so":{"a":0,"k":100,"ix":5},"eo":{"a":0,"k":100,"ix":6},"nm":"变换"},"nm":"Repeater 1","mn":"ADBE Vector Filter - Repeater","hd":false}],"ip":130.13013013013,"op":698.698698698699,"st":130.13013013013,"bm":0},{"ddd":0,"ind":21,"ty":4,"nm":"Shape Layer 9","parent":1,"sr":1,"ks":{"o":{"a":0,"k":100,"ix":11},"r":{"a":0,"k":0,"ix":10},"p":{"a":0,"k":[30.125,-291.875,0],"ix":2},"a":{"a":0,"k":[5.125,-57.875,0],"ix":1},"s":{"a":0,"k":[100,100,100],"ix":6}},"ao":0,"shapes":[{"ty":"gr","it":[{"ty":"tr","p":{"a":0,"k":[0,200],"ix":2},"a":{"a":0,"k":[0,0],"ix":1},"s":{"a":0,"k":[100,100],"ix":3},"r":{"a":0,"k":0,"ix":6},"o":{"a":0,"k":100,"ix":7},"sk":{"a":0,"k":0,"ix":4},"sa":{"a":0,"k":0,"ix":5},"nm":"变换"}],"nm":"Group 1","np":0,"cix":2,"bm":0,"ix":1,"mn":"ADBE Vector Group","hd":false},{"ty":"gr","it":[{"ty":"rc","d":1,"s":{"a":1,"k":[{"i":{"x":[0.667,0.667],"y":[1,1]},"o":{"x":[0.167,0.167],"y":[0,0]},"t":114.114,"s":[11,4]},{"t":132.132132132132,"s":[11,70]}],"ix":2},"p":{"a":1,"k":[{"i":{"x":0.163,"y":1},"o":{"x":0.305,"y":0},"t":114.114,"s":[0,0],"to":[0,-46.833],"ti":[0,46.833]},{"t":138.138138138138,"s":[0,-281]}],"ix":3},"r":{"a":0,"k":0,"ix":4},"nm":"Rectangle Path 1","mn":"ADBE Vector Shape - Rect","hd":false},{"ty":"fl","c":{"a":0,"k":[0.268336892128,0.737254917622,0.083844669163,1],"ix":4},"o":{"a":0,"k":100,"ix":5},"r":1,"bm":0,"nm":"Fill 1","mn":"ADBE Vector Graphic - Fill","hd":false},{"ty":"tr","p":{"a":0,"k":[3,-320.75],"ix":2},"a":{"a":0,"k":[-2,-302.75],"ix":1},"s":{"a":1,"k":[{"i":{"x":[0.667,0.279],"y":[1,1.053]},"o":{"x":[0.228,0.333],"y":[0,0]},"t":131.131,"s":[100,100]},{"t":139.139139139139,"s":[100,0]}],"ix":3},"r":{"a":0,"k":0,"ix":6},"o":{"a":1,"k":[{"i":{"x":[0.595],"y":[1]},"o":{"x":[0.256],"y":[0]},"t":114.114,"s":[0]},{"i":{"x":[0.84],"y":[1]},"o":{"x":[0.253],"y":[0]},"t":115.115,"s":[100]},{"i":{"x":[0.667],"y":[1]},"o":{"x":[0.228],"y":[0.021]},"t":128.128,"s":[100]},{"t":139.139139139139,"s":[0]}],"ix":7},"sk":{"a":0,"k":0,"ix":4},"sa":{"a":0,"k":0,"ix":5},"nm":"变换"}],"nm":"Rectangle 1","np":2,"cix":2,"bm":0,"ix":2,"mn":"ADBE Vector Group","hd":false},{"ty":"rp","c":{"a":0,"k":24,"ix":1},"o":{"a":0,"k":0,"ix":2},"m":1,"ix":3,"tr":{"ty":"tr","p":{"a":0,"k":[0,0],"ix":2},"a":{"a":0,"k":[0,0],"ix":1},"s":{"a":0,"k":[100,100],"ix":3},"r":{"a":0,"k":15,"ix":4},"so":{"a":0,"k":100,"ix":5},"eo":{"a":0,"k":100,"ix":6},"nm":"变换"},"nm":"Repeater 1","mn":"ADBE Vector Filter - Repeater","hd":false}],"ip":114.114114114114,"op":682.682682682683,"st":114.114114114114,"bm":0},{"ddd":0,"ind":22,"ty":4,"nm":"Shape Layer 8","parent":1,"sr":1,"ks":{"o":{"a":0,"k":100,"ix":11},"r":{"a":0,"k":0,"ix":10},"p":{"a":0,"k":[-224.875,-225.875,0],"ix":2},"a":{"a":0,"k":[5.125,-57.875,0],"ix":1},"s":{"a":0,"k":[100,100,100],"ix":6}},"ao":0,"shapes":[{"ty":"gr","it":[{"ty":"tr","p":{"a":0,"k":[0,200],"ix":2},"a":{"a":0,"k":[0,0],"ix":1},"s":{"a":0,"k":[100,100],"ix":3},"r":{"a":0,"k":0,"ix":6},"o":{"a":0,"k":100,"ix":7},"sk":{"a":0,"k":0,"ix":4},"sa":{"a":0,"k":0,"ix":5},"nm":"变换"}],"nm":"Group 1","np":0,"cix":2,"bm":0,"ix":1,"mn":"ADBE Vector Group","hd":false},{"ty":"gr","it":[{"ty":"rc","d":1,"s":{"a":1,"k":[{"i":{"x":[0.667,0.667],"y":[1,1]},"o":{"x":[0.167,0.167],"y":[0,0]},"t":81.081,"s":[11,4]},{"t":99.0990990990991,"s":[11,70]}],"ix":2},"p":{"a":1,"k":[{"i":{"x":0.163,"y":1},"o":{"x":0.305,"y":0},"t":81.081,"s":[0,0],"to":[0,-46.833],"ti":[0,46.833]},{"t":105.105105105105,"s":[0,-281]}],"ix":3},"r":{"a":0,"k":0,"ix":4},"nm":"Rectangle Path 1","mn":"ADBE Vector Shape - Rect","hd":false},{"ty":"fl","c":{"a":0,"k":[0.022541355342,0.458496689796,0.884313702583,1],"ix":4},"o":{"a":0,"k":100,"ix":5},"r":1,"bm":0,"nm":"Fill 1","mn":"ADBE Vector Graphic - Fill","hd":false},{"ty":"tr","p":{"a":0,"k":[3,-320.75],"ix":2},"a":{"a":0,"k":[-2,-302.75],"ix":1},"s":{"a":1,"k":[{"i":{"x":[0.667,0.279],"y":[1,1.053]},"o":{"x":[0.228,0.333],"y":[0,0]},"t":98.098,"s":[100,100]},{"t":106.106106106106,"s":[100,0]}],"ix":3},"r":{"a":0,"k":0,"ix":6},"o":{"a":1,"k":[{"i":{"x":[0.595],"y":[1]},"o":{"x":[0.256],"y":[0]},"t":81.081,"s":[0]},{"i":{"x":[0.84],"y":[1]},"o":{"x":[0.253],"y":[0]},"t":82.082,"s":[100]},{"i":{"x":[0.667],"y":[1]},"o":{"x":[0.228],"y":[0.021]},"t":95.095,"s":[100]},{"t":106.106106106106,"s":[0]}],"ix":7},"sk":{"a":0,"k":0,"ix":4},"sa":{"a":0,"k":0,"ix":5},"nm":"变换"}],"nm":"Rectangle 1","np":2,"cix":2,"bm":0,"ix":2,"mn":"ADBE Vector Group","hd":false},{"ty":"rp","c":{"a":0,"k":10,"ix":1},"o":{"a":0,"k":0,"ix":2},"m":1,"ix":3,"tr":{"ty":"tr","p":{"a":0,"k":[0,0],"ix":2},"a":{"a":0,"k":[0,0],"ix":1},"s":{"a":0,"k":[100,100],"ix":3},"r":{"a":0,"k":36,"ix":4},"so":{"a":0,"k":100,"ix":5},"eo":{"a":0,"k":100,"ix":6},"nm":"变换"},"nm":"Repeater 1","mn":"ADBE Vector Filter - Repeater","hd":false}],"ip":81.0810810810811,"op":649.64964964965,"st":81.0810810810811,"bm":0},{"ddd":0,"ind":23,"ty":4,"nm":"Shape Layer 7","parent":1,"sr":1,"ks":{"o":{"a":0,"k":100,"ix":11},"r":{"a":0,"k":0,"ix":10},"p":{"a":0,"k":[-224.875,-225.875,0],"ix":2},"a":{"a":0,"k":[5.125,-57.875,0],"ix":1},"s":{"a":0,"k":[100,100,100],"ix":6}},"ao":0,"shapes":[{"ty":"gr","it":[{"ty":"tr","p":{"a":0,"k":[0,200],"ix":2},"a":{"a":0,"k":[0,0],"ix":1},"s":{"a":0,"k":[100,100],"ix":3},"r":{"a":0,"k":0,"ix":6},"o":{"a":0,"k":100,"ix":7},"sk":{"a":0,"k":0,"ix":4},"sa":{"a":0,"k":0,"ix":5},"nm":"变换"}],"nm":"Group 1","np":0,"cix":2,"bm":0,"ix":1,"mn":"ADBE Vector Group","hd":false},{"ty":"gr","it":[{"ty":"rc","d":1,"s":{"a":1,"k":[{"i":{"x":[0.667,0.667],"y":[1,1]},"o":{"x":[0.167,0.167],"y":[0,0]},"t":75.075,"s":[7,4]},{"t":93.0930930930931,"s":[11,70]}],"ix":2},"p":{"a":1,"k":[{"i":{"x":0.163,"y":1},"o":{"x":0.305,"y":0},"t":75.075,"s":[0,0],"to":[0,-46.833],"ti":[0,46.833]},{"t":99.0990990990991,"s":[0,-281]}],"ix":3},"r":{"a":0,"k":0,"ix":4},"nm":"Rectangle Path 1","mn":"ADBE Vector Shape - Rect","hd":false},{"ty":"fl","c":{"a":0,"k":[0.007843137719,0.133333340287,0.254901975393,1],"ix":4},"o":{"a":0,"k":100,"ix":5},"r":1,"bm":0,"nm":"Fill 1","mn":"ADBE Vector Graphic - Fill","hd":false},{"ty":"tr","p":{"a":0,"k":[3,-320.75],"ix":2},"a":{"a":0,"k":[-2,-302.75],"ix":1},"s":{"a":1,"k":[{"i":{"x":[0.667,0.279],"y":[1,1.053]},"o":{"x":[0.228,0.333],"y":[0,0]},"t":92.092,"s":[100,100]},{"t":100.1001001001,"s":[100,0]}],"ix":3},"r":{"a":0,"k":0,"ix":6},"o":{"a":1,"k":[{"i":{"x":[0.595],"y":[1]},"o":{"x":[0.256],"y":[0]},"t":75.075,"s":[0]},{"i":{"x":[0.84],"y":[1]},"o":{"x":[0.253],"y":[0]},"t":76.076,"s":[100]},{"i":{"x":[0.667],"y":[1]},"o":{"x":[0.228],"y":[0.021]},"t":89.089,"s":[100]},{"t":100.1001001001,"s":[0]}],"ix":7},"sk":{"a":0,"k":0,"ix":4},"sa":{"a":0,"k":0,"ix":5},"nm":"变换"}],"nm":"Rectangle 1","np":2,"cix":2,"bm":0,"ix":2,"mn":"ADBE Vector Group","hd":false},{"ty":"rp","c":{"a":0,"k":15,"ix":1},"o":{"a":0,"k":0,"ix":2},"m":1,"ix":3,"tr":{"ty":"tr","p":{"a":0,"k":[0,0],"ix":2},"a":{"a":0,"k":[0,0],"ix":1},"s":{"a":0,"k":[100,100],"ix":3},"r":{"a":0,"k":24,"ix":4},"so":{"a":0,"k":100,"ix":5},"eo":{"a":0,"k":100,"ix":6},"nm":"变换"},"nm":"Repeater 1","mn":"ADBE Vector Filter - Repeater","hd":false}],"ip":75.0750750750751,"op":643.643643643644,"st":75.0750750750751,"bm":0},{"ddd":0,"ind":24,"ty":4,"nm":"Shape Layer 6","parent":1,"sr":1,"ks":{"o":{"a":0,"k":100,"ix":11},"r":{"a":0,"k":0,"ix":10},"p":{"a":0,"k":[-0.875,-119.875,0],"ix":2},"a":{"a":0,"k":[5.125,-57.875,0],"ix":1},"s":{"a":0,"k":[100,100,100],"ix":6}},"ao":0,"shapes":[{"ty":"gr","it":[{"ty":"tr","p":{"a":0,"k":[0,200],"ix":2},"a":{"a":0,"k":[0,0],"ix":1},"s":{"a":0,"k":[100,100],"ix":3},"r":{"a":0,"k":0,"ix":6},"o":{"a":0,"k":100,"ix":7},"sk":{"a":0,"k":0,"ix":4},"sa":{"a":0,"k":0,"ix":5},"nm":"变换"}],"nm":"Group 1","np":0,"cix":2,"bm":0,"ix":1,"mn":"ADBE Vector Group","hd":false},{"ty":"gr","it":[{"ty":"rc","d":1,"s":{"a":1,"k":[{"i":{"x":[0.667,0.667],"y":[1,1]},"o":{"x":[0.167,0.167],"y":[0,0]},"t":46.046,"s":[7,4]},{"t":64.0640640640641,"s":[11,70]}],"ix":2},"p":{"a":1,"k":[{"i":{"x":0.163,"y":1},"o":{"x":0.305,"y":0},"t":46.046,"s":[0,0],"to":[0,-46.833],"ti":[0,46.833]},{"t":70.0700700700701,"s":[0,-281]}],"ix":3},"r":{"a":0,"k":0,"ix":4},"nm":"Rectangle Path 1","mn":"ADBE Vector Shape - Rect","hd":false},{"ty":"fl","c":{"a":0,"k":[0.739198088646,0.0419838503,0.764705896378,1],"ix":4},"o":{"a":0,"k":100,"ix":5},"r":1,"bm":0,"nm":"Fill 1","mn":"ADBE Vector Graphic - Fill","hd":false},{"ty":"tr","p":{"a":0,"k":[3,-320.75],"ix":2},"a":{"a":0,"k":[-2,-302.75],"ix":1},"s":{"a":1,"k":[{"i":{"x":[0.667,0.279],"y":[1,1.053]},"o":{"x":[0.228,0.333],"y":[0,0]},"t":63.063,"s":[100,100]},{"t":71.0710710710711,"s":[100,0]}],"ix":3},"r":{"a":0,"k":0,"ix":6},"o":{"a":1,"k":[{"i":{"x":[0.595],"y":[1]},"o":{"x":[0.256],"y":[0]},"t":46.046,"s":[0]},{"i":{"x":[0.84],"y":[1]},"o":{"x":[0.253],"y":[0]},"t":47.047,"s":[100]},{"i":{"x":[0.667],"y":[1]},"o":{"x":[0.228],"y":[0.021]},"t":60.06,"s":[100]},{"t":71.0710710710711,"s":[0]}],"ix":7},"sk":{"a":0,"k":0,"ix":4},"sa":{"a":0,"k":0,"ix":5},"nm":"变换"}],"nm":"Rectangle 1","np":2,"cix":2,"bm":0,"ix":2,"mn":"ADBE Vector Group","hd":false},{"ty":"rp","c":{"a":0,"k":20,"ix":1},"o":{"a":0,"k":0,"ix":2},"m":1,"ix":3,"tr":{"ty":"tr","p":{"a":0,"k":[0,0],"ix":2},"a":{"a":0,"k":[0,0],"ix":1},"s":{"a":0,"k":[100,100],"ix":3},"r":{"a":0,"k":18,"ix":4},"so":{"a":0,"k":100,"ix":5},"eo":{"a":0,"k":100,"ix":6},"nm":"变换"},"nm":"Repeater 1","mn":"ADBE Vector Filter - Repeater","hd":false}],"ip":46.046046046046,"op":614.614614614615,"st":46.046046046046,"bm":0},{"ddd":0,"ind":25,"ty":4,"nm":"Shape Layer 5","parent":1,"sr":1,"ks":{"o":{"a":0,"k":100,"ix":11},"r":{"a":0,"k":0,"ix":10},"p":{"a":0,"k":[-0.875,-119.875,0],"ix":2},"a":{"a":0,"k":[5.125,-57.875,0],"ix":1},"s":{"a":0,"k":[100,100,100],"ix":6}},"ao":0,"shapes":[{"ty":"gr","it":[{"ty":"tr","p":{"a":0,"k":[0,200],"ix":2},"a":{"a":0,"k":[0,0],"ix":1},"s":{"a":0,"k":[100,100],"ix":3},"r":{"a":0,"k":0,"ix":6},"o":{"a":0,"k":100,"ix":7},"sk":{"a":0,"k":0,"ix":4},"sa":{"a":0,"k":0,"ix":5},"nm":"变换"}],"nm":"Group 1","np":0,"cix":2,"bm":0,"ix":1,"mn":"ADBE Vector Group","hd":false},{"ty":"gr","it":[{"ty":"rc","d":1,"s":{"a":1,"k":[{"i":{"x":[0.667,0.667],"y":[1,1]},"o":{"x":[0.167,0.167],"y":[0,0]},"t":41.041,"s":[11,4]},{"t":59.0590590590591,"s":[11,70]}],"ix":2},"p":{"a":1,"k":[{"i":{"x":0.163,"y":1},"o":{"x":0.305,"y":0},"t":41.041,"s":[0,0],"to":[0,-46.833],"ti":[0,46.833]},{"t":65.0650650650651,"s":[0,-281]}],"ix":3},"r":{"a":0,"k":0,"ix":4},"nm":"Rectangle Path 1","mn":"ADBE Vector Shape - Rect","hd":false},{"ty":"fl","c":{"a":0,"k":[0.739198088646,0.0419838503,0.764705896378,1],"ix":4},"o":{"a":0,"k":100,"ix":5},"r":1,"bm":0,"nm":"Fill 1","mn":"ADBE Vector Graphic - Fill","hd":false},{"ty":"tr","p":{"a":0,"k":[3,-320.75],"ix":2},"a":{"a":0,"k":[-2,-302.75],"ix":1},"s":{"a":1,"k":[{"i":{"x":[0.667,0.279],"y":[1,1.053]},"o":{"x":[0.228,0.333],"y":[0,0]},"t":58.058,"s":[100,100]},{"t":66.0660660660661,"s":[100,0]}],"ix":3},"r":{"a":0,"k":0,"ix":6},"o":{"a":1,"k":[{"i":{"x":[0.595],"y":[1]},"o":{"x":[0.256],"y":[0]},"t":41.041,"s":[0]},{"i":{"x":[0.84],"y":[1]},"o":{"x":[0.253],"y":[0]},"t":42.042,"s":[100]},{"i":{"x":[0.667],"y":[1]},"o":{"x":[0.228],"y":[0.021]},"t":55.055,"s":[100]},{"t":66.0660660660661,"s":[0]}],"ix":7},"sk":{"a":0,"k":0,"ix":4},"sa":{"a":0,"k":0,"ix":5},"nm":"变换"}],"nm":"Rectangle 1","np":2,"cix":2,"bm":0,"ix":2,"mn":"ADBE Vector Group","hd":false},{"ty":"rp","c":{"a":0,"k":24,"ix":1},"o":{"a":0,"k":0,"ix":2},"m":1,"ix":3,"tr":{"ty":"tr","p":{"a":0,"k":[0,0],"ix":2},"a":{"a":0,"k":[0,0],"ix":1},"s":{"a":0,"k":[100,100],"ix":3},"r":{"a":0,"k":15,"ix":4},"so":{"a":0,"k":100,"ix":5},"eo":{"a":0,"k":100,"ix":6},"nm":"变换"},"nm":"Repeater 1","mn":"ADBE Vector Filter - Repeater","hd":false}],"ip":41.041041041041,"op":609.60960960961,"st":41.041041041041,"bm":0},{"ddd":0,"ind":26,"ty":4,"nm":"Shape Layer 4","parent":1,"sr":1,"ks":{"o":{"a":0,"k":100,"ix":11},"r":{"a":0,"k":0,"ix":10},"p":{"a":0,"k":[203.125,-298.875,0],"ix":2},"a":{"a":0,"k":[5.125,-57.875,0],"ix":1},"s":{"a":0,"k":[100,100,100],"ix":6}},"ao":0,"shapes":[{"ty":"gr","it":[{"ty":"tr","p":{"a":0,"k":[0,200],"ix":2},"a":{"a":0,"k":[0,0],"ix":1},"s":{"a":0,"k":[100,100],"ix":3},"r":{"a":0,"k":0,"ix":6},"o":{"a":0,"k":100,"ix":7},"sk":{"a":0,"k":0,"ix":4},"sa":{"a":0,"k":0,"ix":5},"nm":"变换"}],"nm":"Group 1","np":0,"cix":2,"bm":0,"ix":1,"mn":"ADBE Vector Group","hd":false},{"ty":"gr","it":[{"ty":"rc","d":1,"s":{"a":1,"k":[{"i":{"x":[0.667,0.667],"y":[1,1]},"o":{"x":[0.167,0.167],"y":[0,0]},"t":18.018,"s":[11,4]},{"t":36.036036036036,"s":[11,70]}],"ix":2},"p":{"a":1,"k":[{"i":{"x":0.163,"y":1},"o":{"x":0.305,"y":0},"t":18.018,"s":[0,0],"to":[0,-46.833],"ti":[0,46.833]},{"t":42.042042042042,"s":[0,-281]}],"ix":3},"r":{"a":0,"k":0,"ix":4},"nm":"Rectangle Path 1","mn":"ADBE Vector Shape - Rect","hd":false},{"ty":"fl","c":{"a":0,"k":[0.022541355342,0.458496689796,0.884313702583,1],"ix":4},"o":{"a":0,"k":100,"ix":5},"r":1,"bm":0,"nm":"Fill 1","mn":"ADBE Vector Graphic - Fill","hd":false},{"ty":"tr","p":{"a":0,"k":[3,-320.75],"ix":2},"a":{"a":0,"k":[-2,-302.75],"ix":1},"s":{"a":1,"k":[{"i":{"x":[0.667,0.279],"y":[1,1.053]},"o":{"x":[0.228,0.333],"y":[0,0]},"t":35.035,"s":[100,100]},{"t":43.043043043043,"s":[100,0]}],"ix":3},"r":{"a":0,"k":0,"ix":6},"o":{"a":1,"k":[{"i":{"x":[0.595],"y":[1]},"o":{"x":[0.256],"y":[0]},"t":18.018,"s":[0]},{"i":{"x":[0.84],"y":[1]},"o":{"x":[0.253],"y":[0]},"t":19.019,"s":[100]},{"i":{"x":[0.667],"y":[1]},"o":{"x":[0.228],"y":[0.021]},"t":32.032,"s":[100]},{"t":43.043043043043,"s":[0]}],"ix":7},"sk":{"a":0,"k":0,"ix":4},"sa":{"a":0,"k":0,"ix":5},"nm":"变换"}],"nm":"Rectangle 1","np":2,"cix":2,"bm":0,"ix":2,"mn":"ADBE Vector Group","hd":false},{"ty":"rp","c":{"a":0,"k":10,"ix":1},"o":{"a":0,"k":0,"ix":2},"m":1,"ix":3,"tr":{"ty":"tr","p":{"a":0,"k":[0,0],"ix":2},"a":{"a":0,"k":[0,0],"ix":1},"s":{"a":0,"k":[100,100],"ix":3},"r":{"a":0,"k":36,"ix":4},"so":{"a":0,"k":100,"ix":5},"eo":{"a":0,"k":100,"ix":6},"nm":"变换"},"nm":"Repeater 1","mn":"ADBE Vector Filter - Repeater","hd":false}],"ip":18.018018018018,"op":586.586586586587,"st":18.018018018018,"bm":0},{"ddd":0,"ind":27,"ty":4,"nm":"Shape Layer 3","parent":1,"sr":1,"ks":{"o":{"a":0,"k":100,"ix":11},"r":{"a":0,"k":0,"ix":10},"p":{"a":0,"k":[203.125,-298.875,0],"ix":2},"a":{"a":0,"k":[5.125,-57.875,0],"ix":1},"s":{"a":0,"k":[100,100,100],"ix":6}},"ao":0,"shapes":[{"ty":"gr","it":[{"ty":"tr","p":{"a":0,"k":[0,200],"ix":2},"a":{"a":0,"k":[0,0],"ix":1},"s":{"a":0,"k":[100,100],"ix":3},"r":{"a":0,"k":0,"ix":6},"o":{"a":0,"k":100,"ix":7},"sk":{"a":0,"k":0,"ix":4},"sa":{"a":0,"k":0,"ix":5},"nm":"变换"}],"nm":"Group 1","np":0,"cix":2,"bm":0,"ix":1,"mn":"ADBE Vector Group","hd":false},{"ty":"gr","it":[{"ty":"rc","d":1,"s":{"a":1,"k":[{"i":{"x":[0.667,0.667],"y":[1,1]},"o":{"x":[0.167,0.167],"y":[0,0]},"t":12.012,"s":[7,4]},{"t":30.03003003003,"s":[11,70]}],"ix":2},"p":{"a":1,"k":[{"i":{"x":0.163,"y":1},"o":{"x":0.305,"y":0},"t":12.012,"s":[0,0],"to":[0,-46.833],"ti":[0,46.833]},{"t":36.036036036036,"s":[0,-281]}],"ix":3},"r":{"a":0,"k":0,"ix":4},"nm":"Rectangle Path 1","mn":"ADBE Vector Shape - Rect","hd":false},{"ty":"fl","c":{"a":0,"k":[0.007843137719,0.133333340287,0.254901975393,1],"ix":4},"o":{"a":0,"k":100,"ix":5},"r":1,"bm":0,"nm":"Fill 1","mn":"ADBE Vector Graphic - Fill","hd":false},{"ty":"tr","p":{"a":0,"k":[3,-320.75],"ix":2},"a":{"a":0,"k":[-2,-302.75],"ix":1},"s":{"a":1,"k":[{"i":{"x":[0.667,0.279],"y":[1,1.053]},"o":{"x":[0.228,0.333],"y":[0,0]},"t":29.029,"s":[100,100]},{"t":37.037037037037,"s":[100,0]}],"ix":3},"r":{"a":0,"k":0,"ix":6},"o":{"a":1,"k":[{"i":{"x":[0.595],"y":[1]},"o":{"x":[0.256],"y":[0]},"t":12.012,"s":[0]},{"i":{"x":[0.84],"y":[1]},"o":{"x":[0.253],"y":[0]},"t":13.013,"s":[100]},{"i":{"x":[0.667],"y":[1]},"o":{"x":[0.228],"y":[0.021]},"t":26.026,"s":[100]},{"t":37.037037037037,"s":[0]}],"ix":7},"sk":{"a":0,"k":0,"ix":4},"sa":{"a":0,"k":0,"ix":5},"nm":"变换"}],"nm":"Rectangle 1","np":2,"cix":2,"bm":0,"ix":2,"mn":"ADBE Vector Group","hd":false},{"ty":"rp","c":{"a":0,"k":15,"ix":1},"o":{"a":0,"k":0,"ix":2},"m":1,"ix":3,"tr":{"ty":"tr","p":{"a":0,"k":[0,0],"ix":2},"a":{"a":0,"k":[0,0],"ix":1},"s":{"a":0,"k":[100,100],"ix":3},"r":{"a":0,"k":24,"ix":4},"so":{"a":0,"k":100,"ix":5},"eo":{"a":0,"k":100,"ix":6},"nm":"变换"},"nm":"Repeater 1","mn":"ADBE Vector Filter - Repeater","hd":false}],"ip":12.012012012012,"op":580.580580580581,"st":12.012012012012,"bm":0},{"ddd":0,"ind":28,"ty":4,"nm":"Shape Layer 2","parent":1,"sr":1,"ks":{"o":{"a":0,"k":100,"ix":11},"r":{"a":0,"k":0,"ix":10},"p":{"a":0,"k":[-0.875,-119.875,0],"ix":2},"a":{"a":0,"k":[5.125,-57.875,0],"ix":1},"s":{"a":0,"k":[100,100,100],"ix":6}},"ao":0,"shapes":[{"ty":"gr","it":[{"ty":"tr","p":{"a":0,"k":[0,200],"ix":2},"a":{"a":0,"k":[0,0],"ix":1},"s":{"a":0,"k":[100,100],"ix":3},"r":{"a":0,"k":0,"ix":6},"o":{"a":0,"k":100,"ix":7},"sk":{"a":0,"k":0,"ix":4},"sa":{"a":0,"k":0,"ix":5},"nm":"变换"}],"nm":"Group 1","np":0,"cix":2,"bm":0,"ix":1,"mn":"ADBE Vector Group","hd":false},{"ty":"gr","it":[{"ty":"rc","d":1,"s":{"a":1,"k":[{"i":{"x":[0.667,0.667],"y":[1,1]},"o":{"x":[0.167,0.167],"y":[0,0]},"t":12.012,"s":[7,4]},{"t":30.03003003003,"s":[11,70]}],"ix":2},"p":{"a":1,"k":[{"i":{"x":0.163,"y":1},"o":{"x":0.305,"y":0},"t":12.012,"s":[0,0],"to":[0,-46.833],"ti":[0,46.833]},{"t":36.036036036036,"s":[0,-281]}],"ix":3},"r":{"a":0,"k":0,"ix":4},"nm":"Rectangle Path 1","mn":"ADBE Vector Shape - Rect","hd":false},{"ty":"fl","c":{"a":0,"k":[0.949019610882,0.026051517576,0.026051517576,1],"ix":4},"o":{"a":0,"k":100,"ix":5},"r":1,"bm":0,"nm":"Fill 1","mn":"ADBE Vector Graphic - Fill","hd":false},{"ty":"tr","p":{"a":0,"k":[3,-320.75],"ix":2},"a":{"a":0,"k":[-2,-302.75],"ix":1},"s":{"a":1,"k":[{"i":{"x":[0.667,0.279],"y":[1,1.053]},"o":{"x":[0.228,0.333],"y":[0,0]},"t":29.029,"s":[100,100]},{"t":37.037037037037,"s":[100,0]}],"ix":3},"r":{"a":0,"k":0,"ix":6},"o":{"a":1,"k":[{"i":{"x":[0.595],"y":[1]},"o":{"x":[0.256],"y":[0]},"t":12.012,"s":[0]},{"i":{"x":[0.84],"y":[1]},"o":{"x":[0.253],"y":[0]},"t":13.013,"s":[100]},{"i":{"x":[0.667],"y":[1]},"o":{"x":[0.228],"y":[0.021]},"t":26.026,"s":[100]},{"t":37.037037037037,"s":[0]}],"ix":7},"sk":{"a":0,"k":0,"ix":4},"sa":{"a":0,"k":0,"ix":5},"nm":"变换"}],"nm":"Rectangle 1","np":2,"cix":2,"bm":0,"ix":2,"mn":"ADBE Vector Group","hd":false},{"ty":"rp","c":{"a":0,"k":20,"ix":1},"o":{"a":0,"k":0,"ix":2},"m":1,"ix":3,"tr":{"ty":"tr","p":{"a":0,"k":[0,0],"ix":2},"a":{"a":0,"k":[0,0],"ix":1},"s":{"a":0,"k":[100,100],"ix":3},"r":{"a":0,"k":18,"ix":4},"so":{"a":0,"k":100,"ix":5},"eo":{"a":0,"k":100,"ix":6},"nm":"变换"},"nm":"Repeater 1","mn":"ADBE Vector Filter - Repeater","hd":false}],"ip":12.012012012012,"op":580.580580580581,"st":12.012012012012,"bm":0},{"ddd":0,"ind":29,"ty":4,"nm":"Shape Layer 1","parent":1,"sr":1,"ks":{"o":{"a":0,"k":100,"ix":11},"r":{"a":0,"k":0,"ix":10},"p":{"a":0,"k":[-0.875,-119.875,0],"ix":2},"a":{"a":0,"k":[5.125,-57.875,0],"ix":1},"s":{"a":0,"k":[100,100,100],"ix":6}},"ao":0,"shapes":[{"ty":"gr","it":[{"ty":"tr","p":{"a":0,"k":[0,200],"ix":2},"a":{"a":0,"k":[0,0],"ix":1},"s":{"a":0,"k":[100,100],"ix":3},"r":{"a":0,"k":0,"ix":6},"o":{"a":0,"k":100,"ix":7},"sk":{"a":0,"k":0,"ix":4},"sa":{"a":0,"k":0,"ix":5},"nm":"变换"}],"nm":"Group 1","np":0,"cix":2,"bm":0,"ix":1,"mn":"ADBE Vector Group","hd":false},{"ty":"gr","it":[{"ty":"rc","d":1,"s":{"a":1,"k":[{"i":{"x":[0.667,0.667],"y":[1,1]},"o":{"x":[0.167,0.167],"y":[0,0]},"t":0,"s":[11,4]},{"t":18.018018018018,"s":[11,70]}],"ix":2},"p":{"a":1,"k":[{"i":{"x":0.163,"y":1},"o":{"x":0.305,"y":0},"t":0,"s":[0,0],"to":[0,-46.833],"ti":[0,46.833]},{"t":24.024024024024,"s":[0,-281]}],"ix":3},"r":{"a":0,"k":0,"ix":4},"nm":"Rectangle Path 1","mn":"ADBE Vector Shape - Rect","hd":false},{"ty":"fl","c":{"a":0,"k":[0.990196049213,0,0.034948065877,1],"ix":4},"o":{"a":0,"k":100,"ix":5},"r":1,"bm":0,"nm":"Fill 1","mn":"ADBE Vector Graphic - Fill","hd":false},{"ty":"tr","p":{"a":0,"k":[3,-320.75],"ix":2},"a":{"a":0,"k":[-2,-302.75],"ix":1},"s":{"a":1,"k":[{"i":{"x":[0.667,0.279],"y":[1,1.053]},"o":{"x":[0.228,0.333],"y":[0,0]},"t":17.017,"s":[100,100]},{"t":25.025025025025,"s":[100,0]}],"ix":3},"r":{"a":0,"k":0,"ix":6},"o":{"a":1,"k":[{"i":{"x":[0.595],"y":[1]},"o":{"x":[0.256],"y":[0]},"t":0,"s":[0]},{"i":{"x":[0.84],"y":[1]},"o":{"x":[0.253],"y":[0]},"t":1.001,"s":[100]},{"i":{"x":[0.667],"y":[1]},"o":{"x":[0.228],"y":[0.021]},"t":14.014,"s":[100]},{"t":25.025025025025,"s":[0]}],"ix":7},"sk":{"a":0,"k":0,"ix":4},"sa":{"a":0,"k":0,"ix":5},"nm":"变换"}],"nm":"Rectangle 1","np":2,"cix":2,"bm":0,"ix":2,"mn":"ADBE Vector Group","hd":false},{"ty":"rp","c":{"a":0,"k":24,"ix":1},"o":{"a":0,"k":0,"ix":2},"m":1,"ix":3,"tr":{"ty":"tr","p":{"a":0,"k":[0,0],"ix":2},"a":{"a":0,"k":[0,0],"ix":1},"s":{"a":0,"k":[100,100],"ix":3},"r":{"a":0,"k":15,"ix":4},"so":{"a":0,"k":100,"ix":5},"eo":{"a":0,"k":100,"ix":6},"nm":"变换"},"nm":"Repeater 1","mn":"ADBE Vector Filter - Repeater","hd":false}],"ip":0,"op":568.568568568569,"st":0,"bm":0}]}],"layers":[{"ddd":0,"ind":1,"ty":0,"nm":"snow","refId":"comp_0","sr":1,"ks":{"o":{"a":0,"k":100,"ix":11},"r":{"a":0,"k":0,"ix":10},"p":{"a":0,"k":[540,1170,0],"ix":2},"a":{"a":0,"k":[540,1170,0],"ix":1},"s":{"a":0,"k":[106.667,100,100],"ix":6}},"ao":0,"w":1080,"h":2340,"ip":0,"op":300.3003003003,"st":0,"bm":0},{"ddd":0,"ind":2,"ty":2,"nm":"img_4 - 副本.png","cl":"png","refId":"image_10","sr":1,"ks":{"o":{"a":0,"k":100,"ix":11},"r":{"a":0,"k":0,"ix":10},"p":{"a":1,"k":[{"i":{"x":0.833,"y":0.833},"o":{"x":0.167,"y":0.167},"t":170,"s":[752,-218,0],"to":[0,187.167,0],"ti":[0,-161.333,0]},{"i":{"x":0.833,"y":0.833},"o":{"x":0.167,"y":0.167},"t":207,"s":[752,905,0],"to":[0,161.333,0],"ti":[0,25.833,0]},{"t":220,"s":[752,750,0]}],"ix":2},"a":{"a":0,"k":[200,200,0],"ix":1},"s":{"a":0,"k":[100,100,100],"ix":6}},"ao":0,"ip":0,"op":309,"st":0,"bm":0},{"ddd":0,"ind":3,"ty":2,"nm":"img_15.png","cl":"png","refId":"image_11","sr":1,"ks":{"o":{"a":0,"k":100,"ix":11},"r":{"a":0,"k":0,"ix":10},"p":{"a":1,"k":[{"i":{"x":0.833,"y":0.833},"o":{"x":0.167,"y":0.167},"t":147,"s":[340,-509,0],"to":[0,236.167,0],"ti":[0,-209.833,0]},{"i":{"x":0.833,"y":0.833},"o":{"x":0.167,"y":0.167},"t":186,"s":[340,908,0],"to":[0,209.833,0],"ti":[0,26.333,0]},{"t":203,"s":[340,750,0]}],"ix":2},"a":{"a":0,"k":[200,200,0],"ix":1},"s":{"a":0,"k":[100,100,100],"ix":6}},"ao":0,"ip":0,"op":309,"st":0,"bm":0},{"ddd":0,"ind":4,"ty":2,"nm":"img_7.png","cl":"png","refId":"image_12","sr":1,"ks":{"o":{"a":0,"k":100,"ix":11},"r":{"a":0,"k":0,"ix":10},"p":{"a":1,"k":[{"i":{"x":0.833,"y":0.833},"o":{"x":0.167,"y":0.167},"t":128,"s":[968,-412,0],"to":[0,265.167,0],"ti":[0,-229,0]},{"i":{"x":0.833,"y":0.833},"o":{"x":0.167,"y":0.167},"t":166,"s":[968,1179,0],"to":[0,229,0],"ti":[0,36.167,0]},{"t":177,"s":[968,962,0]}],"ix":2},"a":{"a":0,"k":[200,200,0],"ix":1},"s":{"a":0,"k":[100,100,100],"ix":6}},"ao":0,"ip":0,"op":309,"st":0,"bm":0},{"ddd":0,"ind":5,"ty":2,"nm":"img_6.png","cl":"png","refId":"image_13","sr":1,"ks":{"o":{"a":0,"k":100,"ix":11},"r":{"a":0,"k":0,"ix":10},"p":{"a":1,"k":[{"i":{"x":0.833,"y":0.833},"o":{"x":0.167,"y":0.167},"t":107,"s":[124,-252,0],"to":[0,240.667,0],"ti":[0,-201.833,0]},{"i":{"x":0.833,"y":0.833},"o":{"x":0.167,"y":0.167},"t":151,"s":[124,1192,0],"to":[0,201.833,0],"ti":[0,38.833,0]},{"t":165,"s":[124,959,0]}],"ix":2},"a":{"a":0,"k":[200,200,0],"ix":1},"s":{"a":0,"k":[100,100,100],"ix":6}},"ao":0,"ip":0,"op":309,"st":0,"bm":0},{"ddd":0,"ind":6,"ty":2,"nm":"img_4.png","cl":"png","refId":"image_14","sr":1,"ks":{"o":{"a":0,"k":100,"ix":11},"r":{"a":0,"k":0,"ix":10},"p":{"a":1,"k":[{"i":{"x":0.833,"y":0.833},"o":{"x":0.167,"y":0.167},"t":69,"s":[756,-647,0],"to":[0,328.5,0],"ti":[0,-304.333,0]},{"i":{"x":0.833,"y":0.833},"o":{"x":0.167,"y":0.167},"t":131,"s":[756,1324,0],"to":[0,304.333,0],"ti":[0,24.167,0]},{"t":151,"s":[756,1179,0]}],"ix":2},"a":{"a":0,"k":[200,200,0],"ix":1},"s":{"a":0,"k":[100,100,100],"ix":6}},"ao":0,"ip":0,"op":309,"st":0,"bm":0},{"ddd":0,"ind":7,"ty":2,"nm":"img_3.png","cl":"png","refId":"image_15","sr":1,"ks":{"o":{"a":0,"k":100,"ix":11},"r":{"a":0,"k":0,"ix":10},"p":{"a":1,"k":[{"i":{"x":0.833,"y":0.833},"o":{"x":0.167,"y":0.167},"t":65,"s":[332,-660,0],"to":[0,331.5,0],"ti":[0,-305.167,0]},{"i":{"x":0.833,"y":0.833},"o":{"x":0.167,"y":0.167},"t":90,"s":[332,1329,0],"to":[0,305.167,0],"ti":[0,26.333,0]},{"t":120,"s":[332,1171,0]}],"ix":2},"a":{"a":0,"k":[200,200,0],"ix":1},"s":{"a":0,"k":[100,100,100],"ix":6}},"ao":0,"ip":0,"op":309,"st":0,"bm":0},{"ddd":0,"ind":8,"ty":2,"nm":"img_1.png","cl":"png","refId":"image_16","sr":1,"ks":{"o":{"a":0,"k":100,"ix":11},"r":{"a":0,"k":0,"ix":10},"p":{"a":1,"k":[{"i":{"x":0.833,"y":0.833},"o":{"x":0.167,"y":0.167},"t":0,"s":[540,-238,0],"to":[0,270,0],"ti":[0,-264.5,0]},{"i":{"x":0.833,"y":0.833},"o":{"x":0.167,"y":0.167},"t":50,"s":[540,1382,0],"to":[0,176.412,0],"ti":[0,68.582,0]},{"t":63,"s":[540,1390.242,0]}],"ix":2},"a":{"a":0,"k":[200,200,0],"ix":1},"s":{"a":0,"k":[100,100,100],"ix":6}},"ao":0,"ip":0,"op":309,"st":0,"bm":0},{"ddd":0,"ind":9,"ty":0,"nm":"","refId":"comp_1","sr":1,"ks":{"o":{"a":0,"k":100,"ix":11},"r":{"a":0,"k":0,"ix":10},"p":{"a":0,"k":[540,742,0],"ix":2},"a":{"a":0,"k":[540,540,0],"ix":1},"s":{"a":0,"k":[100,100,100],"ix":6}},"ao":0,"w":1080,"h":1080,"ip":85,"op":279.194194194194,"st":85,"bm":0}],"markers":[]}