{"v":"5.6.6","fr":"8","ip":0,"op":69,"w":482,"h":857,"nm":"img_0","ddd":0,"assets":[{"id":"img_0","w":482,"h":857,"u":"images/","p":"img_0.jpg","e":0,"nm":"img_0.png"},{"id":"img_1","w":482,"h":857,"u":"images/","p":"img_1.jpg","e":0,"nm":"img_1.png"},{"id":"img_2","w":482,"h":857,"u":"images/","p":"img_2.jpg","e":0,"nm":"img_2.png"},{"id":"img_3","w":482,"h":857,"u":"images/","p":"img_3.jpg","e":0,"nm":"img_3.png"},{"id":"img_4","w":482,"h":857,"u":"images/","p":"img_4.jpg","e":0,"nm":"img_4.png"},{"id":"img_5","w":482,"h":857,"u":"images/","p":"img_5.jpg","e":0,"nm":"img_5.png"},{"id":"img_6","w":482,"h":857,"u":"images/","p":"img_6.jpg","e":0,"nm":"img_6.png"},{"id":"img_7","w":482,"h":857,"u":"images/","p":"img_7.jpg","e":0,"nm":"img_7.png"},{"id":"img_8","w":482,"h":857,"u":"images/","p":"img_8.jpg","e":0,"nm":"img_8.png"},{"id":"img_9","w":482,"h":857,"u":"images/","p":"img_9.jpg","e":0,"nm":"img_9.png"},{"id":"img_10","w":482,"h":857,"u":"images/","p":"img_10.jpg","e":0,"nm":"img_10.png"},{"id":"img_11","w":482,"h":857,"u":"images/","p":"img_11.jpg","e":0,"nm":"img_11.png"},{"id":"img_12","w":482,"h":857,"u":"images/","p":"img_12.jpg","e":0,"nm":"img_12.png"},{"id":"img_13","w":482,"h":857,"u":"images/","p":"img_13.jpg","e":0,"nm":"img_13.png"},{"id":"img_14","w":482,"h":857,"u":"images/","p":"img_14.jpg","e":0,"nm":"img_14.png"},{"id":"img_15","w":482,"h":857,"u":"images/","p":"img_15.jpg","e":0,"nm":"img_15.png"},{"id":"img_16","w":482,"h":857,"u":"images/","p":"img_16.jpg","e":0,"nm":"img_16.png"},{"id":"img_17","w":482,"h":857,"u":"images/","p":"img_17.jpg","e":0,"nm":"img_17.png"},{"id":"img_18","w":482,"h":857,"u":"images/","p":"img_18.jpg","e":0,"nm":"img_18.png"},{"id":"img_19","w":482,"h":857,"u":"images/","p":"img_19.jpg","e":0,"nm":"img_19.png"},{"id":"img_20","w":482,"h":857,"u":"images/","p":"img_20.jpg","e":0,"nm":"img_20.png"},{"id":"img_21","w":482,"h":857,"u":"images/","p":"img_21.jpg","e":0,"nm":"img_21.png"},{"id":"img_22","w":482,"h":857,"u":"images/","p":"img_22.jpg","e":0,"nm":"img_22.png"},{"id":"img_23","w":482,"h":857,"u":"images/","p":"img_23.jpg","e":0,"nm":"img_23.png"},{"id":"img_24","w":482,"h":857,"u":"images/","p":"img_24.jpg","e":0,"nm":"img_24.png"},{"id":"img_25","w":482,"h":857,"u":"images/","p":"img_25.jpg","e":0,"nm":"img_25.png"},{"id":"img_26","w":482,"h":857,"u":"images/","p":"img_26.jpg","e":0,"nm":"img_26.png"},{"id":"img_27","w":482,"h":857,"u":"images/","p":"img_27.jpg","e":0,"nm":"img_27.png"},{"id":"img_28","w":482,"h":857,"u":"images/","p":"img_28.jpg","e":0,"nm":"img_28.png"},{"id":"img_29","w":482,"h":857,"u":"images/","p":"img_29.jpg","e":0,"nm":"img_29.png"},{"id":"img_30","w":482,"h":857,"u":"images/","p":"img_30.jpg","e":0,"nm":"img_30.png"},{"id":"img_31","w":482,"h":857,"u":"images/","p":"img_31.jpg","e":0,"nm":"img_31.png"},{"id":"img_32","w":482,"h":857,"u":"images/","p":"img_32.jpg","e":0,"nm":"img_32.png"},{"id":"img_33","w":482,"h":857,"u":"images/","p":"img_33.jpg","e":0,"nm":"img_33.png"},{"id":"img_34","w":482,"h":857,"u":"images/","p":"img_34.jpg","e":0,"nm":"img_34.png"},{"id":"img_35","w":482,"h":857,"u":"images/","p":"img_35.jpg","e":0,"nm":"img_35.png"},{"id":"img_36","w":482,"h":857,"u":"images/","p":"img_36.jpg","e":0,"nm":"img_36.png"},{"id":"img_37","w":482,"h":857,"u":"images/","p":"img_37.jpg","e":0,"nm":"img_37.png"},{"id":"img_38","w":482,"h":857,"u":"images/","p":"img_38.jpg","e":0,"nm":"img_38.png"},{"id":"img_39","w":482,"h":857,"u":"images/","p":"img_39.jpg","e":0,"nm":"img_39.png"},{"id":"img_40","w":482,"h":857,"u":"images/","p":"img_40.jpg","e":0,"nm":"img_40.png"},{"id":"img_41","w":482,"h":857,"u":"images/","p":"img_41.jpg","e":0,"nm":"img_41.png"},{"id":"img_42","w":482,"h":857,"u":"images/","p":"img_42.jpg","e":0,"nm":"img_42.png"},{"id":"img_43","w":482,"h":857,"u":"images/","p":"img_43.jpg","e":0,"nm":"img_43.png"},{"id":"img_44","w":482,"h":857,"u":"images/","p":"img_44.jpg","e":0,"nm":"img_44.png"},{"id":"img_45","w":482,"h":857,"u":"images/","p":"img_45.jpg","e":0,"nm":"img_45.png"},{"id":"img_46","w":482,"h":857,"u":"images/","p":"img_46.jpg","e":0,"nm":"img_46.png"},{"id":"img_47","w":482,"h":857,"u":"images/","p":"img_47.jpg","e":0,"nm":"img_47.png"},{"id":"img_48","w":482,"h":857,"u":"images/","p":"img_48.jpg","e":0,"nm":"img_48.png"},{"id":"img_49","w":482,"h":857,"u":"images/","p":"img_49.jpg","e":0,"nm":"img_49.png"},{"id":"img_50","w":482,"h":857,"u":"images/","p":"img_50.jpg","e":0,"nm":"img_50.png"},{"id":"img_51","w":482,"h":857,"u":"images/","p":"img_51.jpg","e":0,"nm":"img_51.png"},{"id":"img_52","w":482,"h":857,"u":"images/","p":"img_52.jpg","e":0,"nm":"img_52.png"},{"id":"img_53","w":482,"h":857,"u":"images/","p":"img_53.jpg","e":0,"nm":"img_53.png"},{"id":"img_54","w":482,"h":857,"u":"images/","p":"img_54.jpg","e":0,"nm":"img_54.png"},{"id":"img_55","w":482,"h":857,"u":"images/","p":"img_55.jpg","e":0,"nm":"img_55.png"},{"id":"img_56","w":482,"h":857,"u":"images/","p":"img_56.jpg","e":0,"nm":"img_56.png"},{"id":"img_57","w":482,"h":857,"u":"images/","p":"img_57.jpg","e":0,"nm":"img_57.png"},{"id":"img_58","w":482,"h":857,"u":"images/","p":"img_58.jpg","e":0,"nm":"img_58.png"},{"id":"img_59","w":482,"h":857,"u":"images/","p":"img_59.jpg","e":0,"nm":"img_59.png"},{"id":"img_60","w":482,"h":857,"u":"images/","p":"img_60.jpg","e":0,"nm":"img_60.png"},{"id":"img_61","w":482,"h":857,"u":"images/","p":"img_61.jpg","e":0,"nm":"img_61.png"},{"id":"img_62","w":482,"h":857,"u":"images/","p":"img_62.jpg","e":0,"nm":"img_62.png"},{"id":"img_63","w":482,"h":857,"u":"images/","p":"img_63.jpg","e":0,"nm":"img_63.png"},{"id":"img_64","w":482,"h":857,"u":"images/","p":"img_64.jpg","e":0,"nm":"img_64.png"},{"id":"img_65","w":482,"h":857,"u":"images/","p":"img_65.jpg","e":0,"nm":"img_65.png"},{"id":"img_66","w":482,"h":857,"u":"images/","p":"img_66.jpg","e":0,"nm":"img_66.png"},{"id":"img_67","w":482,"h":857,"u":"images/","p":"img_67.jpg","e":0,"nm":"img_67.png"},{"id":"img_68","w":482,"h":857,"u":"images/","p":"img_68.jpg","e":0,"nm":"img_68.png"},{"id":"img_69","w":482,"h":857,"u":"images/","p":"img_69.jpg","e":0,"nm":"img_69.png"}],"layers":[{"ddd":0,"ind":1,"ty":2,"cl":"png","refId":"img_0","sr":1,"ks":{"o":{"a":0,"k":100,"ix":11},"r":{"a":0,"k":0,"ix":10},"p":{"a":0,"k":[163.5,290.5,0],"ix":2},"a":{"a":0,"k":[163.5,290.5,0],"ix":1},"s":{"a":0,"k":[100,100,100],"ix":6}},"ao":0,"ip":0,"op":1,"st":1,"bm":0},{"ddd":0,"ind":2,"ty":2,"cl":"png","refId":"img_1","sr":1,"ks":{"o":{"a":0,"k":100,"ix":11},"r":{"a":0,"k":0,"ix":10},"p":{"a":0,"k":[163.5,290.5,0],"ix":2},"a":{"a":0,"k":[163.5,290.5,0],"ix":1},"s":{"a":0,"k":[100,100,100],"ix":6}},"ao":0,"ip":1,"op":2,"st":1,"bm":0},{"ddd":0,"ind":3,"ty":2,"cl":"png","refId":"img_2","sr":1,"ks":{"o":{"a":0,"k":100,"ix":11},"r":{"a":0,"k":0,"ix":10},"p":{"a":0,"k":[163.5,290.5,0],"ix":2},"a":{"a":0,"k":[163.5,290.5,0],"ix":1},"s":{"a":0,"k":[100,100,100],"ix":6}},"ao":0,"ip":2,"op":3,"st":1,"bm":0},{"ddd":0,"ind":4,"ty":2,"cl":"png","refId":"img_3","sr":1,"ks":{"o":{"a":0,"k":100,"ix":11},"r":{"a":0,"k":0,"ix":10},"p":{"a":0,"k":[163.5,290.5,0],"ix":2},"a":{"a":0,"k":[163.5,290.5,0],"ix":1},"s":{"a":0,"k":[100,100,100],"ix":6}},"ao":0,"ip":3,"op":4,"st":1,"bm":0},{"ddd":0,"ind":5,"ty":2,"cl":"png","refId":"img_4","sr":1,"ks":{"o":{"a":0,"k":100,"ix":11},"r":{"a":0,"k":0,"ix":10},"p":{"a":0,"k":[163.5,290.5,0],"ix":2},"a":{"a":0,"k":[163.5,290.5,0],"ix":1},"s":{"a":0,"k":[100,100,100],"ix":6}},"ao":0,"ip":4,"op":5,"st":1,"bm":0},{"ddd":0,"ind":6,"ty":2,"cl":"png","refId":"img_5","sr":1,"ks":{"o":{"a":0,"k":100,"ix":11},"r":{"a":0,"k":0,"ix":10},"p":{"a":0,"k":[163.5,290.5,0],"ix":2},"a":{"a":0,"k":[163.5,290.5,0],"ix":1},"s":{"a":0,"k":[100,100,100],"ix":6}},"ao":0,"ip":5,"op":6,"st":1,"bm":0},{"ddd":0,"ind":7,"ty":2,"cl":"png","refId":"img_6","sr":1,"ks":{"o":{"a":0,"k":100,"ix":11},"r":{"a":0,"k":0,"ix":10},"p":{"a":0,"k":[163.5,290.5,0],"ix":2},"a":{"a":0,"k":[163.5,290.5,0],"ix":1},"s":{"a":0,"k":[100,100,100],"ix":6}},"ao":0,"ip":6,"op":7,"st":1,"bm":0},{"ddd":0,"ind":8,"ty":2,"cl":"png","refId":"img_7","sr":1,"ks":{"o":{"a":0,"k":100,"ix":11},"r":{"a":0,"k":0,"ix":10},"p":{"a":0,"k":[163.5,290.5,0],"ix":2},"a":{"a":0,"k":[163.5,290.5,0],"ix":1},"s":{"a":0,"k":[100,100,100],"ix":6}},"ao":0,"ip":7,"op":8,"st":1,"bm":0},{"ddd":0,"ind":9,"ty":2,"cl":"png","refId":"img_8","sr":1,"ks":{"o":{"a":0,"k":100,"ix":11},"r":{"a":0,"k":0,"ix":10},"p":{"a":0,"k":[163.5,290.5,0],"ix":2},"a":{"a":0,"k":[163.5,290.5,0],"ix":1},"s":{"a":0,"k":[100,100,100],"ix":6}},"ao":0,"ip":8,"op":9,"st":1,"bm":0},{"ddd":0,"ind":10,"ty":2,"cl":"png","refId":"img_9","sr":1,"ks":{"o":{"a":0,"k":100,"ix":11},"r":{"a":0,"k":0,"ix":10},"p":{"a":0,"k":[163.5,290.5,0],"ix":2},"a":{"a":0,"k":[163.5,290.5,0],"ix":1},"s":{"a":0,"k":[100,100,100],"ix":6}},"ao":0,"ip":9,"op":10,"st":1,"bm":0},{"ddd":0,"ind":11,"ty":2,"cl":"png","refId":"img_10","sr":1,"ks":{"o":{"a":0,"k":100,"ix":11},"r":{"a":0,"k":0,"ix":10},"p":{"a":0,"k":[163.5,290.5,0],"ix":2},"a":{"a":0,"k":[163.5,290.5,0],"ix":1},"s":{"a":0,"k":[100,100,100],"ix":6}},"ao":0,"ip":10,"op":11,"st":1,"bm":0},{"ddd":0,"ind":12,"ty":2,"cl":"png","refId":"img_11","sr":1,"ks":{"o":{"a":0,"k":100,"ix":11},"r":{"a":0,"k":0,"ix":10},"p":{"a":0,"k":[163.5,290.5,0],"ix":2},"a":{"a":0,"k":[163.5,290.5,0],"ix":1},"s":{"a":0,"k":[100,100,100],"ix":6}},"ao":0,"ip":11,"op":12,"st":1,"bm":0},{"ddd":0,"ind":13,"ty":2,"cl":"png","refId":"img_12","sr":1,"ks":{"o":{"a":0,"k":100,"ix":11},"r":{"a":0,"k":0,"ix":10},"p":{"a":0,"k":[163.5,290.5,0],"ix":2},"a":{"a":0,"k":[163.5,290.5,0],"ix":1},"s":{"a":0,"k":[100,100,100],"ix":6}},"ao":0,"ip":12,"op":13,"st":1,"bm":0},{"ddd":0,"ind":14,"ty":2,"cl":"png","refId":"img_13","sr":1,"ks":{"o":{"a":0,"k":100,"ix":11},"r":{"a":0,"k":0,"ix":10},"p":{"a":0,"k":[163.5,290.5,0],"ix":2},"a":{"a":0,"k":[163.5,290.5,0],"ix":1},"s":{"a":0,"k":[100,100,100],"ix":6}},"ao":0,"ip":13,"op":14,"st":1,"bm":0},{"ddd":0,"ind":15,"ty":2,"cl":"png","refId":"img_14","sr":1,"ks":{"o":{"a":0,"k":100,"ix":11},"r":{"a":0,"k":0,"ix":10},"p":{"a":0,"k":[163.5,290.5,0],"ix":2},"a":{"a":0,"k":[163.5,290.5,0],"ix":1},"s":{"a":0,"k":[100,100,100],"ix":6}},"ao":0,"ip":14,"op":15,"st":1,"bm":0},{"ddd":0,"ind":16,"ty":2,"cl":"png","refId":"img_15","sr":1,"ks":{"o":{"a":0,"k":100,"ix":11},"r":{"a":0,"k":0,"ix":10},"p":{"a":0,"k":[163.5,290.5,0],"ix":2},"a":{"a":0,"k":[163.5,290.5,0],"ix":1},"s":{"a":0,"k":[100,100,100],"ix":6}},"ao":0,"ip":15,"op":16,"st":1,"bm":0},{"ddd":0,"ind":17,"ty":2,"cl":"png","refId":"img_16","sr":1,"ks":{"o":{"a":0,"k":100,"ix":11},"r":{"a":0,"k":0,"ix":10},"p":{"a":0,"k":[163.5,290.5,0],"ix":2},"a":{"a":0,"k":[163.5,290.5,0],"ix":1},"s":{"a":0,"k":[100,100,100],"ix":6}},"ao":0,"ip":16,"op":17,"st":1,"bm":0},{"ddd":0,"ind":18,"ty":2,"cl":"png","refId":"img_17","sr":1,"ks":{"o":{"a":0,"k":100,"ix":11},"r":{"a":0,"k":0,"ix":10},"p":{"a":0,"k":[163.5,290.5,0],"ix":2},"a":{"a":0,"k":[163.5,290.5,0],"ix":1},"s":{"a":0,"k":[100,100,100],"ix":6}},"ao":0,"ip":17,"op":18,"st":1,"bm":0},{"ddd":0,"ind":19,"ty":2,"cl":"png","refId":"img_18","sr":1,"ks":{"o":{"a":0,"k":100,"ix":11},"r":{"a":0,"k":0,"ix":10},"p":{"a":0,"k":[163.5,290.5,0],"ix":2},"a":{"a":0,"k":[163.5,290.5,0],"ix":1},"s":{"a":0,"k":[100,100,100],"ix":6}},"ao":0,"ip":18,"op":19,"st":1,"bm":0},{"ddd":0,"ind":20,"ty":2,"cl":"png","refId":"img_19","sr":1,"ks":{"o":{"a":0,"k":100,"ix":11},"r":{"a":0,"k":0,"ix":10},"p":{"a":0,"k":[163.5,290.5,0],"ix":2},"a":{"a":0,"k":[163.5,290.5,0],"ix":1},"s":{"a":0,"k":[100,100,100],"ix":6}},"ao":0,"ip":19,"op":20,"st":1,"bm":0},{"ddd":0,"ind":21,"ty":2,"cl":"png","refId":"img_20","sr":1,"ks":{"o":{"a":0,"k":100,"ix":11},"r":{"a":0,"k":0,"ix":10},"p":{"a":0,"k":[163.5,290.5,0],"ix":2},"a":{"a":0,"k":[163.5,290.5,0],"ix":1},"s":{"a":0,"k":[100,100,100],"ix":6}},"ao":0,"ip":20,"op":21,"st":1,"bm":0},{"ddd":0,"ind":22,"ty":2,"cl":"png","refId":"img_21","sr":1,"ks":{"o":{"a":0,"k":100,"ix":11},"r":{"a":0,"k":0,"ix":10},"p":{"a":0,"k":[163.5,290.5,0],"ix":2},"a":{"a":0,"k":[163.5,290.5,0],"ix":1},"s":{"a":0,"k":[100,100,100],"ix":6}},"ao":0,"ip":21,"op":22,"st":1,"bm":0},{"ddd":0,"ind":23,"ty":2,"cl":"png","refId":"img_22","sr":1,"ks":{"o":{"a":0,"k":100,"ix":11},"r":{"a":0,"k":0,"ix":10},"p":{"a":0,"k":[163.5,290.5,0],"ix":2},"a":{"a":0,"k":[163.5,290.5,0],"ix":1},"s":{"a":0,"k":[100,100,100],"ix":6}},"ao":0,"ip":22,"op":23,"st":1,"bm":0},{"ddd":0,"ind":24,"ty":2,"cl":"png","refId":"img_23","sr":1,"ks":{"o":{"a":0,"k":100,"ix":11},"r":{"a":0,"k":0,"ix":10},"p":{"a":0,"k":[163.5,290.5,0],"ix":2},"a":{"a":0,"k":[163.5,290.5,0],"ix":1},"s":{"a":0,"k":[100,100,100],"ix":6}},"ao":0,"ip":23,"op":24,"st":1,"bm":0},{"ddd":0,"ind":25,"ty":2,"cl":"png","refId":"img_24","sr":1,"ks":{"o":{"a":0,"k":100,"ix":11},"r":{"a":0,"k":0,"ix":10},"p":{"a":0,"k":[163.5,290.5,0],"ix":2},"a":{"a":0,"k":[163.5,290.5,0],"ix":1},"s":{"a":0,"k":[100,100,100],"ix":6}},"ao":0,"ip":24,"op":25,"st":1,"bm":0},{"ddd":0,"ind":26,"ty":2,"cl":"png","refId":"img_25","sr":1,"ks":{"o":{"a":0,"k":100,"ix":11},"r":{"a":0,"k":0,"ix":10},"p":{"a":0,"k":[163.5,290.5,0],"ix":2},"a":{"a":0,"k":[163.5,290.5,0],"ix":1},"s":{"a":0,"k":[100,100,100],"ix":6}},"ao":0,"ip":25,"op":26,"st":1,"bm":0},{"ddd":0,"ind":27,"ty":2,"cl":"png","refId":"img_26","sr":1,"ks":{"o":{"a":0,"k":100,"ix":11},"r":{"a":0,"k":0,"ix":10},"p":{"a":0,"k":[163.5,290.5,0],"ix":2},"a":{"a":0,"k":[163.5,290.5,0],"ix":1},"s":{"a":0,"k":[100,100,100],"ix":6}},"ao":0,"ip":26,"op":27,"st":1,"bm":0},{"ddd":0,"ind":28,"ty":2,"cl":"png","refId":"img_27","sr":1,"ks":{"o":{"a":0,"k":100,"ix":11},"r":{"a":0,"k":0,"ix":10},"p":{"a":0,"k":[163.5,290.5,0],"ix":2},"a":{"a":0,"k":[163.5,290.5,0],"ix":1},"s":{"a":0,"k":[100,100,100],"ix":6}},"ao":0,"ip":27,"op":28,"st":1,"bm":0},{"ddd":0,"ind":29,"ty":2,"cl":"png","refId":"img_28","sr":1,"ks":{"o":{"a":0,"k":100,"ix":11},"r":{"a":0,"k":0,"ix":10},"p":{"a":0,"k":[163.5,290.5,0],"ix":2},"a":{"a":0,"k":[163.5,290.5,0],"ix":1},"s":{"a":0,"k":[100,100,100],"ix":6}},"ao":0,"ip":28,"op":29,"st":1,"bm":0},{"ddd":0,"ind":30,"ty":2,"cl":"png","refId":"img_29","sr":1,"ks":{"o":{"a":0,"k":100,"ix":11},"r":{"a":0,"k":0,"ix":10},"p":{"a":0,"k":[163.5,290.5,0],"ix":2},"a":{"a":0,"k":[163.5,290.5,0],"ix":1},"s":{"a":0,"k":[100,100,100],"ix":6}},"ao":0,"ip":29,"op":30,"st":1,"bm":0},{"ddd":0,"ind":31,"ty":2,"cl":"png","refId":"img_30","sr":1,"ks":{"o":{"a":0,"k":100,"ix":11},"r":{"a":0,"k":0,"ix":10},"p":{"a":0,"k":[163.5,290.5,0],"ix":2},"a":{"a":0,"k":[163.5,290.5,0],"ix":1},"s":{"a":0,"k":[100,100,100],"ix":6}},"ao":0,"ip":30,"op":31,"st":1,"bm":0},{"ddd":0,"ind":32,"ty":2,"cl":"png","refId":"img_31","sr":1,"ks":{"o":{"a":0,"k":100,"ix":11},"r":{"a":0,"k":0,"ix":10},"p":{"a":0,"k":[163.5,290.5,0],"ix":2},"a":{"a":0,"k":[163.5,290.5,0],"ix":1},"s":{"a":0,"k":[100,100,100],"ix":6}},"ao":0,"ip":31,"op":32,"st":1,"bm":0},{"ddd":0,"ind":33,"ty":2,"cl":"png","refId":"img_32","sr":1,"ks":{"o":{"a":0,"k":100,"ix":11},"r":{"a":0,"k":0,"ix":10},"p":{"a":0,"k":[163.5,290.5,0],"ix":2},"a":{"a":0,"k":[163.5,290.5,0],"ix":1},"s":{"a":0,"k":[100,100,100],"ix":6}},"ao":0,"ip":32,"op":33,"st":1,"bm":0},{"ddd":0,"ind":34,"ty":2,"cl":"png","refId":"img_33","sr":1,"ks":{"o":{"a":0,"k":100,"ix":11},"r":{"a":0,"k":0,"ix":10},"p":{"a":0,"k":[163.5,290.5,0],"ix":2},"a":{"a":0,"k":[163.5,290.5,0],"ix":1},"s":{"a":0,"k":[100,100,100],"ix":6}},"ao":0,"ip":33,"op":34,"st":1,"bm":0},{"ddd":0,"ind":35,"ty":2,"cl":"png","refId":"img_34","sr":1,"ks":{"o":{"a":0,"k":100,"ix":11},"r":{"a":0,"k":0,"ix":10},"p":{"a":0,"k":[163.5,290.5,0],"ix":2},"a":{"a":0,"k":[163.5,290.5,0],"ix":1},"s":{"a":0,"k":[100,100,100],"ix":6}},"ao":0,"ip":34,"op":35,"st":1,"bm":0},{"ddd":0,"ind":36,"ty":2,"cl":"png","refId":"img_35","sr":1,"ks":{"o":{"a":0,"k":100,"ix":11},"r":{"a":0,"k":0,"ix":10},"p":{"a":0,"k":[163.5,290.5,0],"ix":2},"a":{"a":0,"k":[163.5,290.5,0],"ix":1},"s":{"a":0,"k":[100,100,100],"ix":6}},"ao":0,"ip":35,"op":36,"st":1,"bm":0},{"ddd":0,"ind":37,"ty":2,"cl":"png","refId":"img_36","sr":1,"ks":{"o":{"a":0,"k":100,"ix":11},"r":{"a":0,"k":0,"ix":10},"p":{"a":0,"k":[163.5,290.5,0],"ix":2},"a":{"a":0,"k":[163.5,290.5,0],"ix":1},"s":{"a":0,"k":[100,100,100],"ix":6}},"ao":0,"ip":36,"op":37,"st":1,"bm":0},{"ddd":0,"ind":38,"ty":2,"cl":"png","refId":"img_37","sr":1,"ks":{"o":{"a":0,"k":100,"ix":11},"r":{"a":0,"k":0,"ix":10},"p":{"a":0,"k":[163.5,290.5,0],"ix":2},"a":{"a":0,"k":[163.5,290.5,0],"ix":1},"s":{"a":0,"k":[100,100,100],"ix":6}},"ao":0,"ip":37,"op":38,"st":1,"bm":0},{"ddd":0,"ind":39,"ty":2,"cl":"png","refId":"img_38","sr":1,"ks":{"o":{"a":0,"k":100,"ix":11},"r":{"a":0,"k":0,"ix":10},"p":{"a":0,"k":[163.5,290.5,0],"ix":2},"a":{"a":0,"k":[163.5,290.5,0],"ix":1},"s":{"a":0,"k":[100,100,100],"ix":6}},"ao":0,"ip":38,"op":39,"st":1,"bm":0},{"ddd":0,"ind":40,"ty":2,"cl":"png","refId":"img_39","sr":1,"ks":{"o":{"a":0,"k":100,"ix":11},"r":{"a":0,"k":0,"ix":10},"p":{"a":0,"k":[163.5,290.5,0],"ix":2},"a":{"a":0,"k":[163.5,290.5,0],"ix":1},"s":{"a":0,"k":[100,100,100],"ix":6}},"ao":0,"ip":39,"op":40,"st":1,"bm":0},{"ddd":0,"ind":41,"ty":2,"cl":"png","refId":"img_40","sr":1,"ks":{"o":{"a":0,"k":100,"ix":11},"r":{"a":0,"k":0,"ix":10},"p":{"a":0,"k":[163.5,290.5,0],"ix":2},"a":{"a":0,"k":[163.5,290.5,0],"ix":1},"s":{"a":0,"k":[100,100,100],"ix":6}},"ao":0,"ip":40,"op":41,"st":1,"bm":0},{"ddd":0,"ind":42,"ty":2,"cl":"png","refId":"img_41","sr":1,"ks":{"o":{"a":0,"k":100,"ix":11},"r":{"a":0,"k":0,"ix":10},"p":{"a":0,"k":[163.5,290.5,0],"ix":2},"a":{"a":0,"k":[163.5,290.5,0],"ix":1},"s":{"a":0,"k":[100,100,100],"ix":6}},"ao":0,"ip":41,"op":42,"st":1,"bm":0},{"ddd":0,"ind":43,"ty":2,"cl":"png","refId":"img_42","sr":1,"ks":{"o":{"a":0,"k":100,"ix":11},"r":{"a":0,"k":0,"ix":10},"p":{"a":0,"k":[163.5,290.5,0],"ix":2},"a":{"a":0,"k":[163.5,290.5,0],"ix":1},"s":{"a":0,"k":[100,100,100],"ix":6}},"ao":0,"ip":42,"op":43,"st":1,"bm":0},{"ddd":0,"ind":44,"ty":2,"cl":"png","refId":"img_43","sr":1,"ks":{"o":{"a":0,"k":100,"ix":11},"r":{"a":0,"k":0,"ix":10},"p":{"a":0,"k":[163.5,290.5,0],"ix":2},"a":{"a":0,"k":[163.5,290.5,0],"ix":1},"s":{"a":0,"k":[100,100,100],"ix":6}},"ao":0,"ip":43,"op":44,"st":1,"bm":0},{"ddd":0,"ind":45,"ty":2,"cl":"png","refId":"img_44","sr":1,"ks":{"o":{"a":0,"k":100,"ix":11},"r":{"a":0,"k":0,"ix":10},"p":{"a":0,"k":[163.5,290.5,0],"ix":2},"a":{"a":0,"k":[163.5,290.5,0],"ix":1},"s":{"a":0,"k":[100,100,100],"ix":6}},"ao":0,"ip":44,"op":45,"st":1,"bm":0},{"ddd":0,"ind":46,"ty":2,"cl":"png","refId":"img_45","sr":1,"ks":{"o":{"a":0,"k":100,"ix":11},"r":{"a":0,"k":0,"ix":10},"p":{"a":0,"k":[163.5,290.5,0],"ix":2},"a":{"a":0,"k":[163.5,290.5,0],"ix":1},"s":{"a":0,"k":[100,100,100],"ix":6}},"ao":0,"ip":45,"op":46,"st":1,"bm":0},{"ddd":0,"ind":47,"ty":2,"cl":"png","refId":"img_46","sr":1,"ks":{"o":{"a":0,"k":100,"ix":11},"r":{"a":0,"k":0,"ix":10},"p":{"a":0,"k":[163.5,290.5,0],"ix":2},"a":{"a":0,"k":[163.5,290.5,0],"ix":1},"s":{"a":0,"k":[100,100,100],"ix":6}},"ao":0,"ip":46,"op":47,"st":1,"bm":0},{"ddd":0,"ind":48,"ty":2,"cl":"png","refId":"img_47","sr":1,"ks":{"o":{"a":0,"k":100,"ix":11},"r":{"a":0,"k":0,"ix":10},"p":{"a":0,"k":[163.5,290.5,0],"ix":2},"a":{"a":0,"k":[163.5,290.5,0],"ix":1},"s":{"a":0,"k":[100,100,100],"ix":6}},"ao":0,"ip":47,"op":48,"st":1,"bm":0},{"ddd":0,"ind":49,"ty":2,"cl":"png","refId":"img_48","sr":1,"ks":{"o":{"a":0,"k":100,"ix":11},"r":{"a":0,"k":0,"ix":10},"p":{"a":0,"k":[163.5,290.5,0],"ix":2},"a":{"a":0,"k":[163.5,290.5,0],"ix":1},"s":{"a":0,"k":[100,100,100],"ix":6}},"ao":0,"ip":48,"op":49,"st":1,"bm":0},{"ddd":0,"ind":50,"ty":2,"cl":"png","refId":"img_49","sr":1,"ks":{"o":{"a":0,"k":100,"ix":11},"r":{"a":0,"k":0,"ix":10},"p":{"a":0,"k":[163.5,290.5,0],"ix":2},"a":{"a":0,"k":[163.5,290.5,0],"ix":1},"s":{"a":0,"k":[100,100,100],"ix":6}},"ao":0,"ip":49,"op":50,"st":1,"bm":0},{"ddd":0,"ind":51,"ty":2,"cl":"png","refId":"img_50","sr":1,"ks":{"o":{"a":0,"k":100,"ix":11},"r":{"a":0,"k":0,"ix":10},"p":{"a":0,"k":[163.5,290.5,0],"ix":2},"a":{"a":0,"k":[163.5,290.5,0],"ix":1},"s":{"a":0,"k":[100,100,100],"ix":6}},"ao":0,"ip":50,"op":51,"st":1,"bm":0},{"ddd":0,"ind":52,"ty":2,"cl":"png","refId":"img_51","sr":1,"ks":{"o":{"a":0,"k":100,"ix":11},"r":{"a":0,"k":0,"ix":10},"p":{"a":0,"k":[163.5,290.5,0],"ix":2},"a":{"a":0,"k":[163.5,290.5,0],"ix":1},"s":{"a":0,"k":[100,100,100],"ix":6}},"ao":0,"ip":51,"op":52,"st":1,"bm":0},{"ddd":0,"ind":53,"ty":2,"cl":"png","refId":"img_52","sr":1,"ks":{"o":{"a":0,"k":100,"ix":11},"r":{"a":0,"k":0,"ix":10},"p":{"a":0,"k":[163.5,290.5,0],"ix":2},"a":{"a":0,"k":[163.5,290.5,0],"ix":1},"s":{"a":0,"k":[100,100,100],"ix":6}},"ao":0,"ip":52,"op":53,"st":1,"bm":0},{"ddd":0,"ind":54,"ty":2,"cl":"png","refId":"img_53","sr":1,"ks":{"o":{"a":0,"k":100,"ix":11},"r":{"a":0,"k":0,"ix":10},"p":{"a":0,"k":[163.5,290.5,0],"ix":2},"a":{"a":0,"k":[163.5,290.5,0],"ix":1},"s":{"a":0,"k":[100,100,100],"ix":6}},"ao":0,"ip":53,"op":54,"st":1,"bm":0},{"ddd":0,"ind":55,"ty":2,"cl":"png","refId":"img_54","sr":1,"ks":{"o":{"a":0,"k":100,"ix":11},"r":{"a":0,"k":0,"ix":10},"p":{"a":0,"k":[163.5,290.5,0],"ix":2},"a":{"a":0,"k":[163.5,290.5,0],"ix":1},"s":{"a":0,"k":[100,100,100],"ix":6}},"ao":0,"ip":54,"op":55,"st":1,"bm":0},{"ddd":0,"ind":56,"ty":2,"cl":"png","refId":"img_55","sr":1,"ks":{"o":{"a":0,"k":100,"ix":11},"r":{"a":0,"k":0,"ix":10},"p":{"a":0,"k":[163.5,290.5,0],"ix":2},"a":{"a":0,"k":[163.5,290.5,0],"ix":1},"s":{"a":0,"k":[100,100,100],"ix":6}},"ao":0,"ip":55,"op":56,"st":1,"bm":0},{"ddd":0,"ind":57,"ty":2,"cl":"png","refId":"img_56","sr":1,"ks":{"o":{"a":0,"k":100,"ix":11},"r":{"a":0,"k":0,"ix":10},"p":{"a":0,"k":[163.5,290.5,0],"ix":2},"a":{"a":0,"k":[163.5,290.5,0],"ix":1},"s":{"a":0,"k":[100,100,100],"ix":6}},"ao":0,"ip":56,"op":57,"st":1,"bm":0},{"ddd":0,"ind":58,"ty":2,"cl":"png","refId":"img_57","sr":1,"ks":{"o":{"a":0,"k":100,"ix":11},"r":{"a":0,"k":0,"ix":10},"p":{"a":0,"k":[163.5,290.5,0],"ix":2},"a":{"a":0,"k":[163.5,290.5,0],"ix":1},"s":{"a":0,"k":[100,100,100],"ix":6}},"ao":0,"ip":57,"op":58,"st":1,"bm":0},{"ddd":0,"ind":59,"ty":2,"cl":"png","refId":"img_58","sr":1,"ks":{"o":{"a":0,"k":100,"ix":11},"r":{"a":0,"k":0,"ix":10},"p":{"a":0,"k":[163.5,290.5,0],"ix":2},"a":{"a":0,"k":[163.5,290.5,0],"ix":1},"s":{"a":0,"k":[100,100,100],"ix":6}},"ao":0,"ip":58,"op":59,"st":1,"bm":0},{"ddd":0,"ind":60,"ty":2,"cl":"png","refId":"img_59","sr":1,"ks":{"o":{"a":0,"k":100,"ix":11},"r":{"a":0,"k":0,"ix":10},"p":{"a":0,"k":[163.5,290.5,0],"ix":2},"a":{"a":0,"k":[163.5,290.5,0],"ix":1},"s":{"a":0,"k":[100,100,100],"ix":6}},"ao":0,"ip":59,"op":60,"st":1,"bm":0},{"ddd":0,"ind":61,"ty":2,"cl":"png","refId":"img_60","sr":1,"ks":{"o":{"a":0,"k":100,"ix":11},"r":{"a":0,"k":0,"ix":10},"p":{"a":0,"k":[163.5,290.5,0],"ix":2},"a":{"a":0,"k":[163.5,290.5,0],"ix":1},"s":{"a":0,"k":[100,100,100],"ix":6}},"ao":0,"ip":60,"op":61,"st":1,"bm":0},{"ddd":0,"ind":62,"ty":2,"cl":"png","refId":"img_61","sr":1,"ks":{"o":{"a":0,"k":100,"ix":11},"r":{"a":0,"k":0,"ix":10},"p":{"a":0,"k":[163.5,290.5,0],"ix":2},"a":{"a":0,"k":[163.5,290.5,0],"ix":1},"s":{"a":0,"k":[100,100,100],"ix":6}},"ao":0,"ip":61,"op":62,"st":1,"bm":0},{"ddd":0,"ind":63,"ty":2,"cl":"png","refId":"img_62","sr":1,"ks":{"o":{"a":0,"k":100,"ix":11},"r":{"a":0,"k":0,"ix":10},"p":{"a":0,"k":[163.5,290.5,0],"ix":2},"a":{"a":0,"k":[163.5,290.5,0],"ix":1},"s":{"a":0,"k":[100,100,100],"ix":6}},"ao":0,"ip":62,"op":63,"st":1,"bm":0},{"ddd":0,"ind":64,"ty":2,"cl":"png","refId":"img_63","sr":1,"ks":{"o":{"a":0,"k":100,"ix":11},"r":{"a":0,"k":0,"ix":10},"p":{"a":0,"k":[163.5,290.5,0],"ix":2},"a":{"a":0,"k":[163.5,290.5,0],"ix":1},"s":{"a":0,"k":[100,100,100],"ix":6}},"ao":0,"ip":63,"op":64,"st":1,"bm":0},{"ddd":0,"ind":65,"ty":2,"cl":"png","refId":"img_64","sr":1,"ks":{"o":{"a":0,"k":100,"ix":11},"r":{"a":0,"k":0,"ix":10},"p":{"a":0,"k":[163.5,290.5,0],"ix":2},"a":{"a":0,"k":[163.5,290.5,0],"ix":1},"s":{"a":0,"k":[100,100,100],"ix":6}},"ao":0,"ip":64,"op":65,"st":1,"bm":0},{"ddd":0,"ind":66,"ty":2,"cl":"png","refId":"img_65","sr":1,"ks":{"o":{"a":0,"k":100,"ix":11},"r":{"a":0,"k":0,"ix":10},"p":{"a":0,"k":[163.5,290.5,0],"ix":2},"a":{"a":0,"k":[163.5,290.5,0],"ix":1},"s":{"a":0,"k":[100,100,100],"ix":6}},"ao":0,"ip":65,"op":66,"st":1,"bm":0},{"ddd":0,"ind":67,"ty":2,"cl":"png","refId":"img_66","sr":1,"ks":{"o":{"a":0,"k":100,"ix":11},"r":{"a":0,"k":0,"ix":10},"p":{"a":0,"k":[163.5,290.5,0],"ix":2},"a":{"a":0,"k":[163.5,290.5,0],"ix":1},"s":{"a":0,"k":[100,100,100],"ix":6}},"ao":0,"ip":66,"op":67,"st":1,"bm":0},{"ddd":0,"ind":68,"ty":2,"cl":"png","refId":"img_67","sr":1,"ks":{"o":{"a":0,"k":100,"ix":11},"r":{"a":0,"k":0,"ix":10},"p":{"a":0,"k":[163.5,290.5,0],"ix":2},"a":{"a":0,"k":[163.5,290.5,0],"ix":1},"s":{"a":0,"k":[100,100,100],"ix":6}},"ao":0,"ip":67,"op":68,"st":1,"bm":0},{"ddd":0,"ind":69,"ty":2,"cl":"png","refId":"img_68","sr":1,"ks":{"o":{"a":0,"k":100,"ix":11},"r":{"a":0,"k":0,"ix":10},"p":{"a":0,"k":[163.5,290.5,0],"ix":2},"a":{"a":0,"k":[163.5,290.5,0],"ix":1},"s":{"a":0,"k":[100,100,100],"ix":6}},"ao":0,"ip":68,"op":69,"st":1,"bm":0},{"ddd":0,"ind":70,"ty":2,"cl":"png","refId":"img_69","sr":1,"ks":{"o":{"a":0,"k":100,"ix":11},"r":{"a":0,"k":0,"ix":10},"p":{"a":0,"k":[163.5,290.5,0],"ix":2},"a":{"a":0,"k":[163.5,290.5,0],"ix":1},"s":{"a":0,"k":[100,100,100],"ix":6}},"ao":0,"ip":69,"op":70,"st":1,"bm":0}],"markers":[]}