{"v":"5.6.10","fr":"60","ip":0,"op":32,"w":1080,"h":1920,"nm":"QQ909125644","ddd":0,"assets":[{"id":"img_0","w":"300","h":"300","u":"images/","p":"img_0.png","e":0},{"id":"img_1","w":"300","h":"300","u":"images/","p":"img_1.png","e":0},{"id":"img_2","w":"300","h":"300","u":"images/","p":"img_2.png","e":0},{"id":"img_3","w":"300","h":"300","u":"images/","p":"img_3.png","e":0}],"layers":[{"ddd":0,"ind":1,"ty":2,"nm":"QQ909125644","cl":"png","refId":"img_0","sr":1,"ks":{"o":{"a":0,"k":100,"ix":11},"r":{"a":0,"k":0,"ix":10},"p":{"a":0,"k":[100,1590,0],"ix":2},"a":{"a":0,"k":[89.5,153,0],"ix":1},"s":{"a":0,"k":[100,100,100],"ix":6}},"ao":0,"ip":0,"op":8,"st":0,"bm":0},{"ddd":0,"ind":2,"ty":2,"nm":"QQ909125644","cl":"png","refId":"img_1","sr":1,"ks":{"o":{"a":0,"k":100,"ix":11},"r":{"a":0,"k":0,"ix":10},"p":{"a":0,"k":[100,1590,0],"ix":2},"a":{"a":0,"k":[89.5,153,0],"ix":1},"s":{"a":0,"k":[100,100,100],"ix":6}},"ao":0,"ip":8,"op":16,"st":8,"bm":0},{"ddd":0,"ind":3,"ty":2,"nm":"QQ909125644","cl":"png","refId":"img_2","sr":1,"ks":{"o":{"a":0,"k":100,"ix":11},"r":{"a":0,"k":0,"ix":10},"p":{"a":0,"k":[100,1590,0],"ix":2},"a":{"a":0,"k":[89.5,153,0],"ix":1},"s":{"a":0,"k":[100,100,100],"ix":6}},"ao":0,"ip":16,"op":24,"st":16,"bm":0},{"ddd":0,"ind":4,"ty":2,"nm":"QQ909125644","cl":"png","refId":"img_3","sr":1,"ks":{"o":{"a":0,"k":100,"ix":11},"r":{"a":0,"k":0,"ix":10},"p":{"a":0,"k":[100,1590,0],"ix":2},"a":{"a":0,"k":[89.5,153,0],"ix":1},"s":{"a":0,"k":[100,100,100],"ix":6}},"ao":0,"ip":24,"op":32,"st":24,"bm":0}],"markers":[]}