{"v":"5.5.2","fr":12,"ip":0,"op":16,"w":750,"h":1334,"nm":"animation","ddd":0,"assets":[{"id":"image_0","w":765,"h":748,"u":"images/","p":"img_0.png","e":0},{"id":"image_1","w":750,"h":1334,"u":"images/","p":"img_1.png","e":0},{"id":"image_2","w":750,"h":1334,"u":"images/","p":"img_2.png","e":0},{"id":"image_3","w":666,"h":778,"u":"images/","p":"img_3.png","e":0},{"id":"image_4","w":731,"h":795,"u":"images/","p":"img_4.png","e":0},{"id":"image_5","w":750,"h":1334,"u":"images/","p":"img_5.png","e":0},{"id":"image_6","w":79,"h":78,"u":"images/","p":"img_6.png","e":0},{"id":"image_7","w":78,"h":77,"u":"images/","p":"img_7.png","e":0},{"id":"image_8","w":632,"h":851,"u":"images/","p":"img_8.png","e":0},{"id":"comp_0","layers":[{"ddd":0,"ind":1,"ty":2,"nm":"图层 12 拷贝 19","refId":"image_0","sr":1,"ks":{"o":{"a":1,"k":[{"i":{"x":[0.833],"y":[0.833]},"o":{"x":[0.167],"y":[0.167]},"t":10,"s":[0]},{"i":{"x":[0.833],"y":[0.833]},"o":{"x":[0.167],"y":[0.167]},"t":14,"s":[100]},{"i":{"x":[0.833],"y":[0.833]},"o":{"x":[0.167],"y":[0.167]},"t":22,"s":[100]},{"t":26,"s":[0]}],"ix":11},"r":{"a":1,"k":[{"i":{"x":[0.833],"y":[0.833]},"o":{"x":[0.167],"y":[0.167]},"t":10,"s":[-176]},{"t":26,"s":[-26]}],"ix":10},"p":{"a":1,"k":[{"i":{"x":0.833,"y":0.833},"o":{"x":0.167,"y":0.167},"t":10,"s":[116.5,657,0],"to":[5,-9.667,0],"ti":[-5,9.667,0]},{"t":26,"s":[146.5,599,0]}],"ix":2},"a":{"a":0,"k":[626.5,478,0],"ix":1},"s":{"a":0,"k":[94,94,100],"ix":6}},"ao":0,"ip":10,"op":26,"st":10,"bm":0},{"ddd":0,"ind":2,"ty":2,"nm":"图层 12 拷贝 10","refId":"image_0","sr":1,"ks":{"o":{"a":1,"k":[{"i":{"x":[0.833],"y":[0.833]},"o":{"x":[0.167],"y":[0.167]},"t":-6,"s":[0]},{"i":{"x":[0.833],"y":[0.833]},"o":{"x":[0.167],"y":[0.167]},"t":-2,"s":[100]},{"i":{"x":[0.833],"y":[0.833]},"o":{"x":[0.167],"y":[0.167]},"t":6,"s":[100]},{"t":10,"s":[0]}],"ix":11},"r":{"a":1,"k":[{"i":{"x":[0.833],"y":[0.833]},"o":{"x":[0.167],"y":[0.167]},"t":-6,"s":[-176]},{"t":10,"s":[-26]}],"ix":10},"p":{"a":1,"k":[{"i":{"x":0.833,"y":0.833},"o":{"x":0.167,"y":0.167},"t":-6,"s":[116.5,657,0],"to":[5,-9.667,0],"ti":[-5,9.667,0]},{"t":10,"s":[146.5,599,0]}],"ix":2},"a":{"a":0,"k":[626.5,478,0],"ix":1},"s":{"a":0,"k":[94,94,100],"ix":6}},"ao":0,"ip":-6,"op":10,"st":-6,"bm":0},{"ddd":0,"ind":3,"ty":2,"nm":"图层 12 拷贝 18","refId":"image_0","sr":1,"ks":{"o":{"a":1,"k":[{"i":{"x":[0.833],"y":[0.833]},"o":{"x":[0.167],"y":[0.167]},"t":8,"s":[0]},{"i":{"x":[0.833],"y":[0.833]},"o":{"x":[0.167],"y":[0.167]},"t":12,"s":[100]},{"i":{"x":[0.833],"y":[0.833]},"o":{"x":[0.167],"y":[0.167]},"t":20,"s":[100]},{"t":24,"s":[0]}],"ix":11},"r":{"a":1,"k":[{"i":{"x":[0.833],"y":[0.833]},"o":{"x":[0.167],"y":[0.167]},"t":8,"s":[0]},{"t":24,"s":[150]}],"ix":10},"p":{"a":1,"k":[{"i":{"x":0.833,"y":0.833},"o":{"x":0.167,"y":0.167},"t":8,"s":[632.5,891,0],"to":[-8,-9.667,0],"ti":[8,9.667,0]},{"t":24,"s":[584.5,833,0]}],"ix":2},"a":{"a":0,"k":[626.5,478,0],"ix":1},"s":{"a":0,"k":[65,65,100],"ix":6}},"ao":0,"ip":8,"op":24,"st":8,"bm":0},{"ddd":0,"ind":4,"ty":2,"nm":"图层 12 拷贝","refId":"image_0","sr":1,"ks":{"o":{"a":1,"k":[{"i":{"x":[0.833],"y":[0.833]},"o":{"x":[0.167],"y":[0.167]},"t":-8,"s":[0]},{"i":{"x":[0.833],"y":[0.833]},"o":{"x":[0.167],"y":[0.167]},"t":-4,"s":[100]},{"i":{"x":[0.833],"y":[0.833]},"o":{"x":[0.167],"y":[0.167]},"t":4,"s":[100]},{"t":8,"s":[0]}],"ix":11},"r":{"a":1,"k":[{"i":{"x":[0.833],"y":[0.833]},"o":{"x":[0.167],"y":[0.167]},"t":-8,"s":[0]},{"t":8,"s":[150]}],"ix":10},"p":{"a":1,"k":[{"i":{"x":0.833,"y":0.833},"o":{"x":0.167,"y":0.167},"t":-8,"s":[632.5,891,0],"to":[-8,-9.667,0],"ti":[8,9.667,0]},{"t":8,"s":[584.5,833,0]}],"ix":2},"a":{"a":0,"k":[626.5,478,0],"ix":1},"s":{"a":0,"k":[65,65,100],"ix":6}},"ao":0,"ip":-8,"op":8,"st":-8,"bm":0},{"ddd":0,"ind":5,"ty":2,"nm":"图层 12 拷贝 17","refId":"image_1","sr":1,"ks":{"o":{"a":1,"k":[{"i":{"x":[0.833],"y":[0.833]},"o":{"x":[0.167],"y":[0.167]},"t":5,"s":[0]},{"i":{"x":[0.833],"y":[0.833]},"o":{"x":[0.167],"y":[0.167]},"t":9,"s":[100]},{"i":{"x":[0.833],"y":[0.833]},"o":{"x":[0.167],"y":[0.167]},"t":17,"s":[100]},{"t":21,"s":[0]}],"ix":11},"r":{"a":1,"k":[{"i":{"x":[0.833],"y":[0.833]},"o":{"x":[0.167],"y":[0.167]},"t":5,"s":[0]},{"t":21,"s":[150]}],"ix":10},"p":{"a":1,"k":[{"i":{"x":0.833,"y":0.833},"o":{"x":0.167,"y":0.167},"t":5,"s":[417,483,0],"to":[3,6.667,0],"ti":[-3,-6.667,0]},{"t":21,"s":[435,523,0]}],"ix":2},"a":{"a":0,"k":[417,483,0],"ix":1},"s":{"a":0,"k":[65,65,100],"ix":6}},"ao":0,"ip":5,"op":21,"st":5,"bm":0},{"ddd":0,"ind":6,"ty":2,"nm":"图层 12 拷贝 2","refId":"image_1","sr":1,"ks":{"o":{"a":1,"k":[{"i":{"x":[0.833],"y":[0.833]},"o":{"x":[0.167],"y":[0.167]},"t":-11,"s":[0]},{"i":{"x":[0.833],"y":[0.833]},"o":{"x":[0.167],"y":[0.167]},"t":-7,"s":[100]},{"i":{"x":[0.833],"y":[0.833]},"o":{"x":[0.167],"y":[0.167]},"t":1,"s":[100]},{"t":5,"s":[0]}],"ix":11},"r":{"a":1,"k":[{"i":{"x":[0.833],"y":[0.833]},"o":{"x":[0.167],"y":[0.167]},"t":-11,"s":[0]},{"t":5,"s":[150]}],"ix":10},"p":{"a":1,"k":[{"i":{"x":0.833,"y":0.833},"o":{"x":0.167,"y":0.167},"t":-11,"s":[417,483,0],"to":[3,6.667,0],"ti":[-3,-6.667,0]},{"t":5,"s":[435,523,0]}],"ix":2},"a":{"a":0,"k":[417,483,0],"ix":1},"s":{"a":0,"k":[65,65,100],"ix":6}},"ao":0,"ip":-11,"op":5,"st":-11,"bm":0},{"ddd":0,"ind":7,"ty":2,"nm":"图层 12 拷贝 16","refId":"image_2","sr":1,"ks":{"o":{"a":1,"k":[{"i":{"x":[0.833],"y":[0.833]},"o":{"x":[0.167],"y":[0.167]},"t":7,"s":[0]},{"i":{"x":[0.833],"y":[0.833]},"o":{"x":[0.167],"y":[0.167]},"t":11,"s":[100]},{"i":{"x":[0.833],"y":[0.833]},"o":{"x":[0.167],"y":[0.167]},"t":19,"s":[100]},{"t":23,"s":[0]}],"ix":11},"r":{"a":1,"k":[{"i":{"x":[0.833],"y":[0.833]},"o":{"x":[0.167],"y":[0.167]},"t":7,"s":[0]},{"t":23,"s":[150]}],"ix":10},"p":{"a":1,"k":[{"i":{"x":0.833,"y":0.833},"o":{"x":0.167,"y":0.167},"t":7,"s":[561,597,0],"to":[-1,8.667,0],"ti":[1,-8.667,0]},{"t":23,"s":[555,649,0]}],"ix":2},"a":{"a":0,"k":[561,597,0],"ix":1},"s":{"a":0,"k":[65,65,100],"ix":6}},"ao":0,"ip":7,"op":23,"st":7,"bm":0},{"ddd":0,"ind":8,"ty":2,"nm":"图层 12 拷贝 3","refId":"image_2","sr":1,"ks":{"o":{"a":1,"k":[{"i":{"x":[0.833],"y":[0.833]},"o":{"x":[0.167],"y":[0.167]},"t":-9,"s":[0]},{"i":{"x":[0.833],"y":[0.833]},"o":{"x":[0.167],"y":[0.167]},"t":-5,"s":[100]},{"i":{"x":[0.833],"y":[0.833]},"o":{"x":[0.167],"y":[0.167]},"t":3,"s":[100]},{"t":7,"s":[0]}],"ix":11},"r":{"a":1,"k":[{"i":{"x":[0.833],"y":[0.833]},"o":{"x":[0.167],"y":[0.167]},"t":-9,"s":[0]},{"t":7,"s":[150]}],"ix":10},"p":{"a":1,"k":[{"i":{"x":0.833,"y":0.833},"o":{"x":0.167,"y":0.167},"t":-9,"s":[561,597,0],"to":[-1,8.667,0],"ti":[1,-8.667,0]},{"t":7,"s":[555,649,0]}],"ix":2},"a":{"a":0,"k":[561,597,0],"ix":1},"s":{"a":0,"k":[65,65,100],"ix":6}},"ao":0,"ip":-9,"op":7,"st":-9,"bm":0},{"ddd":0,"ind":9,"ty":2,"nm":"图层 12 拷贝 15","refId":"image_3","sr":1,"ks":{"o":{"a":1,"k":[{"i":{"x":[0.833],"y":[0.833]},"o":{"x":[0.167],"y":[0.167]},"t":9,"s":[0]},{"i":{"x":[0.833],"y":[0.833]},"o":{"x":[0.167],"y":[0.167]},"t":13,"s":[100]},{"i":{"x":[0.833],"y":[0.833]},"o":{"x":[0.167],"y":[0.167]},"t":21,"s":[100]},{"t":25,"s":[0]}],"ix":11},"r":{"a":1,"k":[{"i":{"x":[0.833],"y":[0.833]},"o":{"x":[0.167],"y":[0.167]},"t":9,"s":[0]},{"t":25,"s":[150]}],"ix":10},"p":{"a":1,"k":[{"i":{"x":0.833,"y":0.833},"o":{"x":0.167,"y":0.167},"t":9,"s":[494,712,0],"to":[-4.667,-1.333,0],"ti":[4.667,1.333,0]},{"t":25,"s":[466,704,0]}],"ix":2},"a":{"a":0,"k":[491,301,0],"ix":1},"s":{"a":0,"k":[65,65,100],"ix":6}},"ao":0,"ip":9,"op":25,"st":9,"bm":0},{"ddd":0,"ind":10,"ty":2,"nm":"图层 12 拷贝 4","refId":"image_3","sr":1,"ks":{"o":{"a":1,"k":[{"i":{"x":[0.833],"y":[0.833]},"o":{"x":[0.167],"y":[0.167]},"t":-7,"s":[0]},{"i":{"x":[0.833],"y":[0.833]},"o":{"x":[0.167],"y":[0.167]},"t":-3,"s":[100]},{"i":{"x":[0.833],"y":[0.833]},"o":{"x":[0.167],"y":[0.167]},"t":5,"s":[100]},{"t":9,"s":[0]}],"ix":11},"r":{"a":1,"k":[{"i":{"x":[0.833],"y":[0.833]},"o":{"x":[0.167],"y":[0.167]},"t":-7,"s":[0]},{"t":9,"s":[150]}],"ix":10},"p":{"a":1,"k":[{"i":{"x":0.833,"y":0.833},"o":{"x":0.167,"y":0.167},"t":-7,"s":[494,712,0],"to":[-4.667,-1.333,0],"ti":[4.667,1.333,0]},{"t":9,"s":[466,704,0]}],"ix":2},"a":{"a":0,"k":[491,301,0],"ix":1},"s":{"a":0,"k":[65,65,100],"ix":6}},"ao":0,"ip":-7,"op":9,"st":-7,"bm":0},{"ddd":0,"ind":11,"ty":2,"nm":"图层 12 拷贝 14","refId":"image_4","sr":1,"ks":{"o":{"a":1,"k":[{"i":{"x":[0.833],"y":[0.833]},"o":{"x":[0.167],"y":[0.167]},"t":13,"s":[0]},{"i":{"x":[0.833],"y":[0.833]},"o":{"x":[0.167],"y":[0.167]},"t":17,"s":[100]},{"i":{"x":[0.833],"y":[0.833]},"o":{"x":[0.167],"y":[0.167]},"t":25,"s":[100]},{"t":29,"s":[0]}],"ix":11},"r":{"a":1,"k":[{"i":{"x":[0.833],"y":[0.833]},"o":{"x":[0.167],"y":[0.167]},"t":13,"s":[0]},{"t":29,"s":[150]}],"ix":10},"p":{"a":1,"k":[{"i":{"x":0.833,"y":0.833},"o":{"x":0.167,"y":0.167},"t":13,"s":[309.5,1115.5,0],"to":[0,-6.333,0],"ti":[0,6.333,0]},{"t":29,"s":[309.5,1077.5,0]}],"ix":2},"a":{"a":0,"k":[299.5,689.5,0],"ix":1},"s":{"a":0,"k":[65,65,100],"ix":6}},"ao":0,"ip":13,"op":29,"st":13,"bm":0},{"ddd":0,"ind":12,"ty":2,"nm":"图层 12 拷贝 6","refId":"image_4","sr":1,"ks":{"o":{"a":1,"k":[{"i":{"x":[0.833],"y":[0.833]},"o":{"x":[0.167],"y":[0.167]},"t":-3,"s":[0]},{"i":{"x":[0.833],"y":[0.833]},"o":{"x":[0.167],"y":[0.167]},"t":1,"s":[100]},{"i":{"x":[0.833],"y":[0.833]},"o":{"x":[0.167],"y":[0.167]},"t":9,"s":[100]},{"t":13,"s":[0]}],"ix":11},"r":{"a":1,"k":[{"i":{"x":[0.833],"y":[0.833]},"o":{"x":[0.167],"y":[0.167]},"t":-3,"s":[0]},{"t":13,"s":[150]}],"ix":10},"p":{"a":1,"k":[{"i":{"x":0.833,"y":0.833},"o":{"x":0.167,"y":0.167},"t":-3,"s":[309.5,1115.5,0],"to":[0,-6.333,0],"ti":[0,6.333,0]},{"t":13,"s":[309.5,1077.5,0]}],"ix":2},"a":{"a":0,"k":[299.5,689.5,0],"ix":1},"s":{"a":0,"k":[65,65,100],"ix":6}},"ao":0,"ip":-3,"op":13,"st":-3,"bm":0},{"ddd":0,"ind":13,"ty":2,"nm":"图层 12 拷贝 13","refId":"image_5","sr":1,"ks":{"o":{"a":1,"k":[{"i":{"x":[0.833],"y":[0.833]},"o":{"x":[0.167],"y":[0.167]},"t":4,"s":[0]},{"i":{"x":[0.833],"y":[0.833]},"o":{"x":[0.167],"y":[0.167]},"t":8,"s":[100]},{"i":{"x":[0.833],"y":[0.833]},"o":{"x":[0.167],"y":[0.167]},"t":16,"s":[100]},{"t":20,"s":[0]}],"ix":11},"r":{"a":1,"k":[{"i":{"x":[0.833],"y":[0.833]},"o":{"x":[0.167],"y":[0.167]},"t":4,"s":[0]},{"t":20,"s":[150]}],"ix":10},"p":{"a":1,"k":[{"i":{"x":0.833,"y":0.833},"o":{"x":0.167,"y":0.167},"t":4,"s":[335,643,0],"to":[1,5.333,0],"ti":[-1,-5.333,0]},{"t":20,"s":[341,675,0]}],"ix":2},"a":{"a":0,"k":[335,643,0],"ix":1},"s":{"a":0,"k":[65,65,100],"ix":6}},"ao":0,"ip":4,"op":20,"st":4,"bm":0},{"ddd":0,"ind":14,"ty":2,"nm":"图层 12 拷贝 7","refId":"image_5","sr":1,"ks":{"o":{"a":1,"k":[{"i":{"x":[0.833],"y":[0.833]},"o":{"x":[0.167],"y":[0.167]},"t":-12,"s":[0]},{"i":{"x":[0.833],"y":[0.833]},"o":{"x":[0.167],"y":[0.167]},"t":-8,"s":[100]},{"i":{"x":[0.833],"y":[0.833]},"o":{"x":[0.167],"y":[0.167]},"t":0,"s":[100]},{"t":4,"s":[0]}],"ix":11},"r":{"a":1,"k":[{"i":{"x":[0.833],"y":[0.833]},"o":{"x":[0.167],"y":[0.167]},"t":-12,"s":[0]},{"t":4,"s":[150]}],"ix":10},"p":{"a":1,"k":[{"i":{"x":0.833,"y":0.833},"o":{"x":0.167,"y":0.167},"t":-12,"s":[335,643,0],"to":[1,5.333,0],"ti":[-1,-5.333,0]},{"t":4,"s":[341,675,0]}],"ix":2},"a":{"a":0,"k":[335,643,0],"ix":1},"s":{"a":0,"k":[65,65,100],"ix":6}},"ao":0,"ip":-12,"op":4,"st":-12,"bm":0},{"ddd":0,"ind":15,"ty":2,"nm":"图层 12 拷贝 12","refId":"image_6","sr":1,"ks":{"o":{"a":1,"k":[{"i":{"x":[0.833],"y":[0.833]},"o":{"x":[0.167],"y":[0.167]},"t":13,"s":[0]},{"i":{"x":[0.833],"y":[0.833]},"o":{"x":[0.167],"y":[0.167]},"t":17,"s":[100]},{"i":{"x":[0.833],"y":[0.833]},"o":{"x":[0.167],"y":[0.167]},"t":25,"s":[100]},{"t":29,"s":[0]}],"ix":11},"r":{"a":1,"k":[{"i":{"x":[0.833],"y":[0.833]},"o":{"x":[0.167],"y":[0.167]},"t":13,"s":[0]},{"t":29,"s":[150]}],"ix":10},"p":{"a":1,"k":[{"i":{"x":0.833,"y":0.833},"o":{"x":0.167,"y":0.167},"t":13,"s":[460.5,853,0],"to":[-3.333,-1.333,0],"ti":[3.333,1.333,0]},{"t":29,"s":[440.5,845,0]}],"ix":2},"a":{"a":0,"k":[39.5,39,0],"ix":1},"s":{"a":0,"k":[65,65,100],"ix":6}},"ao":0,"ip":13,"op":29,"st":13,"bm":0},{"ddd":0,"ind":16,"ty":2,"nm":"图层 12 拷贝 8","refId":"image_6","sr":1,"ks":{"o":{"a":1,"k":[{"i":{"x":[0.833],"y":[0.833]},"o":{"x":[0.167],"y":[0.167]},"t":-3,"s":[0]},{"i":{"x":[0.833],"y":[0.833]},"o":{"x":[0.167],"y":[0.167]},"t":1,"s":[100]},{"i":{"x":[0.833],"y":[0.833]},"o":{"x":[0.167],"y":[0.167]},"t":9,"s":[100]},{"t":13,"s":[0]}],"ix":11},"r":{"a":1,"k":[{"i":{"x":[0.833],"y":[0.833]},"o":{"x":[0.167],"y":[0.167]},"t":-3,"s":[0]},{"t":13,"s":[150]}],"ix":10},"p":{"a":1,"k":[{"i":{"x":0.833,"y":0.833},"o":{"x":0.167,"y":0.167},"t":-3,"s":[460.5,853,0],"to":[-3.333,-1.333,0],"ti":[3.333,1.333,0]},{"t":13,"s":[440.5,845,0]}],"ix":2},"a":{"a":0,"k":[39.5,39,0],"ix":1},"s":{"a":0,"k":[65,65,100],"ix":6}},"ao":0,"ip":-3,"op":13,"st":-3,"bm":0},{"ddd":0,"ind":17,"ty":2,"nm":"图层 12 拷贝 11","refId":"image_7","sr":1,"ks":{"o":{"a":1,"k":[{"i":{"x":[0.833],"y":[0.833]},"o":{"x":[0.167],"y":[0.167]},"t":3,"s":[0]},{"i":{"x":[0.833],"y":[0.833]},"o":{"x":[0.167],"y":[0.167]},"t":7,"s":[100]},{"i":{"x":[0.833],"y":[0.833]},"o":{"x":[0.167],"y":[0.167]},"t":15,"s":[100]},{"t":19,"s":[0]}],"ix":11},"r":{"a":1,"k":[{"i":{"x":[0.833],"y":[0.833]},"o":{"x":[0.167],"y":[0.167]},"t":3,"s":[0]},{"t":19,"s":[150]}],"ix":10},"p":{"a":1,"k":[{"i":{"x":0.833,"y":0.833},"o":{"x":0.167,"y":0.167},"t":3,"s":[226,1037.5,0],"to":[1,-4.667,0],"ti":[-1,4.667,0]},{"t":19,"s":[232,1009.5,0]}],"ix":2},"a":{"a":0,"k":[39,38.5,0],"ix":1},"s":{"a":0,"k":[65,65,100],"ix":6}},"ao":0,"ip":3,"op":19,"st":3,"bm":0},{"ddd":0,"ind":18,"ty":2,"nm":"图层 12 拷贝 9","refId":"image_7","sr":1,"ks":{"o":{"a":1,"k":[{"i":{"x":[0.833],"y":[0.833]},"o":{"x":[0.167],"y":[0.167]},"t":-13,"s":[0]},{"i":{"x":[0.833],"y":[0.833]},"o":{"x":[0.167],"y":[0.167]},"t":-9,"s":[100]},{"i":{"x":[0.833],"y":[0.833]},"o":{"x":[0.167],"y":[0.167]},"t":-1,"s":[100]},{"t":3,"s":[0]}],"ix":11},"r":{"a":1,"k":[{"i":{"x":[0.833],"y":[0.833]},"o":{"x":[0.167],"y":[0.167]},"t":-13,"s":[0]},{"t":3,"s":[150]}],"ix":10},"p":{"a":1,"k":[{"i":{"x":0.833,"y":0.833},"o":{"x":0.167,"y":0.167},"t":-13,"s":[226,1037.5,0],"to":[1,-4.667,0],"ti":[-1,4.667,0]},{"t":3,"s":[232,1009.5,0]}],"ix":2},"a":{"a":0,"k":[39,38.5,0],"ix":1},"s":{"a":0,"k":[65,65,100],"ix":6}},"ao":0,"ip":-13,"op":3,"st":-13,"bm":0}]}],"layers":[{"ddd":0,"ind":1,"ty":0,"nm":"图层组2","refId":"comp_0","sr":1,"ks":{"o":{"a":0,"k":100,"ix":11},"r":{"a":0,"k":0,"ix":10},"p":{"a":0,"k":[375,667,0],"ix":2},"a":{"a":0,"k":[375,667,0],"ix":1},"s":{"a":0,"k":[100,100,100],"ix":6}},"ao":0,"w":750,"h":1334,"ip":0,"op":36.5,"st":0,"bm":0},{"ddd":0,"ind":2,"ty":2,"nm":"图层169","refId":"image_8","sr":1,"ks":{"o":{"a":1,"k":[{"i":{"x":[0.833],"y":[0.833]},"o":{"x":[0.167],"y":[0.167]},"t":8,"s":[0]},{"t":16,"s":[100]}],"ix":11},"r":{"a":0,"k":0,"ix":10},"p":{"a":0,"k":[344,801.5,0],"ix":2},"a":{"a":0,"k":[316,425.5,0],"ix":1},"s":{"a":1,"k":[{"i":{"x":[0.833,0.833,0.833],"y":[0.833,0.833,0.833]},"o":{"x":[0.167,0.167,0.167],"y":[0.167,0.167,0.167]},"t":8,"s":[100,100,100]},{"t":32,"s":[136,136,100]}],"ix":6}},"ao":0,"ip":8,"op":48,"st":8,"bm":0},{"ddd":0,"ind":3,"ty":2,"nm":"图层168","refId":"image_8","sr":1,"ks":{"o":{"a":1,"k":[{"i":{"x":[0.833],"y":[0.833]},"o":{"x":[0.167],"y":[0.167]},"t":8,"s":[100]},{"t":16,"s":[0]}],"ix":11},"r":{"a":0,"k":0,"ix":10},"p":{"a":0,"k":[344,801.5,0],"ix":2},"a":{"a":0,"k":[316,425.5,0],"ix":1},"s":{"a":1,"k":[{"i":{"x":[0.833,0.833,0.833],"y":[0.833,0.833,0.833]},"o":{"x":[0.167,0.167,0.167],"y":[0.167,0.167,0.167]},"t":-8,"s":[100,100,100]},{"t":16,"s":[136,136,100]}],"ix":6}},"ao":0,"ip":-8,"op":32,"st":-8,"bm":0}],"markers":[]}