{"v":"5.6.6","fr":50,"ip":0,"op":480,"w":1080,"h":2340,"nm":"QQ1254542628","ddd":0,"assets":[{"id":"image_0","w":126,"h":126,"u":"images/","p":"img_0.png","e":0},{"id":"image_1","w":108,"h":108,"u":"images/","p":"img_1.png","e":0},{"id":"image_2","w":110,"h":110,"u":"images/","p":"img_2.png","e":0},{"id":"image_3","w":344,"h":110,"u":"images/","p":"img_3.png","e":0},{"id":"image_4","w":800,"h":500,"u":"images/","p":"img_4.png","e":0},{"id":"image_5","w":946,"h":98,"u":"images/","p":"img_5.png","e":0},{"id":"image_6","w":800,"h":100,"u":"images/","p":"img_6.png","e":0},{"id":"image_7","w":800,"h":100,"u":"images/","p":"img_7.png","e":0},{"id":"image_8","w":633,"h":480,"u":"images/","p":"img_8.jpg","e":0},{"id":"image_9","w":509,"h":486,"u":"images/","p":"img_9.jpg","e":0},{"id":"image_10","w":633,"h":480,"u":"images/","p":"img_10.jpg","e":0},{"id":"image_11","w":361,"h":471,"u":"images/","p":"img_11.jpg","e":0},{"id":"image_12","w":942,"h":488,"u":"images/","p":"img_12.jpg","e":0},{"id":"image_13","w":363,"h":478,"u":"images/","p":"img_13.jpg","e":0},{"id":"image_14","w":575,"h":478,"u":"images/","p":"img_14.jpg","e":0},{"id":"image_15","w":655,"h":490,"u":"images/","p":"img_15.jpg","e":0},{"id":"image_16","w":644,"h":482,"u":"images/","p":"img_16.jpg","e":0},{"id":"image_17","w":365,"h":491,"u":"images/","p":"img_17.jpg","e":0},{"id":"image_18","w":367,"h":485,"u":"images/","p":"img_18.jpg","e":0},{"id":"image_19","w":1080,"h":720,"u":"images/","p":"img_19.png","e":0},{"id":"comp_0","layers":[{"ddd":0,"ind":1,"ty":2,"nm":"直播中文字@3x.png","cl":"png","refId":"image_0","sr":1,"ks":{"o":{"a":0,"k":100,"ix":11},"r":{"a":0,"k":0,"ix":10},"p":{"a":0,"k":[85,85.5,0],"ix":2},"a":{"a":0,"k":[63,63,0],"ix":1},"s":{"a":0,"k":[100,100,100],"ix":6}},"ao":0,"ip":0,"op":910,"st":0,"bm":0},{"ddd":0,"ind":2,"ty":4,"nm":"头像遮罩","td":1,"sr":1,"ks":{"o":{"a":0,"k":100,"ix":11},"r":{"a":0,"k":0,"ix":10},"p":{"a":0,"k":[85.125,85.375,0],"ix":2},"a":{"a":0,"k":[0,0,0],"ix":1},"s":{"a":1,"k":[{"i":{"x":[0.667,0.667,0.667],"y":[1,1,1]},"o":{"x":[0.121,0.121,0.333],"y":[0,0,0]},"t":0,"s":[100,100,100]},{"i":{"x":[0.667,0.667,0.667],"y":[1,1,1]},"o":{"x":[0.121,0.121,0.333],"y":[0,0,0]},"t":40,"s":[116,116,100]},{"i":{"x":[0.667,0.667,0.667],"y":[1,1,1]},"o":{"x":[0.121,0.121,0.333],"y":[0,0,0]},"t":80,"s":[100,100,100]},{"i":{"x":[0.667,0.667,0.667],"y":[1,1,1]},"o":{"x":[0.121,0.121,0.333],"y":[0,0,0]},"t":120,"s":[116,116,100]},{"t":160,"s":[100,100,100]}],"ix":6}},"ao":0,"shapes":[{"ty":"gr","it":[{"d":1,"ty":"el","s":{"a":0,"k":[126,126],"ix":2},"p":{"a":0,"k":[0,0],"ix":3},"nm":"椭圆路径 1","mn":"ADBE Vector Shape - Ellipse","hd":false},{"ty":"fl","c":{"a":0,"k":[1,0.372549027205,0.713725507259,1],"ix":4},"o":{"a":0,"k":100,"ix":5},"r":1,"bm":0,"nm":"填充 1","mn":"ADBE Vector Graphic - Fill","hd":false},{"ty":"tr","p":{"a":0,"k":[0,0],"ix":2},"a":{"a":0,"k":[0,0],"ix":1},"s":{"a":0,"k":[100,100],"ix":3},"r":{"a":0,"k":0,"ix":6},"o":{"a":0,"k":100,"ix":7},"sk":{"a":0,"k":0,"ix":4},"sa":{"a":0,"k":0,"ix":5},"nm":"变换"}],"nm":"椭圆 1","np":2,"cix":2,"bm":0,"ix":1,"mn":"ADBE Vector Group","hd":false}],"ip":0,"op":906,"st":-80,"bm":0},{"ddd":0,"ind":3,"ty":2,"nm":"默认头像切图.png","cl":"png","tt":1,"refId":"image_1","sr":1,"ks":{"o":{"a":0,"k":100,"ix":11},"r":{"a":0,"k":0,"ix":10},"p":{"a":0,"k":[85.5,85.75,0],"ix":2},"a":{"a":0,"k":[54,54,0],"ix":1},"s":{"a":1,"k":[{"i":{"x":[0.667,0.667,0.667],"y":[1,1,1]},"o":{"x":[0.121,0.121,0.333],"y":[0,0,0]},"t":0,"s":[100,100,100]},{"i":{"x":[0.667,0.667,0.667],"y":[1,1,1]},"o":{"x":[0.121,0.121,0.333],"y":[0,0,0]},"t":40,"s":[116,116,100]},{"i":{"x":[0.667,0.667,0.667],"y":[1,1,1]},"o":{"x":[0.121,0.121,0.333],"y":[0,0,0]},"t":80,"s":[100,100,100]},{"i":{"x":[0.667,0.667,0.667],"y":[1,1,1]},"o":{"x":[0.121,0.121,0.333],"y":[0,0,0]},"t":120,"s":[116,116,100]},{"i":{"x":[0.99,0.99,0.99],"y":[1,1,1]},"o":{"x":[0.01,0.01,0.01],"y":[0,0,0]},"t":160,"s":[100,100,100]},{"i":{"x":[0.667,0.667,0.667],"y":[1,1,1]},"o":{"x":[0.121,0.121,0.333],"y":[0,0,0]},"t":192,"s":[100,100,100]},{"i":{"x":[0.667,0.667,0.667],"y":[1,1,1]},"o":{"x":[0.121,0.121,0.333],"y":[0,0,0]},"t":232,"s":[116,116,100]},{"i":{"x":[0.667,0.667,0.667],"y":[1,1,1]},"o":{"x":[0.121,0.121,0.333],"y":[0,0,0]},"t":272,"s":[100,100,100]},{"i":{"x":[0.667,0.667,0.667],"y":[1,1,1]},"o":{"x":[0.121,0.121,0.333],"y":[0,0,0]},"t":312,"s":[116,116,100]},{"i":{"x":[0.99,0.99,0.99],"y":[1,1,1]},"o":{"x":[0.01,0.01,0.01],"y":[0,0,0]},"t":352,"s":[100,100,100]},{"i":{"x":[0.667,0.667,0.667],"y":[1,1,1]},"o":{"x":[0.121,0.121,0.333],"y":[0,0,0]},"t":380,"s":[100,100,100]},{"i":{"x":[0.667,0.667,0.667],"y":[1,1,1]},"o":{"x":[0.121,0.121,0.333],"y":[0,0,0]},"t":420,"s":[116,116,100]},{"i":{"x":[0.667,0.667,0.667],"y":[1,1,1]},"o":{"x":[0.121,0.121,0.333],"y":[0,0,0]},"t":460,"s":[100,100,100]},{"i":{"x":[0.667,0.667,0.667],"y":[1,1,1]},"o":{"x":[0.121,0.121,0.333],"y":[0,0,0]},"t":500,"s":[116,116,100]},{"i":{"x":[0.99,0.99,0.99],"y":[1,1,1]},"o":{"x":[0.01,0.01,0.01],"y":[0,0,0]},"t":540,"s":[100,100,100]},{"i":{"x":[0.667,0.667,0.667],"y":[1,1,1]},"o":{"x":[0.121,0.121,0.333],"y":[0,0,0]},"t":566,"s":[100,100,100]},{"i":{"x":[0.667,0.667,0.667],"y":[1,1,1]},"o":{"x":[0.121,0.121,0.333],"y":[0,0,0]},"t":606,"s":[116,116,100]},{"i":{"x":[0.667,0.667,0.667],"y":[1,1,1]},"o":{"x":[0.121,0.121,0.333],"y":[0,0,0]},"t":646,"s":[100,100,100]},{"i":{"x":[0.667,0.667,0.667],"y":[1,1,1]},"o":{"x":[0.121,0.121,0.333],"y":[0,0,0]},"t":686,"s":[116,116,100]},{"i":{"x":[0.99,0.99,0.99],"y":[1,1,1]},"o":{"x":[0.01,0.01,0.01],"y":[0,0,0]},"t":726,"s":[100,100,100]},{"i":{"x":[0.667,0.667,0.667],"y":[1,1,1]},"o":{"x":[0.121,0.121,0.333],"y":[0,0,0]},"t":756,"s":[100,100,100]},{"i":{"x":[0.667,0.667,0.667],"y":[1,1,1]},"o":{"x":[0.121,0.121,0.333],"y":[0,0,0]},"t":796,"s":[116,116,100]},{"i":{"x":[0.667,0.667,0.667],"y":[1,1,1]},"o":{"x":[0.121,0.121,0.333],"y":[0,0,0]},"t":836,"s":[100,100,100]},{"i":{"x":[0.667,0.667,0.667],"y":[1,1,1]},"o":{"x":[0.121,0.121,0.333],"y":[0,0,0]},"t":876,"s":[116,116,100]},{"t":916,"s":[100,100,100]}],"ix":6}},"ao":0,"hasMask":true,"masksProperties":[{"inv":false,"mode":"a","pt":{"a":0,"k":{"i":[[29.823,0],[0,-29.823],[-29.823,0],[0,29.823]],"o":[[-29.823,0],[0,29.823],[29.823,0],[0,-29.823]],"v":[[54,0],[0,54],[54,108],[108,54]],"c":true},"ix":1},"o":{"a":0,"k":100,"ix":3},"x":{"a":0,"k":0,"ix":4},"nm":"蒙版 1"}],"ip":0,"op":908,"st":0,"bm":0},{"ddd":0,"ind":4,"ty":4,"nm":"形状图层 3","sr":1,"ks":{"o":{"a":0,"k":100,"ix":11},"r":{"a":0,"k":0,"ix":10},"p":{"a":0,"k":[85.5,85.5,0],"ix":2},"a":{"a":0,"k":[0,0,0],"ix":1},"s":{"a":0,"k":[100,100,100],"ix":6}},"ao":0,"shapes":[{"ty":"gr","it":[{"d":1,"ty":"el","s":{"a":0,"k":[126,126],"ix":2},"p":{"a":0,"k":[0,0],"ix":3},"nm":"椭圆路径 1","mn":"ADBE Vector Shape - Ellipse","hd":false},{"ty":"fl","c":{"a":0,"k":[1,0.372549027205,0.713725507259,1],"ix":4},"o":{"a":0,"k":100,"ix":5},"r":1,"bm":0,"nm":"填充 1","mn":"ADBE Vector Graphic - Fill","hd":false},{"ty":"tr","p":{"a":0,"k":[0,0],"ix":2},"a":{"a":0,"k":[0,0],"ix":1},"s":{"a":0,"k":[100,100],"ix":3},"r":{"a":0,"k":0,"ix":6},"o":{"a":0,"k":100,"ix":7},"sk":{"a":0,"k":0,"ix":4},"sa":{"a":0,"k":0,"ix":5},"nm":"变换"}],"nm":"椭圆 1","np":2,"cix":2,"bm":0,"ix":1,"mn":"ADBE Vector Group","hd":false}],"ip":0,"op":904,"st":-80,"bm":0},{"ddd":0,"ind":5,"ty":4,"nm":"波纹1-4","sr":1,"ks":{"o":{"a":1,"k":[{"i":{"x":[0.667],"y":[1.29]},"o":{"x":[0.333],"y":[0]},"t":150,"s":[40]},{"i":{"x":[0.667],"y":[1]},"o":{"x":[0.333],"y":[0.217]},"t":182,"s":[70]},{"i":{"x":[0.99],"y":[1]},"o":{"x":[0.01],"y":[0]},"t":238,"s":[0]},{"i":{"x":[0.667],"y":[1.29]},"o":{"x":[0.333],"y":[0]},"t":278,"s":[40]},{"i":{"x":[0.667],"y":[1]},"o":{"x":[0.333],"y":[0.217]},"t":310,"s":[70]},{"i":{"x":[0.99],"y":[1]},"o":{"x":[0.01],"y":[0]},"t":366,"s":[0]},{"i":{"x":[0.667],"y":[1.29]},"o":{"x":[0.333],"y":[0]},"t":404,"s":[40]},{"i":{"x":[0.667],"y":[1]},"o":{"x":[0.333],"y":[0.217]},"t":436,"s":[70]},{"i":{"x":[0.99],"y":[1]},"o":{"x":[0.01],"y":[0]},"t":492,"s":[0]},{"i":{"x":[0.667],"y":[1.29]},"o":{"x":[0.333],"y":[0]},"t":520,"s":[40]},{"i":{"x":[0.667],"y":[1]},"o":{"x":[0.333],"y":[0.217]},"t":552,"s":[70]},{"i":{"x":[0.99],"y":[1]},"o":{"x":[0.01],"y":[0]},"t":608,"s":[0]},{"i":{"x":[0.667],"y":[1.29]},"o":{"x":[0.333],"y":[0]},"t":636,"s":[40]},{"i":{"x":[0.667],"y":[1]},"o":{"x":[0.333],"y":[0.217]},"t":668,"s":[70]},{"i":{"x":[0.99],"y":[1]},"o":{"x":[0.01],"y":[0]},"t":724,"s":[0]},{"i":{"x":[0.667],"y":[1.29]},"o":{"x":[0.333],"y":[0]},"t":746,"s":[40]},{"i":{"x":[0.667],"y":[1]},"o":{"x":[0.333],"y":[0.217]},"t":778,"s":[70]},{"i":{"x":[0.99],"y":[1]},"o":{"x":[0.01],"y":[0]},"t":834,"s":[0]},{"i":{"x":[0.667],"y":[1.29]},"o":{"x":[0.333],"y":[0]},"t":850,"s":[40]},{"i":{"x":[0.667],"y":[1]},"o":{"x":[0.333],"y":[0.217]},"t":882,"s":[70]},{"t":938,"s":[0]}],"ix":11},"r":{"a":0,"k":0,"ix":10},"p":{"a":0,"k":[85.5,85.5,0],"ix":2},"a":{"a":0,"k":[0,0,0],"ix":1},"s":{"a":1,"k":[{"i":{"x":[0.667,0.667,0.667],"y":[1,1,1]},"o":{"x":[0.333,0.333,0.333],"y":[0,0,0]},"t":150,"s":[74,74,100]},{"i":{"x":[0.99,0.99,0.99],"y":[1,1,1]},"o":{"x":[0.01,0.01,0.01],"y":[0,0,0]},"t":228,"s":[100,100,100]},{"i":{"x":[0.667,0.667,0.667],"y":[1,1,1]},"o":{"x":[0.333,0.333,0.333],"y":[0,0,0]},"t":278,"s":[74,74,100]},{"i":{"x":[0.99,0.99,0.99],"y":[1,1,1]},"o":{"x":[0.01,0.01,0.01],"y":[0,0,0]},"t":356,"s":[100,100,100]},{"i":{"x":[0.667,0.667,0.667],"y":[1,1,1]},"o":{"x":[0.333,0.333,0.333],"y":[0,0,0]},"t":404,"s":[74,74,100]},{"i":{"x":[0.99,0.99,0.99],"y":[1,1,1]},"o":{"x":[0.01,0.01,0.01],"y":[0,0,0]},"t":482,"s":[100,100,100]},{"i":{"x":[0.667,0.667,0.667],"y":[1,1,1]},"o":{"x":[0.333,0.333,0.333],"y":[0,0,0]},"t":520,"s":[74,74,100]},{"i":{"x":[0.99,0.99,0.99],"y":[1,1,1]},"o":{"x":[0.01,0.01,0.01],"y":[0,0,0]},"t":598,"s":[100,100,100]},{"i":{"x":[0.667,0.667,0.667],"y":[1,1,1]},"o":{"x":[0.333,0.333,0.333],"y":[0,0,0]},"t":636,"s":[74,74,100]},{"i":{"x":[0.99,0.99,0.99],"y":[1,1,1]},"o":{"x":[0.01,0.01,0.01],"y":[0,0,0]},"t":714,"s":[100,100,100]},{"i":{"x":[0.667,0.667,0.667],"y":[1,1,1]},"o":{"x":[0.333,0.333,0.333],"y":[0,0,0]},"t":746,"s":[74,74,100]},{"i":{"x":[0.99,0.99,0.99],"y":[1,1,1]},"o":{"x":[0.01,0.01,0.01],"y":[0,0,0]},"t":824,"s":[100,100,100]},{"i":{"x":[0.667,0.667,0.667],"y":[1,1,1]},"o":{"x":[0.333,0.333,0.333],"y":[0,0,0]},"t":850,"s":[74,74,100]},{"t":928,"s":[100,100,100]}],"ix":6}},"ao":0,"shapes":[{"ty":"gr","it":[{"d":1,"ty":"el","s":{"a":0,"k":[171,171],"ix":2},"p":{"a":0,"k":[0,0],"ix":3},"nm":"椭圆路径 1","mn":"ADBE Vector Shape - Ellipse","hd":false},{"ty":"fl","c":{"a":0,"k":[1,0.372549027205,0.713725507259,1],"ix":4},"o":{"a":0,"k":60,"ix":5},"r":1,"bm":0,"nm":"填充 1","mn":"ADBE Vector Graphic - Fill","hd":false},{"ty":"tr","p":{"a":0,"k":[0,0],"ix":2},"a":{"a":0,"k":[0,0],"ix":1},"s":{"a":0,"k":[100,100],"ix":3},"r":{"a":0,"k":0,"ix":6},"o":{"a":0,"k":100,"ix":7},"sk":{"a":0,"k":0,"ix":4},"sa":{"a":0,"k":0,"ix":5},"nm":"变换"}],"nm":"椭圆 1","np":2,"cix":2,"bm":0,"ix":1,"mn":"ADBE Vector Group","hd":false}],"ip":98,"op":904,"st":98,"bm":0},{"ddd":0,"ind":6,"ty":4,"nm":"波纹1-3","sr":1,"ks":{"o":{"a":1,"k":[{"i":{"x":[0.667],"y":[1.29]},"o":{"x":[0.333],"y":[0]},"t":98,"s":[40]},{"i":{"x":[0.667],"y":[1]},"o":{"x":[0.333],"y":[0.217]},"t":130,"s":[70]},{"i":{"x":[0.99],"y":[1]},"o":{"x":[0.01],"y":[0]},"t":186,"s":[0]},{"i":{"x":[0.667],"y":[1.29]},"o":{"x":[0.333],"y":[0]},"t":214,"s":[40]},{"i":{"x":[0.667],"y":[1]},"o":{"x":[0.333],"y":[0.217]},"t":246,"s":[70]},{"i":{"x":[0.99],"y":[1]},"o":{"x":[0.01],"y":[0]},"t":302,"s":[0]},{"i":{"x":[0.667],"y":[1.29]},"o":{"x":[0.333],"y":[0]},"t":326,"s":[40]},{"i":{"x":[0.667],"y":[1]},"o":{"x":[0.333],"y":[0.217]},"t":358,"s":[70]},{"i":{"x":[0.99],"y":[1]},"o":{"x":[0.01],"y":[0]},"t":414,"s":[0]},{"i":{"x":[0.667],"y":[1.29]},"o":{"x":[0.333],"y":[0]},"t":440,"s":[40]},{"i":{"x":[0.667],"y":[1]},"o":{"x":[0.333],"y":[0.217]},"t":472,"s":[70]},{"i":{"x":[0.99],"y":[1]},"o":{"x":[0.01],"y":[0]},"t":528,"s":[0]},{"i":{"x":[0.667],"y":[1.29]},"o":{"x":[0.333],"y":[0]},"t":560,"s":[40]},{"i":{"x":[0.667],"y":[1]},"o":{"x":[0.333],"y":[0.217]},"t":592,"s":[70]},{"i":{"x":[0.99],"y":[1]},"o":{"x":[0.01],"y":[0]},"t":648,"s":[0]},{"i":{"x":[0.667],"y":[1.29]},"o":{"x":[0.333],"y":[0]},"t":676,"s":[40]},{"i":{"x":[0.667],"y":[1]},"o":{"x":[0.333],"y":[0.217]},"t":708,"s":[70]},{"i":{"x":[0.99],"y":[1]},"o":{"x":[0.01],"y":[0]},"t":764,"s":[0]},{"i":{"x":[0.667],"y":[1.29]},"o":{"x":[0.333],"y":[0]},"t":788,"s":[40]},{"i":{"x":[0.667],"y":[1]},"o":{"x":[0.333],"y":[0.217]},"t":820,"s":[70]},{"t":876,"s":[0]}],"ix":11},"r":{"a":0,"k":0,"ix":10},"p":{"a":0,"k":[85.5,85,0],"ix":2},"a":{"a":0,"k":[0,0,0],"ix":1},"s":{"a":1,"k":[{"i":{"x":[0.667,0.667,0.667],"y":[1,1,1]},"o":{"x":[0.333,0.333,0.333],"y":[0,0,0]},"t":98,"s":[74,74,100]},{"i":{"x":[0.99,0.99,0.99],"y":[1,1,1]},"o":{"x":[0.01,0.01,0.01],"y":[0,0,0]},"t":176,"s":[100,100,100]},{"i":{"x":[0.667,0.667,0.667],"y":[1,1,1]},"o":{"x":[0.333,0.333,0.333],"y":[0,0,0]},"t":214,"s":[74,74,100]},{"i":{"x":[0.99,0.99,0.99],"y":[1,1,1]},"o":{"x":[0.01,0.01,0.01],"y":[0,0,0]},"t":292,"s":[100,100,100]},{"i":{"x":[0.667,0.667,0.667],"y":[1,1,1]},"o":{"x":[0.333,0.333,0.333],"y":[0,0,0]},"t":326,"s":[74,74,100]},{"i":{"x":[0.99,0.99,0.99],"y":[1,1,1]},"o":{"x":[0.01,0.01,0.01],"y":[0,0,0]},"t":404,"s":[100,100,100]},{"i":{"x":[0.667,0.667,0.667],"y":[1,1,1]},"o":{"x":[0.333,0.333,0.333],"y":[0,0,0]},"t":440,"s":[74,74,100]},{"i":{"x":[0.99,0.99,0.99],"y":[1,1,1]},"o":{"x":[0.01,0.01,0.01],"y":[0,0,0]},"t":518,"s":[100,100,100]},{"i":{"x":[0.667,0.667,0.667],"y":[1,1,1]},"o":{"x":[0.333,0.333,0.333],"y":[0,0,0]},"t":560,"s":[74,74,100]},{"i":{"x":[0.99,0.99,0.99],"y":[1,1,1]},"o":{"x":[0.01,0.01,0.01],"y":[0,0,0]},"t":638,"s":[100,100,100]},{"i":{"x":[0.667,0.667,0.667],"y":[1,1,1]},"o":{"x":[0.333,0.333,0.333],"y":[0,0,0]},"t":676,"s":[74,74,100]},{"i":{"x":[0.99,0.99,0.99],"y":[1,1,1]},"o":{"x":[0.01,0.01,0.01],"y":[0,0,0]},"t":754,"s":[100,100,100]},{"i":{"x":[0.667,0.667,0.667],"y":[1,1,1]},"o":{"x":[0.333,0.333,0.333],"y":[0,0,0]},"t":788,"s":[74,74,100]},{"t":866,"s":[100,100,100]}],"ix":6}},"ao":0,"shapes":[{"ty":"gr","it":[{"d":1,"ty":"el","s":{"a":0,"k":[171,171],"ix":2},"p":{"a":0,"k":[0,0],"ix":3},"nm":"椭圆路径 1","mn":"ADBE Vector Shape - Ellipse","hd":false},{"ty":"fl","c":{"a":0,"k":[1,0.372549027205,0.713725507259,1],"ix":4},"o":{"a":0,"k":60,"ix":5},"r":1,"bm":0,"nm":"填充 1","mn":"ADBE Vector Graphic - Fill","hd":false},{"ty":"tr","p":{"a":0,"k":[0,0],"ix":2},"a":{"a":0,"k":[0,0],"ix":1},"s":{"a":0,"k":[100,100],"ix":3},"r":{"a":0,"k":0,"ix":6},"o":{"a":0,"k":100,"ix":7},"sk":{"a":0,"k":0,"ix":4},"sa":{"a":0,"k":0,"ix":5},"nm":"变换"}],"nm":"椭圆 1","np":2,"cix":2,"bm":0,"ix":1,"mn":"ADBE Vector Group","hd":false}],"ip":98,"op":920,"st":98,"bm":0},{"ddd":0,"ind":7,"ty":4,"nm":"波纹2-2","sr":1,"ks":{"o":{"a":1,"k":[{"i":{"x":[0.667],"y":[1.29]},"o":{"x":[0.333],"y":[0]},"t":70,"s":[40]},{"i":{"x":[0.667],"y":[1]},"o":{"x":[0.333],"y":[0.217]},"t":102,"s":[70]},{"t":158,"s":[0]}],"ix":11},"r":{"a":0,"k":0,"ix":10},"p":{"a":0,"k":[85.5,85.5,0],"ix":2},"a":{"a":0,"k":[0,0,0],"ix":1},"s":{"a":1,"k":[{"i":{"x":[0.667,0.667,0.667],"y":[1,1,1]},"o":{"x":[0.333,0.333,0.333],"y":[0,0,0]},"t":70,"s":[74,74,100]},{"t":148,"s":[100,100,100]}],"ix":6}},"ao":0,"shapes":[{"ty":"gr","it":[{"d":1,"ty":"el","s":{"a":0,"k":[171,171],"ix":2},"p":{"a":0,"k":[0,0],"ix":3},"nm":"椭圆路径 1","mn":"ADBE Vector Shape - Ellipse","hd":false},{"ty":"fl","c":{"a":0,"k":[1,0.372549027205,0.713725507259,1],"ix":4},"o":{"a":0,"k":60,"ix":5},"r":1,"bm":0,"nm":"填充 1","mn":"ADBE Vector Graphic - Fill","hd":false},{"ty":"tr","p":{"a":0,"k":[0,0],"ix":2},"a":{"a":0,"k":[0,0],"ix":1},"s":{"a":0,"k":[100,100],"ix":3},"r":{"a":0,"k":0,"ix":6},"o":{"a":0,"k":100,"ix":7},"sk":{"a":0,"k":0,"ix":4},"sa":{"a":0,"k":0,"ix":5},"nm":"变换"}],"nm":"椭圆 1","np":2,"cix":2,"bm":0,"ix":1,"mn":"ADBE Vector Group","hd":false}],"ip":18,"op":920,"st":18,"bm":0},{"ddd":0,"ind":8,"ty":4,"nm":"波纹2-1","sr":1,"ks":{"o":{"a":1,"k":[{"i":{"x":[0.667],"y":[1.29]},"o":{"x":[0.333],"y":[0]},"t":18,"s":[40]},{"i":{"x":[0.667],"y":[1]},"o":{"x":[0.333],"y":[0.217]},"t":50,"s":[70]},{"t":106,"s":[0]}],"ix":11},"r":{"a":0,"k":0,"ix":10},"p":{"a":0,"k":[85.5,85,0],"ix":2},"a":{"a":0,"k":[0,0,0],"ix":1},"s":{"a":1,"k":[{"i":{"x":[0.667,0.667,0.667],"y":[1,1,1]},"o":{"x":[0.333,0.333,0.333],"y":[0,0,0]},"t":18,"s":[74,74,100]},{"t":96,"s":[100,100,100]}],"ix":6}},"ao":0,"shapes":[{"ty":"gr","it":[{"d":1,"ty":"el","s":{"a":0,"k":[171,171],"ix":2},"p":{"a":0,"k":[0,0],"ix":3},"nm":"椭圆路径 1","mn":"ADBE Vector Shape - Ellipse","hd":false},{"ty":"fl","c":{"a":0,"k":[1,0.372549027205,0.713725507259,1],"ix":4},"o":{"a":0,"k":60,"ix":5},"r":1,"bm":0,"nm":"填充 1","mn":"ADBE Vector Graphic - Fill","hd":false},{"ty":"tr","p":{"a":0,"k":[0,0],"ix":2},"a":{"a":0,"k":[0,0],"ix":1},"s":{"a":0,"k":[100,100],"ix":3},"r":{"a":0,"k":0,"ix":6},"o":{"a":0,"k":100,"ix":7},"sk":{"a":0,"k":0,"ix":4},"sa":{"a":0,"k":0,"ix":5},"nm":"变换"}],"nm":"椭圆 1","np":2,"cix":2,"bm":0,"ix":1,"mn":"ADBE Vector Group","hd":false}],"ip":18,"op":914,"st":18,"bm":0},{"ddd":0,"ind":9,"ty":4,"nm":"波纹1-2","sr":1,"ks":{"o":{"a":1,"k":[{"i":{"x":[0.667],"y":[1.29]},"o":{"x":[0.333],"y":[0]},"t":-10,"s":[40]},{"i":{"x":[0.667],"y":[1]},"o":{"x":[0.333],"y":[0.217]},"t":22,"s":[70]},{"t":78,"s":[0]}],"ix":11},"r":{"a":0,"k":0,"ix":10},"p":{"a":0,"k":[85.5,85.5,0],"ix":2},"a":{"a":0,"k":[0,0,0],"ix":1},"s":{"a":1,"k":[{"i":{"x":[0.667,0.667,0.667],"y":[1,1,1]},"o":{"x":[0.333,0.333,0.333],"y":[0,0,0]},"t":-10,"s":[74,74,100]},{"t":68,"s":[100,100,100]}],"ix":6}},"ao":0,"shapes":[{"ty":"gr","it":[{"d":1,"ty":"el","s":{"a":0,"k":[171,171],"ix":2},"p":{"a":0,"k":[0,0],"ix":3},"nm":"椭圆路径 1","mn":"ADBE Vector Shape - Ellipse","hd":false},{"ty":"fl","c":{"a":0,"k":[1,0.372549027205,0.713725507259,1],"ix":4},"o":{"a":0,"k":60,"ix":5},"r":1,"bm":0,"nm":"填充 1","mn":"ADBE Vector Graphic - Fill","hd":false},{"ty":"tr","p":{"a":0,"k":[0,0],"ix":2},"a":{"a":0,"k":[0,0],"ix":1},"s":{"a":0,"k":[100,100],"ix":3},"r":{"a":0,"k":0,"ix":6},"o":{"a":0,"k":100,"ix":7},"sk":{"a":0,"k":0,"ix":4},"sa":{"a":0,"k":0,"ix":5},"nm":"变换"}],"nm":"椭圆 1","np":2,"cix":2,"bm":0,"ix":1,"mn":"ADBE Vector Group","hd":false}],"ip":0,"op":78,"st":-62,"bm":0},{"ddd":0,"ind":10,"ty":4,"nm":"波纹1-1","sr":1,"ks":{"o":{"a":1,"k":[{"i":{"x":[0.667],"y":[1.29]},"o":{"x":[0.333],"y":[0]},"t":-62,"s":[40]},{"i":{"x":[0.667],"y":[1]},"o":{"x":[0.333],"y":[0.217]},"t":-30,"s":[70]},{"t":26,"s":[0]}],"ix":11},"r":{"a":0,"k":0,"ix":10},"p":{"a":0,"k":[85.5,85,0],"ix":2},"a":{"a":0,"k":[0,0,0],"ix":1},"s":{"a":1,"k":[{"i":{"x":[0.667,0.667,0.667],"y":[1,1,1]},"o":{"x":[0.333,0.333,0.333],"y":[0,0,0]},"t":-62,"s":[74,74,100]},{"t":16,"s":[100,100,100]}],"ix":6}},"ao":0,"shapes":[{"ty":"gr","it":[{"d":1,"ty":"el","s":{"a":0,"k":[171,171],"ix":2},"p":{"a":0,"k":[0,0],"ix":3},"nm":"椭圆路径 1","mn":"ADBE Vector Shape - Ellipse","hd":false},{"ty":"fl","c":{"a":0,"k":[1,0.372549027205,0.713725507259,1],"ix":4},"o":{"a":0,"k":60,"ix":5},"r":1,"bm":0,"nm":"填充 1","mn":"ADBE Vector Graphic - Fill","hd":false},{"ty":"tr","p":{"a":0,"k":[0,0],"ix":2},"a":{"a":0,"k":[0,0],"ix":1},"s":{"a":0,"k":[100,100],"ix":3},"r":{"a":0,"k":0,"ix":6},"o":{"a":0,"k":100,"ix":7},"sk":{"a":0,"k":0,"ix":4},"sa":{"a":0,"k":0,"ix":5},"nm":"变换"}],"nm":"椭圆 1","np":2,"cix":2,"bm":0,"ix":1,"mn":"ADBE Vector Group","hd":false}],"ip":0,"op":78,"st":-62,"bm":0}]},{"id":"comp_1","layers":[{"ddd":0,"ind":1,"ty":4,"nm":"Shape Layer 2","sr":1,"ks":{"o":{"a":0,"k":100,"ix":11},"r":{"a":0,"k":0,"ix":10},"p":{"a":0,"k":[3.492,8.985,0],"ix":2},"a":{"a":0,"k":[-200.508,-1.015,0],"ix":1},"s":{"a":1,"k":[{"i":{"x":[0.228,0.667,0.667],"y":[1,1,1]},"o":{"x":[0.936,0.333,0.333],"y":[0,0,0]},"t":122.4,"s":[0,100,100]},{"t":170.400390625,"s":[476,100,100]}],"ix":6}},"ao":0,"shapes":[{"ty":"gr","it":[{"ty":"rc","d":1,"s":{"a":0,"k":[397.833,14.437],"ix":2},"p":{"a":0,"k":[0,0],"ix":3},"r":{"a":0,"k":0,"ix":4},"nm":"Rectangle Path 1","mn":"ADBE Vector Shape - Rect","hd":false},{"ty":"fl","c":{"a":0,"k":[0.376470595598,0.376470595598,0.376470595598,1],"ix":4},"o":{"a":0,"k":100,"ix":5},"r":1,"bm":0,"nm":"Fill 1","mn":"ADBE Vector Graphic - Fill","hd":false},{"ty":"tr","p":{"a":0,"k":[1.454,-1.766],"ix":2},"a":{"a":0,"k":[0,0],"ix":1},"s":{"a":0,"k":[100,100],"ix":3},"r":{"a":0,"k":0,"ix":6},"o":{"a":0,"k":100,"ix":7},"sk":{"a":0,"k":0,"ix":4},"sa":{"a":0,"k":0,"ix":5},"nm":"变换"}],"nm":"Rectangle 1","np":2,"cix":2,"bm":0,"ix":1,"mn":"ADBE Vector Group","hd":false}],"ip":0,"op":600,"st":0,"bm":0},{"ddd":0,"ind":2,"ty":4,"nm":"Shape Layer 1","sr":1,"ks":{"o":{"a":0,"k":100,"ix":11},"r":{"a":0,"k":0,"ix":10},"p":{"a":0,"k":[14.97,10.371,0],"ix":2},"a":{"a":0,"k":[-197.03,0.371,0],"ix":1},"s":{"a":1,"k":[{"i":{"x":[0.208,0.667,0.667],"y":[1,1,1]},"o":{"x":[0.688,0.333,0.333],"y":[0,0,0]},"t":0,"s":[0,100,100]},{"t":120,"s":[478,100,100]}],"ix":6}},"ao":0,"shapes":[{"ty":"gr","it":[{"ind":0,"ty":"sh","ix":1,"ks":{"a":0,"k":{"i":[[0,0],[0,0]],"o":[[0,0],[0,0]],"v":[[-196.447,-1.371],[198.477,-1.371]],"c":false},"ix":2},"nm":"路径 1","mn":"ADBE Vector Shape - Group","hd":false},{"ty":"st","c":{"a":0,"k":[0.568627476692,0.568627476692,0.568627476692,1],"ix":3},"o":{"a":0,"k":100,"ix":4},"w":{"a":0,"k":2,"ix":5},"lc":1,"lj":1,"ml":4,"bm":0,"nm":"Stroke 1","mn":"ADBE Vector Graphic - Stroke","hd":false},{"ty":"tr","p":{"a":0,"k":[0,0],"ix":2},"a":{"a":0,"k":[0,0],"ix":1},"s":{"a":0,"k":[100,100],"ix":3},"r":{"a":0,"k":0,"ix":6},"o":{"a":0,"k":100,"ix":7},"sk":{"a":0,"k":0,"ix":4},"sa":{"a":0,"k":0,"ix":5},"nm":"变换"}],"nm":"Shape 1","np":2,"cix":2,"bm":0,"ix":1,"mn":"ADBE Vector Group","hd":false}],"ip":0,"op":1216.80078125,"st":0,"bm":0}]},{"id":"comp_2","layers":[{"ddd":0,"ind":1,"ty":4,"nm":"Add","sr":1,"ks":{"o":{"a":1,"k":[{"i":{"x":[0.4],"y":[1]},"o":{"x":[0.167],"y":[0.333]},"t":32,"s":[100]},{"t":48,"s":[0]}],"ix":11},"r":{"a":1,"k":[{"i":{"x":[0.4],"y":[1]},"o":{"x":[0.167],"y":[0.522]},"t":0,"s":[0]},{"t":50,"s":[180]}],"ix":10},"p":{"a":1,"k":[{"i":{"x":0.4,"y":1},"o":{"x":0.167,"y":0.396},"t":0,"s":[21,24,0],"to":[4.333,0,0],"ti":[-4.333,0,0]},{"t":50,"s":[55.25,24.25,0]}],"ix":2},"a":{"a":0,"k":[0,0,0],"ix":1},"s":{"a":0,"k":[100,100,100],"ix":6}},"ao":0,"shapes":[{"ind":0,"ty":"sh","ix":1,"ks":{"a":0,"k":{"i":[[1.105,0],[0,0],[0,0],[1.105,0],[0,-1.105],[0,0],[0,0],[0,-1.105],[-1.105,0],[0,0],[0,0],[-1.105,0],[0,1.105],[0,0],[0,0],[0,1.105]],"o":[[0,0],[0,0],[0,-1.105],[-1.105,0],[0,0],[0,0],[-1.105,0],[0,1.105],[0,0],[0,0],[0,1.105],[1.105,0],[0,0],[0,0],[1.105,0],[0,-1.105]],"v":[[10,-2],[2,-2],[2,-10],[0,-12],[-2,-10],[-2,-2],[-10,-2],[-12,0],[-10,2],[-2,2],[-2,10],[0,12],[2,10],[2,2],[10,2],[12,0]],"c":true},"ix":2},"nm":"路径 1","mn":"ADBE Vector Shape - Group","hd":false},{"ty":"fl","c":{"a":0,"k":[1,1,1,1],"ix":4},"o":{"a":0,"k":100,"ix":5},"r":1,"bm":0,"nm":"填充 1","mn":"ADBE Vector Graphic - Fill","hd":false}],"ip":0,"op":242,"st":0,"bm":0},{"ddd":0,"ind":2,"ty":4,"nm":"Check","sr":1,"ks":{"o":{"a":0,"k":100,"ix":11},"r":{"a":0,"k":0,"ix":10},"p":{"a":1,"k":[{"i":{"x":0.833,"y":1},"o":{"x":0.167,"y":0},"t":84,"s":[50,24,0],"to":[-5,0,0],"ti":[5,0,0]},{"t":178,"s":[20,24,0]}],"ix":2},"a":{"a":0,"k":[0,0,0],"ix":1},"s":{"a":0,"k":[100,100,100],"ix":6}},"ao":0,"shapes":[{"ind":0,"ty":"sh","ix":1,"ks":{"a":0,"k":{"i":[[0,0],[0,0],[0,0]],"o":[[0,0],[0,0],[0,0]],"v":[[-8.485,0],[-2.828,5.657],[8.485,-5.657]],"c":false},"ix":2},"nm":"路径 1","mn":"ADBE Vector Shape - Group","hd":false},{"ty":"tm","s":{"a":0,"k":0,"ix":1},"e":{"a":1,"k":[{"i":{"x":[0.4],"y":[1]},"o":{"x":[0.167],"y":[0.167]},"t":48,"s":[0]},{"t":56,"s":[100]}],"ix":2},"o":{"a":0,"k":0,"ix":3},"m":1,"ix":2,"nm":"修剪路径 1","mn":"ADBE Vector Filter - Trim","hd":false},{"ty":"st","c":{"a":0,"k":[1,1,1,1],"ix":3},"o":{"a":0,"k":100,"ix":4},"w":{"a":0,"k":4,"ix":5},"lc":2,"lj":2,"bm":0,"nm":"描边 1","mn":"ADBE Vector Graphic - Stroke","hd":false}],"ip":0,"op":1226,"st":0,"bm":0},{"ddd":0,"ind":3,"ty":4,"nm":"Text","sr":1,"ks":{"o":{"a":1,"k":[{"i":{"x":[0.4],"y":[1]},"o":{"x":[0.167],"y":[2.505]},"t":0,"s":[100]},{"t":240,"s":[0]}],"ix":11},"r":{"a":0,"k":0,"ix":10},"p":{"a":0,"k":[50,24,0],"ix":2},"a":{"a":0,"k":[-19.013,-7.261,0],"ix":1},"s":{"a":0,"k":[100,100,100],"ix":6}},"ao":0,"shapes":[{"ty":"gr","it":[{"ind":0,"ty":"sh","ix":1,"ks":{"a":0,"k":{"i":[[0.765,1.007],[0,0],[-0.665,-1.168],[0,0],[0,0],[0,0],[0,0],[0.161,-0.846],[0,0],[0,0],[0,0],[0.383,-0.584],[3.102,-1.007],[0,0],[-1.37,1.813],[-0.363,0.947],[-4.23,-1.732],[0,0],[0.987,2.437],[0,0],[0,0],[0,0],[-0.04,0.967],[0,0],[0,0],[0,0],[0,0],[-0.443,1.329],[0,0],[0.725,-1.148],[0,0],[0,0]],"o":[[0,0],[0.725,0.906],[0,0],[0,0],[0,0],[0,0],[-0.04,0.947],[0,0],[0,0],[0,0],[-0.262,0.685],[-1.108,1.531],[0,0],[3.102,-0.967],[0.524,-0.725],[1.168,2.84],[0,0],[-4.048,-1.41],[0,0],[0,0],[0,0],[0.141,-0.826],[0,0],[0,0],[0,0],[0,0],[0.645,-1.068],[0,0],[-0.564,1.571],[0,0],[0,0],[-0.705,-1.208]],"v":[[-13.514,-16.436],[-15.267,-15.59],[-13.172,-12.488],[-17.482,-12.488],[-17.482,-10.635],[-10.896,-10.635],[-10.896,-10.01],[-11.218,-7.332],[-18.63,-7.332],[-18.63,-5.479],[-11.742,-5.479],[-12.709,-3.565],[-19.013,0.242],[-17.966,1.913],[-11.259,-2.256],[-9.929,-4.774],[-1.852,2.095],[-0.724,0.282],[-8.278,-5.479],[-1.228,-5.479],[-1.228,-7.332],[-9.244,-7.332],[-8.962,-10.01],[-8.962,-10.635],[-2.396,-10.635],[-2.396,-12.488],[-6.223,-12.488],[-4.572,-16.073],[-6.445,-16.577],[-8.378,-12.488],[-12.548,-12.488],[-11.299,-13.112]],"c":true},"ix":2},"nm":"路径 1","mn":"ADBE Vector Shape - Group","hd":false},{"ty":"fl","c":{"a":0,"k":[1,1,1,1],"ix":4},"o":{"a":0,"k":100,"ix":5},"r":1,"bm":0,"nm":"填充 1","mn":"ADBE Vector Graphic - Fill","hd":false},{"ty":"tr","p":{"a":0,"k":[0,0],"ix":2},"a":{"a":0,"k":[0,0],"ix":1},"s":{"a":0,"k":[100,100],"ix":3},"r":{"a":0,"k":0,"ix":6},"o":{"a":0,"k":100,"ix":7},"sk":{"a":0,"k":0,"ix":4},"sa":{"a":0,"k":0,"ix":5},"nm":"变换"}],"nm":"关","np":2,"cix":2,"bm":0,"ix":1,"mn":"ADBE Vector Group","hd":false},{"ty":"gr","it":[{"ind":0,"ty":"sh","ix":1,"ks":{"a":0,"k":{"i":[[1.37,1.007],[0,0],[-0.826,-0.947],[0,0]],"o":[[0,0],[1.531,1.068],[0,0],[-0.967,-0.987]],"v":[[2.8,-16.315],[1.41,-14.985],[4.935,-11.964],[6.304,-13.334]],"c":true},"ix":2},"nm":"路径 1","mn":"ADBE Vector Shape - Group","hd":false},{"ind":1,"ty":"sh","ix":2,"ks":{"a":0,"k":{"i":[[1.309,0.987],[0,0],[-0.806,-0.927],[0,0]],"o":[[0,0],[1.41,1.108],[0,0],[-0.906,-1.007]],"v":[[2.316,-11.581],[0.947,-10.272],[4.27,-7.211],[5.64,-8.58]],"c":true},"ix":2},"nm":"路径 2","mn":"ADBE Vector Shape - Group","hd":false},{"ind":2,"ty":"sh","ix":3,"ks":{"a":0,"k":{"i":[[0,0],[1.208,-2.276],[0,0],[-0.886,2.518]],"o":[[-0.927,2.377],[0,0],[1.108,-2.236],[0,0]],"v":[[4.471,-5.922],[1.269,1.068],[3.182,1.913],[6.183,-5.217]],"c":true},"ix":2},"nm":"路径 3","mn":"ADBE Vector Shape - Group","hd":false},{"ind":3,"ty":"sh","ix":4,"ks":{"a":0,"k":{"i":[[0,0],[0,0],[0,0],[0,0],[0,0],[0,0],[0,0],[0,0],[0,0],[0,0],[0,0],[0,0],[0,0],[0,0],[0,0],[0,0],[0,0],[0,0],[0,0],[0,0],[0,0],[0,0],[0.584,1.208],[0,0],[-0.363,-0.987]],"o":[[0,0],[0,0],[0,0],[0,0],[0,0],[0,0],[0,0],[0,0],[0,0],[0,0],[0,0],[0,0],[0,0],[0,0],[0,0],[0,0],[0,0],[0,0],[0,0],[0,0],[0,0],[-0.322,-1.007],[0,0],[0.463,0.906],[0,0]],"v":[[6.868,-13.273],[6.868,-11.4],[11.944,-11.4],[11.944,-7.09],[7.432,-7.09],[7.432,-5.257],[11.944,-5.257],[11.944,-0.483],[6.365,-0.483],[6.365,1.39],[19.276,1.39],[19.276,-0.483],[13.857,-0.483],[13.857,-5.257],[18.309,-5.257],[18.309,-7.09],[13.857,-7.09],[13.857,-11.4],[18.853,-11.4],[18.853,-13.273],[13.857,-13.273],[13.918,-13.293],[12.568,-16.617],[10.796,-16.113],[12.025,-13.273]],"c":true},"ix":2},"nm":"路径 4","mn":"ADBE Vector Shape - Group","hd":false},{"ty":"fl","c":{"a":0,"k":[1,1,1,1],"ix":4},"o":{"a":0,"k":100,"ix":5},"r":1,"bm":0,"nm":"填充 1","mn":"ADBE Vector Graphic - Fill","hd":false},{"ty":"tr","p":{"a":0,"k":[0,0],"ix":2},"a":{"a":0,"k":[0,0],"ix":1},"s":{"a":0,"k":[100,100],"ix":3},"r":{"a":0,"k":0,"ix":6},"o":{"a":0,"k":100,"ix":7},"sk":{"a":0,"k":0,"ix":4},"sa":{"a":0,"k":0,"ix":5},"nm":"变换"}],"nm":"注","np":5,"cix":2,"bm":0,"ix":2,"mn":"ADBE Vector Group","hd":false}],"ip":0,"op":242,"st":0,"bm":0}]},{"id":"comp_3","layers":[{"ddd":0,"ind":1,"ty":4,"nm":"copy Outlines 4","sr":1,"ks":{"o":{"a":0,"k":100,"ix":11},"r":{"a":0,"k":0,"ix":10},"p":{"a":0,"k":[600,600,0],"ix":2},"a":{"a":0,"k":[256,256,0],"ix":1},"s":{"a":0,"k":[5.96,6.07,100],"ix":6}},"ao":0,"shapes":[{"ty":"gr","it":[{"ind":0,"ty":"sh","ix":1,"ks":{"a":1,"k":[{"i":{"x":0.833,"y":1},"o":{"x":0.167,"y":0},"t":404.072,"s":[{"i":[[11.048,0],[0,0],[0,-11.048],[-11.048,0],[0,0],[0,11.048]],"o":[[0,0],[-11.048,0],[0,11.048],[0,0],[11.048,0],[0,-11.048]],"v":[[-28.995,-20],[-30.504,-20.003],[-50.507,0],[-30.504,20.003],[-28.995,20.006],[-8.992,0.003]],"c":true}]},{"t":417.41796875,"s":[{"i":[[11.048,0],[0,0],[0,-11.048],[-11.048,0],[0,0],[0,11.048]],"o":[[0,0],[-11.048,0],[0,11.048],[0,0],[11.048,0],[0,-11.048]],"v":[[30.505,-20.003],[-30.504,-20.003],[-50.507,0],[-30.504,20.003],[30.505,20.003],[50.508,0]],"c":true}]}],"ix":2},"nm":"路径 1","mn":"ADBE Vector Shape - Group","hd":false},{"ty":"fl","c":{"a":0,"k":[0.40000000596,0.403921574354,0.427450984716,1],"ix":4},"o":{"a":0,"k":100,"ix":5},"r":1,"bm":0,"nm":"Fill 1","mn":"ADBE Vector Graphic - Fill","hd":false},{"ty":"tr","p":{"a":0,"k":[255.499,288.042],"ix":2},"a":{"a":0,"k":[0,0],"ix":1},"s":{"a":0,"k":[100,100],"ix":3},"r":{"a":0,"k":0,"ix":6},"o":{"a":1,"k":[{"i":{"x":[0.833],"y":[0.833]},"o":{"x":[0.167],"y":[0.167]},"t":401.402,"s":[3]},{"t":404.072265625,"s":[100]}],"ix":7},"sk":{"a":0,"k":0,"ix":4},"sa":{"a":0,"k":0,"ix":5},"nm":"变换"}],"nm":"dash-3","np":2,"cix":2,"bm":0,"ix":1,"mn":"ADBE Vector Group","hd":false},{"ty":"gr","it":[{"ind":0,"ty":"sh","ix":1,"ks":{"a":1,"k":[{"i":{"x":0.833,"y":1},"o":{"x":0.167,"y":0},"t":390.723,"s":[{"i":[[11.048,0],[0,0],[0,-11.048],[-11.048,0],[0,0],[0,11.048]],"o":[[0,0],[-11.048,0],[0,11.048],[0,0],[11.047,0],[0,-11.048]],"v":[[-69.545,-20],[-70.955,-20.003],[-90.958,0],[-70.955,20.003],[-69.545,20.006],[-49.542,0.003]],"c":true}]},{"t":404.072265625,"s":[{"i":[[11.048,0],[0,0],[0,-11.048],[-11.048,0],[0,0],[0,11.048]],"o":[[0,0],[-11.048,0],[0,11.048],[0,0],[11.047,0],[0,-11.048]],"v":[[70.955,-20.003],[-70.955,-20.003],[-90.958,0],[-70.955,20.003],[70.955,20.003],[90.958,0]],"c":true}]}],"ix":2},"nm":"路径 1","mn":"ADBE Vector Shape - Group","hd":false},{"ty":"fl","c":{"a":0,"k":[0.40000000596,0.403921574354,0.427450984716,1],"ix":4},"o":{"a":0,"k":100,"ix":5},"r":1,"bm":0,"nm":"Fill 1","mn":"ADBE Vector Graphic - Fill","hd":false},{"ty":"tr","p":{"a":0,"k":[295.95,208.03],"ix":2},"a":{"a":0,"k":[0,0],"ix":1},"s":{"a":0,"k":[100,100],"ix":3},"r":{"a":0,"k":0,"ix":6},"o":{"a":1,"k":[{"i":{"x":[0.833],"y":[0.833]},"o":{"x":[0.167],"y":[0.167]},"t":388.055,"s":[0]},{"t":390.72265625,"s":[100]}],"ix":7},"sk":{"a":0,"k":0,"ix":4},"sa":{"a":0,"k":0,"ix":5},"nm":"变换"}],"nm":"dash-2","np":2,"cix":2,"bm":0,"ix":2,"mn":"ADBE Vector Group","hd":false},{"ty":"gr","it":[{"ind":0,"ty":"sh","ix":1,"ks":{"a":1,"k":[{"i":{"x":0.833,"y":1},"o":{"x":0.167,"y":0},"t":377.377,"s":[{"i":[[11.047,0],[0,0],[0,-11.048],[-11.048,0],[0,0],[0,11.048]],"o":[[0,0],[-11.048,0],[0,11.048],[0,0],[11.048,0],[0,-11.048]],"v":[[-70.045,-20.006],[-70.955,-20.003],[-90.958,0],[-70.955,20.003],[-70.045,20],[-50.042,-0.003]],"c":true}]},{"t":390.72265625,"s":[{"i":[[11.047,0],[0,0],[0,-11.048],[-11.048,0],[0,0],[0,11.048]],"o":[[0,0],[-11.048,0],[0,11.048],[0,0],[11.048,0],[0,-11.048]],"v":[[70.955,-20.003],[-70.955,-20.003],[-90.958,0],[-70.955,20.003],[70.955,20.003],[90.958,0]],"c":true}]}],"ix":2},"nm":"路径 1","mn":"ADBE Vector Shape - Group","hd":false},{"ty":"fl","c":{"a":0,"k":[0.40000000596,0.403921574354,0.427450984716,1],"ix":4},"o":{"a":0,"k":100,"ix":5},"r":1,"bm":0,"nm":"Fill 1","mn":"ADBE Vector Graphic - Fill","hd":false},{"ty":"tr","p":{"a":0,"k":[295.95,128.019],"ix":2},"a":{"a":0,"k":[0,0],"ix":1},"s":{"a":0,"k":[100,100],"ix":3},"r":{"a":0,"k":0,"ix":6},"o":{"a":1,"k":[{"i":{"x":[0.833],"y":[0.833]},"o":{"x":[0.167],"y":[0.167]},"t":376.377,"s":[0]},{"t":377.376953125,"s":[100]}],"ix":7},"sk":{"a":0,"k":0,"ix":4},"sa":{"a":0,"k":0,"ix":5},"nm":"变换"}],"nm":"dash-1","np":2,"cix":2,"bm":0,"ix":3,"mn":"ADBE Vector Group","hd":false},{"ty":"gr","it":[{"ty":"gr","it":[{"ind":0,"ty":"sh","ix":1,"ks":{"a":0,"k":{"i":[[0,0],[0,-22.059],[0,0],[22.052,0],[0,0],[0,22.059],[0,0],[-22.059,0]],"o":[[22.059,0],[0,0],[-0.012,22.049],[0,0],[-22.059,0],[0,0],[0,-22.059],[0,0]],"v":[[97.013,-176.021],[137.018,-136.015],[137.02,136.041],[97.013,176.025],[-97.013,176.025],[-137.019,136.019],[-137.019,-136.019],[-97.013,-176.025]],"c":true},"ix":2},"nm":"路径 1","mn":"ADBE Vector Shape - Group","hd":false},{"ty":"fl","c":{"a":0,"k":[1,1,1,1],"ix":4},"o":{"a":0,"k":100,"ix":5},"r":1,"bm":0,"nm":"Fill 1","mn":"ADBE Vector Graphic - Fill","hd":false},{"ty":"tr","p":{"a":0,"k":[300.809,216.153],"ix":2},"a":{"a":0,"k":[0,0],"ix":1},"s":{"a":0,"k":[100,100],"ix":3},"r":{"a":0,"k":0,"ix":6},"o":{"a":0,"k":100,"ix":7},"sk":{"a":0,"k":0,"ix":4},"sa":{"a":0,"k":0,"ix":5},"nm":"变换"}],"nm":"copy-fill-2","np":2,"cix":2,"bm":0,"ix":1,"mn":"ADBE Vector Group","hd":false},{"ty":"gr","it":[{"ind":0,"ty":"sh","ix":1,"ks":{"a":0,"k":{"i":[[0,0],[0,-44.119],[0,0],[-44.119,0],[0,0],[0,44.119],[0,0],[0,0],[44.119,0]],"o":[[-44.118,0],[0,0],[0,44.118],[0,0],[44.118,0],[0,0],[0,0],[0,-44.118],[0,0]],"v":[[-97.014,-216.031],[-177.026,-136.019],[-177.026,136.02],[-97.014,216.031],[97.014,216.031],[177.026,136.02],[177.026,135.412],[177.026,-136.019],[97.014,-216.031]],"c":true},"ix":2},"nm":"路径 1","mn":"ADBE Vector Shape - Group","hd":false},{"ty":"fl","c":{"a":0,"k":[0.40000000596,0.403921574354,0.427450984716,1],"ix":4},"o":{"a":0,"k":100,"ix":5},"r":1,"bm":0,"nm":"Fill 1","mn":"ADBE Vector Graphic - Fill","hd":false},{"ty":"tr","p":{"a":0,"k":[300.808,216.155],"ix":2},"a":{"a":0,"k":[0,0],"ix":1},"s":{"a":0,"k":[100,100],"ix":3},"r":{"a":0,"k":0,"ix":6},"o":{"a":0,"k":100,"ix":7},"sk":{"a":0,"k":0,"ix":4},"sa":{"a":0,"k":0,"ix":5},"nm":"变换"}],"nm":"copy-outline-1","np":2,"cix":2,"bm":0,"ix":2,"mn":"ADBE Vector Group","hd":false},{"ty":"tr","p":{"a":1,"k":[{"i":{"x":0.833,"y":0.97},"o":{"x":0.167,"y":0.03},"t":357.357,"s":[220.808,296.155],"to":[13.333,-13.333],"ti":[-13.333,13.333]},{"t":377.376953125,"s":[300.808,216.155]}],"ix":2},"a":{"a":0,"k":[300.808,216.155],"ix":1},"s":{"a":0,"k":[100,100],"ix":3},"r":{"a":0,"k":0,"ix":6},"o":{"a":1,"k":[{"i":{"x":[0.833],"y":[0.833]},"o":{"x":[0.167],"y":[0.167]},"t":357.357,"s":[0]},{"t":377.376953125,"s":[100]}],"ix":7},"sk":{"a":0,"k":0,"ix":4},"sa":{"a":0,"k":0,"ix":5},"nm":"变换"}],"nm":"copy-2","np":2,"cix":2,"bm":0,"ix":4,"mn":"ADBE Vector Group","hd":false},{"ty":"gr","it":[{"ind":0,"ty":"sh","ix":1,"ks":{"a":0,"k":{"i":[[11.048,0],[0,0],[0,-11.048],[-11.048,0],[0,0],[0,11.048]],"o":[[0,0],[-11.048,0],[0,11.048],[0,0],[11.048,0],[0,-11.048]],"v":[[30.505,-20.003],[-30.504,-20.003],[-50.507,0],[-30.504,20.003],[30.505,20.003],[50.508,0]],"c":true},"ix":2},"nm":"路径 1","mn":"ADBE Vector Shape - Group","hd":false},{"ty":"fl","c":{"a":0,"k":[0.40000000596,0.403921574354,0.427450984716,1],"ix":4},"o":{"a":0,"k":100,"ix":5},"r":1,"bm":0,"nm":"Fill 1","mn":"ADBE Vector Graphic - Fill","hd":false},{"ty":"tr","p":{"a":0,"k":[183.499,360.042],"ix":2},"a":{"a":0,"k":[0,0],"ix":1},"s":{"a":0,"k":[100,100],"ix":3},"r":{"a":0,"k":0,"ix":6},"o":{"a":0,"k":100,"ix":7},"sk":{"a":0,"k":0,"ix":4},"sa":{"a":0,"k":0,"ix":5},"nm":"变换"}],"nm":"dash-4","np":2,"cix":2,"bm":0,"ix":5,"mn":"ADBE Vector Group","hd":false},{"ty":"gr","it":[{"ind":0,"ty":"sh","ix":1,"ks":{"a":0,"k":{"i":[[11.048,0],[0,0],[0,-11.048],[-11.048,0],[0,0],[0,11.048]],"o":[[0,0],[-11.048,0],[0,11.048],[0,0],[11.047,0],[0,-11.048]],"v":[[70.955,-20.003],[-70.955,-20.003],[-90.958,0],[-70.955,20.003],[70.955,20.003],[90.958,0]],"c":true},"ix":2},"nm":"路径 1","mn":"ADBE Vector Shape - Group","hd":false},{"ty":"fl","c":{"a":0,"k":[0.40000000596,0.403921574354,0.427450984716,1],"ix":4},"o":{"a":0,"k":100,"ix":5},"r":1,"bm":0,"nm":"Fill 1","mn":"ADBE Vector Graphic - Fill","hd":false},{"ty":"tr","p":{"a":0,"k":[223.95,280.03],"ix":2},"a":{"a":0,"k":[0,0],"ix":1},"s":{"a":0,"k":[100,100],"ix":3},"r":{"a":0,"k":0,"ix":6},"o":{"a":0,"k":100,"ix":7},"sk":{"a":0,"k":0,"ix":4},"sa":{"a":0,"k":0,"ix":5},"nm":"变换"}],"nm":"dash-5","np":2,"cix":2,"bm":0,"ix":6,"mn":"ADBE Vector Group","hd":false},{"ty":"gr","it":[{"ind":0,"ty":"sh","ix":1,"ks":{"a":0,"k":{"i":[[11.047,0],[0,0],[0,-11.048],[-11.048,0],[0,0],[0,11.048]],"o":[[0,0],[-11.048,0],[0,11.048],[0,0],[11.048,0],[0,-11.048]],"v":[[70.955,-20.003],[-70.955,-20.003],[-90.958,0],[-70.955,20.003],[70.955,20.003],[90.958,0]],"c":true},"ix":2},"nm":"路径 1","mn":"ADBE Vector Shape - Group","hd":false},{"ty":"fl","c":{"a":0,"k":[0.40000000596,0.403921574354,0.427450984716,1],"ix":4},"o":{"a":0,"k":100,"ix":5},"r":1,"bm":0,"nm":"Fill 1","mn":"ADBE Vector Graphic - Fill","hd":false},{"ty":"tr","p":{"a":0,"k":[223.95,200.019],"ix":2},"a":{"a":0,"k":[0,0],"ix":1},"s":{"a":0,"k":[100,100],"ix":3},"r":{"a":0,"k":0,"ix":6},"o":{"a":0,"k":100,"ix":7},"sk":{"a":0,"k":0,"ix":4},"sa":{"a":0,"k":0,"ix":5},"nm":"变换"}],"nm":"dash-6","np":2,"cix":2,"bm":0,"ix":7,"mn":"ADBE Vector Group","hd":false},{"ty":"gr","it":[{"ty":"gr","it":[{"ind":0,"ty":"sh","ix":1,"ks":{"a":0,"k":{"i":[[0,0],[0,-22.059],[0,0],[22.052,0],[0,0],[0,22.058],[0,0],[-22.059,0]],"o":[[22.06,0],[0,0],[-0.012,22.049],[0,0],[-22.059,0],[0,0],[0,-22.059],[0,0]],"v":[[97.013,-176.021],[137.018,-136.015],[137.02,136.042],[97.013,176.026],[-97.013,176.026],[-137.019,136.021],[-137.019,-136.019],[-97.013,-176.025]],"c":true},"ix":2},"nm":"路径 1","mn":"ADBE Vector Shape - Group","hd":false},{"ty":"fl","c":{"a":0,"k":[1,1,1,1],"ix":4},"o":{"a":0,"k":100,"ix":5},"r":1,"bm":0,"nm":"Fill 1","mn":"ADBE Vector Graphic - Fill","hd":false},{"ty":"tr","p":{"a":0,"k":[220.994,295.967],"ix":2},"a":{"a":0,"k":[0,0],"ix":1},"s":{"a":0,"k":[100,100],"ix":3},"r":{"a":0,"k":0,"ix":6},"o":{"a":0,"k":100,"ix":7},"sk":{"a":0,"k":0,"ix":4},"sa":{"a":0,"k":0,"ix":5},"nm":"变换"}],"nm":"copy-fill-1","np":2,"cix":2,"bm":0,"ix":1,"mn":"ADBE Vector Group","hd":false},{"ty":"gr","it":[{"ind":0,"ty":"sh","ix":1,"ks":{"a":0,"k":{"i":[[0,0],[0,-44.119],[0,0],[-44.119,0],[0,0],[0,44.119],[0,0],[0,0],[44.119,0]],"o":[[-44.118,0],[0,0],[0,44.118],[0,0],[44.118,0],[0,0],[0,0],[0,-44.118],[0,0]],"v":[[-97.014,-216.031],[-177.026,-136.019],[-177.026,136.02],[-97.014,216.032],[97.014,216.032],[177.026,136.02],[177.026,135.412],[177.026,-136.019],[97.014,-216.031]],"c":true},"ix":2},"nm":"路径 1","mn":"ADBE Vector Shape - Group","hd":false},{"ty":"fl","c":{"a":0,"k":[0.40000000596,0.403921574354,0.427450984716,1],"ix":4},"o":{"a":0,"k":100,"ix":5},"r":1,"bm":0,"nm":"Fill 1","mn":"ADBE Vector Graphic - Fill","hd":false},{"ty":"tr","p":{"a":0,"k":[220.994,295.969],"ix":2},"a":{"a":0,"k":[0,0],"ix":1},"s":{"a":0,"k":[100,100],"ix":3},"r":{"a":0,"k":0,"ix":6},"o":{"a":0,"k":100,"ix":7},"sk":{"a":0,"k":0,"ix":4},"sa":{"a":0,"k":0,"ix":5},"nm":"变换"}],"nm":"copy-outline-1","np":2,"cix":2,"bm":0,"ix":2,"mn":"ADBE Vector Group","hd":false},{"ty":"tr","p":{"a":0,"k":[256,256],"ix":2},"a":{"a":0,"k":[256,256],"ix":1},"s":{"a":0,"k":[100,100],"ix":3},"r":{"a":0,"k":0,"ix":6},"o":{"a":0,"k":100,"ix":7},"sk":{"a":0,"k":0,"ix":4},"sa":{"a":0,"k":0,"ix":5},"nm":"变换"}],"nm":"copy-1","np":2,"cix":2,"bm":0,"ix":8,"mn":"ADBE Vector Group","hd":false}],"ip":357.357421875,"op":477.4765625,"st":357.357421875,"bm":0},{"ddd":0,"ind":2,"ty":4,"nm":"copy Outlines 3","sr":1,"ks":{"o":{"a":0,"k":100,"ix":11},"r":{"a":0,"k":0,"ix":10},"p":{"a":0,"k":[600,600,0],"ix":2},"a":{"a":0,"k":[256,256,0],"ix":1},"s":{"a":0,"k":[5.96,6.07,100],"ix":6}},"ao":0,"shapes":[{"ty":"gr","it":[{"ind":0,"ty":"sh","ix":1,"ks":{"a":1,"k":[{"i":{"x":0.833,"y":1},"o":{"x":0.167,"y":0},"t":284.953,"s":[{"i":[[11.048,0],[0,0],[0,-11.048],[-11.048,0],[0,0],[0,11.048]],"o":[[0,0],[-11.048,0],[0,11.048],[0,0],[11.048,0],[0,-11.048]],"v":[[-28.995,-20],[-30.504,-20.003],[-50.507,0],[-30.504,20.003],[-28.995,20.006],[-8.992,0.003]],"c":true}]},{"t":298.298828125,"s":[{"i":[[11.048,0],[0,0],[0,-11.048],[-11.048,0],[0,0],[0,11.048]],"o":[[0,0],[-11.048,0],[0,11.048],[0,0],[11.048,0],[0,-11.048]],"v":[[30.505,-20.003],[-30.504,-20.003],[-50.507,0],[-30.504,20.003],[30.505,20.003],[50.508,0]],"c":true}]}],"ix":2},"nm":"路径 1","mn":"ADBE Vector Shape - Group","hd":false},{"ty":"fl","c":{"a":0,"k":[0.40000000596,0.403921574354,0.427450984716,1],"ix":4},"o":{"a":0,"k":100,"ix":5},"r":1,"bm":0,"nm":"Fill 1","mn":"ADBE Vector Graphic - Fill","hd":false},{"ty":"tr","p":{"a":0,"k":[255.499,288.042],"ix":2},"a":{"a":0,"k":[0,0],"ix":1},"s":{"a":0,"k":[100,100],"ix":3},"r":{"a":0,"k":0,"ix":6},"o":{"a":1,"k":[{"i":{"x":[0.833],"y":[0.833]},"o":{"x":[0.167],"y":[0.167]},"t":282.283,"s":[3]},{"t":284.953125,"s":[100]}],"ix":7},"sk":{"a":0,"k":0,"ix":4},"sa":{"a":0,"k":0,"ix":5},"nm":"变换"}],"nm":"dash-3","np":2,"cix":2,"bm":0,"ix":1,"mn":"ADBE Vector Group","hd":false},{"ty":"gr","it":[{"ind":0,"ty":"sh","ix":1,"ks":{"a":1,"k":[{"i":{"x":0.833,"y":1},"o":{"x":0.167,"y":0},"t":271.604,"s":[{"i":[[11.048,0],[0,0],[0,-11.048],[-11.048,0],[0,0],[0,11.048]],"o":[[0,0],[-11.048,0],[0,11.048],[0,0],[11.047,0],[0,-11.048]],"v":[[-69.545,-20],[-70.955,-20.003],[-90.958,0],[-70.955,20.003],[-69.545,20.006],[-49.542,0.003]],"c":true}]},{"t":284.953125,"s":[{"i":[[11.048,0],[0,0],[0,-11.048],[-11.048,0],[0,0],[0,11.048]],"o":[[0,0],[-11.048,0],[0,11.048],[0,0],[11.047,0],[0,-11.048]],"v":[[70.955,-20.003],[-70.955,-20.003],[-90.958,0],[-70.955,20.003],[70.955,20.003],[90.958,0]],"c":true}]}],"ix":2},"nm":"路径 1","mn":"ADBE Vector Shape - Group","hd":false},{"ty":"fl","c":{"a":0,"k":[0.40000000596,0.403921574354,0.427450984716,1],"ix":4},"o":{"a":0,"k":100,"ix":5},"r":1,"bm":0,"nm":"Fill 1","mn":"ADBE Vector Graphic - Fill","hd":false},{"ty":"tr","p":{"a":0,"k":[295.95,208.03],"ix":2},"a":{"a":0,"k":[0,0],"ix":1},"s":{"a":0,"k":[100,100],"ix":3},"r":{"a":0,"k":0,"ix":6},"o":{"a":1,"k":[{"i":{"x":[0.833],"y":[0.833]},"o":{"x":[0.167],"y":[0.167]},"t":268.936,"s":[0]},{"t":271.603515625,"s":[100]}],"ix":7},"sk":{"a":0,"k":0,"ix":4},"sa":{"a":0,"k":0,"ix":5},"nm":"变换"}],"nm":"dash-2","np":2,"cix":2,"bm":0,"ix":2,"mn":"ADBE Vector Group","hd":false},{"ty":"gr","it":[{"ind":0,"ty":"sh","ix":1,"ks":{"a":1,"k":[{"i":{"x":0.833,"y":1},"o":{"x":0.167,"y":0},"t":258.258,"s":[{"i":[[11.047,0],[0,0],[0,-11.048],[-11.048,0],[0,0],[0,11.048]],"o":[[0,0],[-11.048,0],[0,11.048],[0,0],[11.048,0],[0,-11.048]],"v":[[-70.045,-20.006],[-70.955,-20.003],[-90.958,0],[-70.955,20.003],[-70.045,20],[-50.042,-0.003]],"c":true}]},{"t":271.603515625,"s":[{"i":[[11.047,0],[0,0],[0,-11.048],[-11.048,0],[0,0],[0,11.048]],"o":[[0,0],[-11.048,0],[0,11.048],[0,0],[11.048,0],[0,-11.048]],"v":[[70.955,-20.003],[-70.955,-20.003],[-90.958,0],[-70.955,20.003],[70.955,20.003],[90.958,0]],"c":true}]}],"ix":2},"nm":"路径 1","mn":"ADBE Vector Shape - Group","hd":false},{"ty":"fl","c":{"a":0,"k":[0.40000000596,0.403921574354,0.427450984716,1],"ix":4},"o":{"a":0,"k":100,"ix":5},"r":1,"bm":0,"nm":"Fill 1","mn":"ADBE Vector Graphic - Fill","hd":false},{"ty":"tr","p":{"a":0,"k":[295.95,128.019],"ix":2},"a":{"a":0,"k":[0,0],"ix":1},"s":{"a":0,"k":[100,100],"ix":3},"r":{"a":0,"k":0,"ix":6},"o":{"a":1,"k":[{"i":{"x":[0.833],"y":[0.833]},"o":{"x":[0.167],"y":[0.167]},"t":257.258,"s":[0]},{"t":258.2578125,"s":[100]}],"ix":7},"sk":{"a":0,"k":0,"ix":4},"sa":{"a":0,"k":0,"ix":5},"nm":"变换"}],"nm":"dash-1","np":2,"cix":2,"bm":0,"ix":3,"mn":"ADBE Vector Group","hd":false},{"ty":"gr","it":[{"ty":"gr","it":[{"ind":0,"ty":"sh","ix":1,"ks":{"a":0,"k":{"i":[[0,0],[0,-22.059],[0,0],[22.052,0],[0,0],[0,22.059],[0,0],[-22.059,0]],"o":[[22.059,0],[0,0],[-0.012,22.049],[0,0],[-22.059,0],[0,0],[0,-22.059],[0,0]],"v":[[97.013,-176.021],[137.018,-136.015],[137.02,136.041],[97.013,176.025],[-97.013,176.025],[-137.019,136.019],[-137.019,-136.019],[-97.013,-176.025]],"c":true},"ix":2},"nm":"路径 1","mn":"ADBE Vector Shape - Group","hd":false},{"ty":"fl","c":{"a":0,"k":[1,1,1,1],"ix":4},"o":{"a":0,"k":100,"ix":5},"r":1,"bm":0,"nm":"Fill 1","mn":"ADBE Vector Graphic - Fill","hd":false},{"ty":"tr","p":{"a":0,"k":[300.809,216.153],"ix":2},"a":{"a":0,"k":[0,0],"ix":1},"s":{"a":0,"k":[100,100],"ix":3},"r":{"a":0,"k":0,"ix":6},"o":{"a":0,"k":100,"ix":7},"sk":{"a":0,"k":0,"ix":4},"sa":{"a":0,"k":0,"ix":5},"nm":"变换"}],"nm":"copy-fill-2","np":2,"cix":2,"bm":0,"ix":1,"mn":"ADBE Vector Group","hd":false},{"ty":"gr","it":[{"ind":0,"ty":"sh","ix":1,"ks":{"a":0,"k":{"i":[[0,0],[0,-44.119],[0,0],[-44.119,0],[0,0],[0,44.119],[0,0],[0,0],[44.119,0]],"o":[[-44.118,0],[0,0],[0,44.118],[0,0],[44.118,0],[0,0],[0,0],[0,-44.118],[0,0]],"v":[[-97.014,-216.031],[-177.026,-136.019],[-177.026,136.02],[-97.014,216.031],[97.014,216.031],[177.026,136.02],[177.026,135.412],[177.026,-136.019],[97.014,-216.031]],"c":true},"ix":2},"nm":"路径 1","mn":"ADBE Vector Shape - Group","hd":false},{"ty":"fl","c":{"a":0,"k":[0.40000000596,0.403921574354,0.427450984716,1],"ix":4},"o":{"a":0,"k":100,"ix":5},"r":1,"bm":0,"nm":"Fill 1","mn":"ADBE Vector Graphic - Fill","hd":false},{"ty":"tr","p":{"a":0,"k":[300.808,216.155],"ix":2},"a":{"a":0,"k":[0,0],"ix":1},"s":{"a":0,"k":[100,100],"ix":3},"r":{"a":0,"k":0,"ix":6},"o":{"a":0,"k":100,"ix":7},"sk":{"a":0,"k":0,"ix":4},"sa":{"a":0,"k":0,"ix":5},"nm":"变换"}],"nm":"copy-outline-1","np":2,"cix":2,"bm":0,"ix":2,"mn":"ADBE Vector Group","hd":false},{"ty":"tr","p":{"a":1,"k":[{"i":{"x":0.833,"y":0.97},"o":{"x":0.167,"y":0.03},"t":238.238,"s":[220.808,296.155],"to":[13.333,-13.333],"ti":[-13.333,13.333]},{"t":258.2578125,"s":[300.808,216.155]}],"ix":2},"a":{"a":0,"k":[300.808,216.155],"ix":1},"s":{"a":0,"k":[100,100],"ix":3},"r":{"a":0,"k":0,"ix":6},"o":{"a":1,"k":[{"i":{"x":[0.833],"y":[0.833]},"o":{"x":[0.167],"y":[0.167]},"t":238.238,"s":[0]},{"t":258.2578125,"s":[100]}],"ix":7},"sk":{"a":0,"k":0,"ix":4},"sa":{"a":0,"k":0,"ix":5},"nm":"变换"}],"nm":"copy-2","np":2,"cix":2,"bm":0,"ix":4,"mn":"ADBE Vector Group","hd":false},{"ty":"gr","it":[{"ind":0,"ty":"sh","ix":1,"ks":{"a":0,"k":{"i":[[11.048,0],[0,0],[0,-11.048],[-11.048,0],[0,0],[0,11.048]],"o":[[0,0],[-11.048,0],[0,11.048],[0,0],[11.048,0],[0,-11.048]],"v":[[30.505,-20.003],[-30.504,-20.003],[-50.507,0],[-30.504,20.003],[30.505,20.003],[50.508,0]],"c":true},"ix":2},"nm":"路径 1","mn":"ADBE Vector Shape - Group","hd":false},{"ty":"fl","c":{"a":0,"k":[0.40000000596,0.403921574354,0.427450984716,1],"ix":4},"o":{"a":0,"k":100,"ix":5},"r":1,"bm":0,"nm":"Fill 1","mn":"ADBE Vector Graphic - Fill","hd":false},{"ty":"tr","p":{"a":0,"k":[183.499,360.042],"ix":2},"a":{"a":0,"k":[0,0],"ix":1},"s":{"a":0,"k":[100,100],"ix":3},"r":{"a":0,"k":0,"ix":6},"o":{"a":0,"k":100,"ix":7},"sk":{"a":0,"k":0,"ix":4},"sa":{"a":0,"k":0,"ix":5},"nm":"变换"}],"nm":"dash-4","np":2,"cix":2,"bm":0,"ix":5,"mn":"ADBE Vector Group","hd":false},{"ty":"gr","it":[{"ind":0,"ty":"sh","ix":1,"ks":{"a":0,"k":{"i":[[11.048,0],[0,0],[0,-11.048],[-11.048,0],[0,0],[0,11.048]],"o":[[0,0],[-11.048,0],[0,11.048],[0,0],[11.047,0],[0,-11.048]],"v":[[70.955,-20.003],[-70.955,-20.003],[-90.958,0],[-70.955,20.003],[70.955,20.003],[90.958,0]],"c":true},"ix":2},"nm":"路径 1","mn":"ADBE Vector Shape - Group","hd":false},{"ty":"fl","c":{"a":0,"k":[0.40000000596,0.403921574354,0.427450984716,1],"ix":4},"o":{"a":0,"k":100,"ix":5},"r":1,"bm":0,"nm":"Fill 1","mn":"ADBE Vector Graphic - Fill","hd":false},{"ty":"tr","p":{"a":0,"k":[223.95,280.03],"ix":2},"a":{"a":0,"k":[0,0],"ix":1},"s":{"a":0,"k":[100,100],"ix":3},"r":{"a":0,"k":0,"ix":6},"o":{"a":0,"k":100,"ix":7},"sk":{"a":0,"k":0,"ix":4},"sa":{"a":0,"k":0,"ix":5},"nm":"变换"}],"nm":"dash-5","np":2,"cix":2,"bm":0,"ix":6,"mn":"ADBE Vector Group","hd":false},{"ty":"gr","it":[{"ind":0,"ty":"sh","ix":1,"ks":{"a":0,"k":{"i":[[11.047,0],[0,0],[0,-11.048],[-11.048,0],[0,0],[0,11.048]],"o":[[0,0],[-11.048,0],[0,11.048],[0,0],[11.048,0],[0,-11.048]],"v":[[70.955,-20.003],[-70.955,-20.003],[-90.958,0],[-70.955,20.003],[70.955,20.003],[90.958,0]],"c":true},"ix":2},"nm":"路径 1","mn":"ADBE Vector Shape - Group","hd":false},{"ty":"fl","c":{"a":0,"k":[0.40000000596,0.403921574354,0.427450984716,1],"ix":4},"o":{"a":0,"k":100,"ix":5},"r":1,"bm":0,"nm":"Fill 1","mn":"ADBE Vector Graphic - Fill","hd":false},{"ty":"tr","p":{"a":0,"k":[223.95,200.019],"ix":2},"a":{"a":0,"k":[0,0],"ix":1},"s":{"a":0,"k":[100,100],"ix":3},"r":{"a":0,"k":0,"ix":6},"o":{"a":0,"k":100,"ix":7},"sk":{"a":0,"k":0,"ix":4},"sa":{"a":0,"k":0,"ix":5},"nm":"变换"}],"nm":"dash-6","np":2,"cix":2,"bm":0,"ix":7,"mn":"ADBE Vector Group","hd":false},{"ty":"gr","it":[{"ty":"gr","it":[{"ind":0,"ty":"sh","ix":1,"ks":{"a":0,"k":{"i":[[0,0],[0,-22.059],[0,0],[22.052,0],[0,0],[0,22.058],[0,0],[-22.059,0]],"o":[[22.06,0],[0,0],[-0.012,22.049],[0,0],[-22.059,0],[0,0],[0,-22.059],[0,0]],"v":[[97.013,-176.021],[137.018,-136.015],[137.02,136.042],[97.013,176.026],[-97.013,176.026],[-137.019,136.021],[-137.019,-136.019],[-97.013,-176.025]],"c":true},"ix":2},"nm":"路径 1","mn":"ADBE Vector Shape - Group","hd":false},{"ty":"fl","c":{"a":0,"k":[1,1,1,1],"ix":4},"o":{"a":0,"k":100,"ix":5},"r":1,"bm":0,"nm":"Fill 1","mn":"ADBE Vector Graphic - Fill","hd":false},{"ty":"tr","p":{"a":0,"k":[220.994,295.967],"ix":2},"a":{"a":0,"k":[0,0],"ix":1},"s":{"a":0,"k":[100,100],"ix":3},"r":{"a":0,"k":0,"ix":6},"o":{"a":0,"k":100,"ix":7},"sk":{"a":0,"k":0,"ix":4},"sa":{"a":0,"k":0,"ix":5},"nm":"变换"}],"nm":"copy-fill-1","np":2,"cix":2,"bm":0,"ix":1,"mn":"ADBE Vector Group","hd":false},{"ty":"gr","it":[{"ind":0,"ty":"sh","ix":1,"ks":{"a":0,"k":{"i":[[0,0],[0,-44.119],[0,0],[-44.119,0],[0,0],[0,44.119],[0,0],[0,0],[44.119,0]],"o":[[-44.118,0],[0,0],[0,44.118],[0,0],[44.118,0],[0,0],[0,0],[0,-44.118],[0,0]],"v":[[-97.014,-216.031],[-177.026,-136.019],[-177.026,136.02],[-97.014,216.032],[97.014,216.032],[177.026,136.02],[177.026,135.412],[177.026,-136.019],[97.014,-216.031]],"c":true},"ix":2},"nm":"路径 1","mn":"ADBE Vector Shape - Group","hd":false},{"ty":"fl","c":{"a":0,"k":[0.40000000596,0.403921574354,0.427450984716,1],"ix":4},"o":{"a":0,"k":100,"ix":5},"r":1,"bm":0,"nm":"Fill 1","mn":"ADBE Vector Graphic - Fill","hd":false},{"ty":"tr","p":{"a":0,"k":[220.994,295.969],"ix":2},"a":{"a":0,"k":[0,0],"ix":1},"s":{"a":0,"k":[100,100],"ix":3},"r":{"a":0,"k":0,"ix":6},"o":{"a":0,"k":100,"ix":7},"sk":{"a":0,"k":0,"ix":4},"sa":{"a":0,"k":0,"ix":5},"nm":"变换"}],"nm":"copy-outline-1","np":2,"cix":2,"bm":0,"ix":2,"mn":"ADBE Vector Group","hd":false},{"ty":"tr","p":{"a":0,"k":[256,256],"ix":2},"a":{"a":0,"k":[256,256],"ix":1},"s":{"a":0,"k":[100,100],"ix":3},"r":{"a":0,"k":0,"ix":6},"o":{"a":0,"k":100,"ix":7},"sk":{"a":0,"k":0,"ix":4},"sa":{"a":0,"k":0,"ix":5},"nm":"变换"}],"nm":"copy-1","np":2,"cix":2,"bm":0,"ix":8,"mn":"ADBE Vector Group","hd":false}],"ip":238.23828125,"op":358.357421875,"st":238.23828125,"bm":0},{"ddd":0,"ind":3,"ty":4,"nm":"copy Outlines 2","sr":1,"ks":{"o":{"a":0,"k":100,"ix":11},"r":{"a":0,"k":0,"ix":10},"p":{"a":0,"k":[600,600,0],"ix":2},"a":{"a":0,"k":[256,256,0],"ix":1},"s":{"a":0,"k":[5.96,6.07,100],"ix":6}},"ao":0,"shapes":[{"ty":"gr","it":[{"ind":0,"ty":"sh","ix":1,"ks":{"a":1,"k":[{"i":{"x":0.833,"y":1},"o":{"x":0.167,"y":0},"t":165.834,"s":[{"i":[[11.048,0],[0,0],[0,-11.048],[-11.048,0],[0,0],[0,11.048]],"o":[[0,0],[-11.048,0],[0,11.048],[0,0],[11.048,0],[0,-11.048]],"v":[[-28.995,-20],[-30.504,-20.003],[-50.507,0],[-30.504,20.003],[-28.995,20.006],[-8.992,0.003]],"c":true}]},{"t":179.1796875,"s":[{"i":[[11.048,0],[0,0],[0,-11.048],[-11.048,0],[0,0],[0,11.048]],"o":[[0,0],[-11.048,0],[0,11.048],[0,0],[11.048,0],[0,-11.048]],"v":[[30.505,-20.003],[-30.504,-20.003],[-50.507,0],[-30.504,20.003],[30.505,20.003],[50.508,0]],"c":true}]}],"ix":2},"nm":"路径 1","mn":"ADBE Vector Shape - Group","hd":false},{"ty":"fl","c":{"a":0,"k":[0.40000000596,0.403921574354,0.427450984716,1],"ix":4},"o":{"a":0,"k":100,"ix":5},"r":1,"bm":0,"nm":"Fill 1","mn":"ADBE Vector Graphic - Fill","hd":false},{"ty":"tr","p":{"a":0,"k":[255.499,288.042],"ix":2},"a":{"a":0,"k":[0,0],"ix":1},"s":{"a":0,"k":[100,100],"ix":3},"r":{"a":0,"k":0,"ix":6},"o":{"a":1,"k":[{"i":{"x":[0.833],"y":[0.833]},"o":{"x":[0.167],"y":[0.167]},"t":163.164,"s":[3]},{"t":165.833984375,"s":[100]}],"ix":7},"sk":{"a":0,"k":0,"ix":4},"sa":{"a":0,"k":0,"ix":5},"nm":"变换"}],"nm":"dash-3","np":2,"cix":2,"bm":0,"ix":1,"mn":"ADBE Vector Group","hd":false},{"ty":"gr","it":[{"ind":0,"ty":"sh","ix":1,"ks":{"a":1,"k":[{"i":{"x":0.833,"y":1},"o":{"x":0.167,"y":0},"t":152.484,"s":[{"i":[[11.048,0],[0,0],[0,-11.048],[-11.048,0],[0,0],[0,11.048]],"o":[[0,0],[-11.048,0],[0,11.048],[0,0],[11.047,0],[0,-11.048]],"v":[[-69.545,-20],[-70.955,-20.003],[-90.958,0],[-70.955,20.003],[-69.545,20.006],[-49.542,0.003]],"c":true}]},{"t":165.833984375,"s":[{"i":[[11.048,0],[0,0],[0,-11.048],[-11.048,0],[0,0],[0,11.048]],"o":[[0,0],[-11.048,0],[0,11.048],[0,0],[11.047,0],[0,-11.048]],"v":[[70.955,-20.003],[-70.955,-20.003],[-90.958,0],[-70.955,20.003],[70.955,20.003],[90.958,0]],"c":true}]}],"ix":2},"nm":"路径 1","mn":"ADBE Vector Shape - Group","hd":false},{"ty":"fl","c":{"a":0,"k":[0.40000000596,0.403921574354,0.427450984716,1],"ix":4},"o":{"a":0,"k":100,"ix":5},"r":1,"bm":0,"nm":"Fill 1","mn":"ADBE Vector Graphic - Fill","hd":false},{"ty":"tr","p":{"a":0,"k":[295.95,208.03],"ix":2},"a":{"a":0,"k":[0,0],"ix":1},"s":{"a":0,"k":[100,100],"ix":3},"r":{"a":0,"k":0,"ix":6},"o":{"a":1,"k":[{"i":{"x":[0.833],"y":[0.833]},"o":{"x":[0.167],"y":[0.167]},"t":149.816,"s":[0]},{"t":152.484375,"s":[100]}],"ix":7},"sk":{"a":0,"k":0,"ix":4},"sa":{"a":0,"k":0,"ix":5},"nm":"变换"}],"nm":"dash-2","np":2,"cix":2,"bm":0,"ix":2,"mn":"ADBE Vector Group","hd":false},{"ty":"gr","it":[{"ind":0,"ty":"sh","ix":1,"ks":{"a":1,"k":[{"i":{"x":0.833,"y":1},"o":{"x":0.167,"y":0},"t":139.139,"s":[{"i":[[11.047,0],[0,0],[0,-11.048],[-11.048,0],[0,0],[0,11.048]],"o":[[0,0],[-11.048,0],[0,11.048],[0,0],[11.048,0],[0,-11.048]],"v":[[-70.045,-20.006],[-70.955,-20.003],[-90.958,0],[-70.955,20.003],[-70.045,20],[-50.042,-0.003]],"c":true}]},{"t":152.484375,"s":[{"i":[[11.047,0],[0,0],[0,-11.048],[-11.048,0],[0,0],[0,11.048]],"o":[[0,0],[-11.048,0],[0,11.048],[0,0],[11.048,0],[0,-11.048]],"v":[[70.955,-20.003],[-70.955,-20.003],[-90.958,0],[-70.955,20.003],[70.955,20.003],[90.958,0]],"c":true}]}],"ix":2},"nm":"路径 1","mn":"ADBE Vector Shape - Group","hd":false},{"ty":"fl","c":{"a":0,"k":[0.40000000596,0.403921574354,0.427450984716,1],"ix":4},"o":{"a":0,"k":100,"ix":5},"r":1,"bm":0,"nm":"Fill 1","mn":"ADBE Vector Graphic - Fill","hd":false},{"ty":"tr","p":{"a":0,"k":[295.95,128.019],"ix":2},"a":{"a":0,"k":[0,0],"ix":1},"s":{"a":0,"k":[100,100],"ix":3},"r":{"a":0,"k":0,"ix":6},"o":{"a":1,"k":[{"i":{"x":[0.833],"y":[0.833]},"o":{"x":[0.167],"y":[0.167]},"t":138.139,"s":[0]},{"t":139.138671875,"s":[100]}],"ix":7},"sk":{"a":0,"k":0,"ix":4},"sa":{"a":0,"k":0,"ix":5},"nm":"变换"}],"nm":"dash-1","np":2,"cix":2,"bm":0,"ix":3,"mn":"ADBE Vector Group","hd":false},{"ty":"gr","it":[{"ty":"gr","it":[{"ind":0,"ty":"sh","ix":1,"ks":{"a":0,"k":{"i":[[0,0],[0,-22.059],[0,0],[22.052,0],[0,0],[0,22.059],[0,0],[-22.059,0]],"o":[[22.059,0],[0,0],[-0.012,22.049],[0,0],[-22.059,0],[0,0],[0,-22.059],[0,0]],"v":[[97.013,-176.021],[137.018,-136.015],[137.02,136.041],[97.013,176.025],[-97.013,176.025],[-137.019,136.019],[-137.019,-136.019],[-97.013,-176.025]],"c":true},"ix":2},"nm":"路径 1","mn":"ADBE Vector Shape - Group","hd":false},{"ty":"fl","c":{"a":0,"k":[1,1,1,1],"ix":4},"o":{"a":0,"k":100,"ix":5},"r":1,"bm":0,"nm":"Fill 1","mn":"ADBE Vector Graphic - Fill","hd":false},{"ty":"tr","p":{"a":0,"k":[300.809,216.153],"ix":2},"a":{"a":0,"k":[0,0],"ix":1},"s":{"a":0,"k":[100,100],"ix":3},"r":{"a":0,"k":0,"ix":6},"o":{"a":0,"k":100,"ix":7},"sk":{"a":0,"k":0,"ix":4},"sa":{"a":0,"k":0,"ix":5},"nm":"变换"}],"nm":"copy-fill-2","np":2,"cix":2,"bm":0,"ix":1,"mn":"ADBE Vector Group","hd":false},{"ty":"gr","it":[{"ind":0,"ty":"sh","ix":1,"ks":{"a":0,"k":{"i":[[0,0],[0,-44.119],[0,0],[-44.119,0],[0,0],[0,44.119],[0,0],[0,0],[44.119,0]],"o":[[-44.118,0],[0,0],[0,44.118],[0,0],[44.118,0],[0,0],[0,0],[0,-44.118],[0,0]],"v":[[-97.014,-216.031],[-177.026,-136.019],[-177.026,136.02],[-97.014,216.031],[97.014,216.031],[177.026,136.02],[177.026,135.412],[177.026,-136.019],[97.014,-216.031]],"c":true},"ix":2},"nm":"路径 1","mn":"ADBE Vector Shape - Group","hd":false},{"ty":"fl","c":{"a":0,"k":[0.40000000596,0.403921574354,0.427450984716,1],"ix":4},"o":{"a":0,"k":100,"ix":5},"r":1,"bm":0,"nm":"Fill 1","mn":"ADBE Vector Graphic - Fill","hd":false},{"ty":"tr","p":{"a":0,"k":[300.808,216.155],"ix":2},"a":{"a":0,"k":[0,0],"ix":1},"s":{"a":0,"k":[100,100],"ix":3},"r":{"a":0,"k":0,"ix":6},"o":{"a":0,"k":100,"ix":7},"sk":{"a":0,"k":0,"ix":4},"sa":{"a":0,"k":0,"ix":5},"nm":"变换"}],"nm":"copy-outline-1","np":2,"cix":2,"bm":0,"ix":2,"mn":"ADBE Vector Group","hd":false},{"ty":"tr","p":{"a":1,"k":[{"i":{"x":0.833,"y":0.97},"o":{"x":0.167,"y":0.03},"t":119.119,"s":[220.808,296.155],"to":[13.333,-13.333],"ti":[-13.333,13.333]},{"t":139.138671875,"s":[300.808,216.155]}],"ix":2},"a":{"a":0,"k":[300.808,216.155],"ix":1},"s":{"a":0,"k":[100,100],"ix":3},"r":{"a":0,"k":0,"ix":6},"o":{"a":1,"k":[{"i":{"x":[0.833],"y":[0.833]},"o":{"x":[0.167],"y":[0.167]},"t":119.119,"s":[0]},{"t":139.138671875,"s":[100]}],"ix":7},"sk":{"a":0,"k":0,"ix":4},"sa":{"a":0,"k":0,"ix":5},"nm":"变换"}],"nm":"copy-2","np":2,"cix":2,"bm":0,"ix":4,"mn":"ADBE Vector Group","hd":false},{"ty":"gr","it":[{"ind":0,"ty":"sh","ix":1,"ks":{"a":0,"k":{"i":[[11.048,0],[0,0],[0,-11.048],[-11.048,0],[0,0],[0,11.048]],"o":[[0,0],[-11.048,0],[0,11.048],[0,0],[11.048,0],[0,-11.048]],"v":[[30.505,-20.003],[-30.504,-20.003],[-50.507,0],[-30.504,20.003],[30.505,20.003],[50.508,0]],"c":true},"ix":2},"nm":"路径 1","mn":"ADBE Vector Shape - Group","hd":false},{"ty":"fl","c":{"a":0,"k":[0.40000000596,0.403921574354,0.427450984716,1],"ix":4},"o":{"a":0,"k":100,"ix":5},"r":1,"bm":0,"nm":"Fill 1","mn":"ADBE Vector Graphic - Fill","hd":false},{"ty":"tr","p":{"a":0,"k":[183.499,360.042],"ix":2},"a":{"a":0,"k":[0,0],"ix":1},"s":{"a":0,"k":[100,100],"ix":3},"r":{"a":0,"k":0,"ix":6},"o":{"a":0,"k":100,"ix":7},"sk":{"a":0,"k":0,"ix":4},"sa":{"a":0,"k":0,"ix":5},"nm":"变换"}],"nm":"dash-4","np":2,"cix":2,"bm":0,"ix":5,"mn":"ADBE Vector Group","hd":false},{"ty":"gr","it":[{"ind":0,"ty":"sh","ix":1,"ks":{"a":0,"k":{"i":[[11.048,0],[0,0],[0,-11.048],[-11.048,0],[0,0],[0,11.048]],"o":[[0,0],[-11.048,0],[0,11.048],[0,0],[11.047,0],[0,-11.048]],"v":[[70.955,-20.003],[-70.955,-20.003],[-90.958,0],[-70.955,20.003],[70.955,20.003],[90.958,0]],"c":true},"ix":2},"nm":"路径 1","mn":"ADBE Vector Shape - Group","hd":false},{"ty":"fl","c":{"a":0,"k":[0.40000000596,0.403921574354,0.427450984716,1],"ix":4},"o":{"a":0,"k":100,"ix":5},"r":1,"bm":0,"nm":"Fill 1","mn":"ADBE Vector Graphic - Fill","hd":false},{"ty":"tr","p":{"a":0,"k":[223.95,280.03],"ix":2},"a":{"a":0,"k":[0,0],"ix":1},"s":{"a":0,"k":[100,100],"ix":3},"r":{"a":0,"k":0,"ix":6},"o":{"a":0,"k":100,"ix":7},"sk":{"a":0,"k":0,"ix":4},"sa":{"a":0,"k":0,"ix":5},"nm":"变换"}],"nm":"dash-5","np":2,"cix":2,"bm":0,"ix":6,"mn":"ADBE Vector Group","hd":false},{"ty":"gr","it":[{"ind":0,"ty":"sh","ix":1,"ks":{"a":0,"k":{"i":[[11.047,0],[0,0],[0,-11.048],[-11.048,0],[0,0],[0,11.048]],"o":[[0,0],[-11.048,0],[0,11.048],[0,0],[11.048,0],[0,-11.048]],"v":[[70.955,-20.003],[-70.955,-20.003],[-90.958,0],[-70.955,20.003],[70.955,20.003],[90.958,0]],"c":true},"ix":2},"nm":"路径 1","mn":"ADBE Vector Shape - Group","hd":false},{"ty":"fl","c":{"a":0,"k":[0.40000000596,0.403921574354,0.427450984716,1],"ix":4},"o":{"a":0,"k":100,"ix":5},"r":1,"bm":0,"nm":"Fill 1","mn":"ADBE Vector Graphic - Fill","hd":false},{"ty":"tr","p":{"a":0,"k":[223.95,200.019],"ix":2},"a":{"a":0,"k":[0,0],"ix":1},"s":{"a":0,"k":[100,100],"ix":3},"r":{"a":0,"k":0,"ix":6},"o":{"a":0,"k":100,"ix":7},"sk":{"a":0,"k":0,"ix":4},"sa":{"a":0,"k":0,"ix":5},"nm":"变换"}],"nm":"dash-6","np":2,"cix":2,"bm":0,"ix":7,"mn":"ADBE Vector Group","hd":false},{"ty":"gr","it":[{"ty":"gr","it":[{"ind":0,"ty":"sh","ix":1,"ks":{"a":0,"k":{"i":[[0,0],[0,-22.059],[0,0],[22.052,0],[0,0],[0,22.058],[0,0],[-22.059,0]],"o":[[22.06,0],[0,0],[-0.012,22.049],[0,0],[-22.059,0],[0,0],[0,-22.059],[0,0]],"v":[[97.013,-176.021],[137.018,-136.015],[137.02,136.042],[97.013,176.026],[-97.013,176.026],[-137.019,136.021],[-137.019,-136.019],[-97.013,-176.025]],"c":true},"ix":2},"nm":"路径 1","mn":"ADBE Vector Shape - Group","hd":false},{"ty":"fl","c":{"a":0,"k":[1,1,1,1],"ix":4},"o":{"a":0,"k":100,"ix":5},"r":1,"bm":0,"nm":"Fill 1","mn":"ADBE Vector Graphic - Fill","hd":false},{"ty":"tr","p":{"a":0,"k":[220.994,295.967],"ix":2},"a":{"a":0,"k":[0,0],"ix":1},"s":{"a":0,"k":[100,100],"ix":3},"r":{"a":0,"k":0,"ix":6},"o":{"a":0,"k":100,"ix":7},"sk":{"a":0,"k":0,"ix":4},"sa":{"a":0,"k":0,"ix":5},"nm":"变换"}],"nm":"copy-fill-1","np":2,"cix":2,"bm":0,"ix":1,"mn":"ADBE Vector Group","hd":false},{"ty":"gr","it":[{"ind":0,"ty":"sh","ix":1,"ks":{"a":0,"k":{"i":[[0,0],[0,-44.119],[0,0],[-44.119,0],[0,0],[0,44.119],[0,0],[0,0],[44.119,0]],"o":[[-44.118,0],[0,0],[0,44.118],[0,0],[44.118,0],[0,0],[0,0],[0,-44.118],[0,0]],"v":[[-97.014,-216.031],[-177.026,-136.019],[-177.026,136.02],[-97.014,216.032],[97.014,216.032],[177.026,136.02],[177.026,135.412],[177.026,-136.019],[97.014,-216.031]],"c":true},"ix":2},"nm":"路径 1","mn":"ADBE Vector Shape - Group","hd":false},{"ty":"fl","c":{"a":0,"k":[0.40000000596,0.403921574354,0.427450984716,1],"ix":4},"o":{"a":0,"k":100,"ix":5},"r":1,"bm":0,"nm":"Fill 1","mn":"ADBE Vector Graphic - Fill","hd":false},{"ty":"tr","p":{"a":0,"k":[220.994,295.969],"ix":2},"a":{"a":0,"k":[0,0],"ix":1},"s":{"a":0,"k":[100,100],"ix":3},"r":{"a":0,"k":0,"ix":6},"o":{"a":0,"k":100,"ix":7},"sk":{"a":0,"k":0,"ix":4},"sa":{"a":0,"k":0,"ix":5},"nm":"变换"}],"nm":"copy-outline-1","np":2,"cix":2,"bm":0,"ix":2,"mn":"ADBE Vector Group","hd":false},{"ty":"tr","p":{"a":0,"k":[256,256],"ix":2},"a":{"a":0,"k":[256,256],"ix":1},"s":{"a":0,"k":[100,100],"ix":3},"r":{"a":0,"k":0,"ix":6},"o":{"a":0,"k":100,"ix":7},"sk":{"a":0,"k":0,"ix":4},"sa":{"a":0,"k":0,"ix":5},"nm":"变换"}],"nm":"copy-1","np":2,"cix":2,"bm":0,"ix":8,"mn":"ADBE Vector Group","hd":false}],"ip":119.119140625,"op":239.23828125,"st":119.119140625,"bm":0},{"ddd":0,"ind":4,"ty":4,"nm":"copy Outlines","sr":1,"ks":{"o":{"a":0,"k":100,"ix":11},"r":{"a":0,"k":0,"ix":10},"p":{"a":0,"k":[600,600,0],"ix":2},"a":{"a":0,"k":[256,256,0],"ix":1},"s":{"a":0,"k":[5.96,6.07,100],"ix":6}},"ao":0,"shapes":[{"ty":"gr","it":[{"ind":0,"ty":"sh","ix":1,"ks":{"a":1,"k":[{"i":{"x":0.833,"y":1},"o":{"x":0.167,"y":0},"t":46.715,"s":[{"i":[[11.048,0],[0,0],[0,-11.048],[-11.048,0],[0,0],[0,11.048]],"o":[[0,0],[-11.048,0],[0,11.048],[0,0],[11.048,0],[0,-11.048]],"v":[[-28.995,-20],[-30.504,-20.003],[-50.507,0],[-30.504,20.003],[-28.995,20.006],[-8.992,0.003]],"c":true}]},{"t":60.060546875,"s":[{"i":[[11.048,0],[0,0],[0,-11.048],[-11.048,0],[0,0],[0,11.048]],"o":[[0,0],[-11.048,0],[0,11.048],[0,0],[11.048,0],[0,-11.048]],"v":[[30.505,-20.003],[-30.504,-20.003],[-50.507,0],[-30.504,20.003],[30.505,20.003],[50.508,0]],"c":true}]}],"ix":2},"nm":"路径 1","mn":"ADBE Vector Shape - Group","hd":false},{"ty":"fl","c":{"a":0,"k":[0.40000000596,0.403921574354,0.427450984716,1],"ix":4},"o":{"a":0,"k":100,"ix":5},"r":1,"bm":0,"nm":"Fill 1","mn":"ADBE Vector Graphic - Fill","hd":false},{"ty":"tr","p":{"a":0,"k":[255.499,288.042],"ix":2},"a":{"a":0,"k":[0,0],"ix":1},"s":{"a":0,"k":[100,100],"ix":3},"r":{"a":0,"k":0,"ix":6},"o":{"a":1,"k":[{"i":{"x":[0.833],"y":[0.833]},"o":{"x":[0.167],"y":[0.167]},"t":44.045,"s":[3]},{"t":46.71484375,"s":[100]}],"ix":7},"sk":{"a":0,"k":0,"ix":4},"sa":{"a":0,"k":0,"ix":5},"nm":"变换"}],"nm":"dash-3","np":2,"cix":2,"bm":0,"ix":1,"mn":"ADBE Vector Group","hd":false},{"ty":"gr","it":[{"ind":0,"ty":"sh","ix":1,"ks":{"a":1,"k":[{"i":{"x":0.833,"y":1},"o":{"x":0.167,"y":0},"t":33.365,"s":[{"i":[[11.048,0],[0,0],[0,-11.048],[-11.048,0],[0,0],[0,11.048]],"o":[[0,0],[-11.048,0],[0,11.048],[0,0],[11.047,0],[0,-11.048]],"v":[[-69.545,-20],[-70.955,-20.003],[-90.958,0],[-70.955,20.003],[-69.545,20.006],[-49.542,0.003]],"c":true}]},{"t":46.71484375,"s":[{"i":[[11.048,0],[0,0],[0,-11.048],[-11.048,0],[0,0],[0,11.048]],"o":[[0,0],[-11.048,0],[0,11.048],[0,0],[11.047,0],[0,-11.048]],"v":[[70.955,-20.003],[-70.955,-20.003],[-90.958,0],[-70.955,20.003],[70.955,20.003],[90.958,0]],"c":true}]}],"ix":2},"nm":"路径 1","mn":"ADBE Vector Shape - Group","hd":false},{"ty":"fl","c":{"a":0,"k":[0.40000000596,0.403921574354,0.427450984716,1],"ix":4},"o":{"a":0,"k":100,"ix":5},"r":1,"bm":0,"nm":"Fill 1","mn":"ADBE Vector Graphic - Fill","hd":false},{"ty":"tr","p":{"a":0,"k":[295.95,208.03],"ix":2},"a":{"a":0,"k":[0,0],"ix":1},"s":{"a":0,"k":[100,100],"ix":3},"r":{"a":0,"k":0,"ix":6},"o":{"a":1,"k":[{"i":{"x":[0.833],"y":[0.833]},"o":{"x":[0.167],"y":[0.167]},"t":30.697,"s":[0]},{"t":33.365234375,"s":[100]}],"ix":7},"sk":{"a":0,"k":0,"ix":4},"sa":{"a":0,"k":0,"ix":5},"nm":"变换"}],"nm":"dash-2","np":2,"cix":2,"bm":0,"ix":2,"mn":"ADBE Vector Group","hd":false},{"ty":"gr","it":[{"ind":0,"ty":"sh","ix":1,"ks":{"a":1,"k":[{"i":{"x":0.833,"y":1},"o":{"x":0.167,"y":0},"t":20.02,"s":[{"i":[[11.047,0],[0,0],[0,-11.048],[-11.048,0],[0,0],[0,11.048]],"o":[[0,0],[-11.048,0],[0,11.048],[0,0],[11.048,0],[0,-11.048]],"v":[[-70.045,-20.006],[-70.955,-20.003],[-90.958,0],[-70.955,20.003],[-70.045,20],[-50.042,-0.003]],"c":true}]},{"t":33.365234375,"s":[{"i":[[11.047,0],[0,0],[0,-11.048],[-11.048,0],[0,0],[0,11.048]],"o":[[0,0],[-11.048,0],[0,11.048],[0,0],[11.048,0],[0,-11.048]],"v":[[70.955,-20.003],[-70.955,-20.003],[-90.958,0],[-70.955,20.003],[70.955,20.003],[90.958,0]],"c":true}]}],"ix":2},"nm":"路径 1","mn":"ADBE Vector Shape - Group","hd":false},{"ty":"fl","c":{"a":0,"k":[0.40000000596,0.403921574354,0.427450984716,1],"ix":4},"o":{"a":0,"k":100,"ix":5},"r":1,"bm":0,"nm":"Fill 1","mn":"ADBE Vector Graphic - Fill","hd":false},{"ty":"tr","p":{"a":0,"k":[295.95,128.019],"ix":2},"a":{"a":0,"k":[0,0],"ix":1},"s":{"a":0,"k":[100,100],"ix":3},"r":{"a":0,"k":0,"ix":6},"o":{"a":1,"k":[{"i":{"x":[0.833],"y":[0.833]},"o":{"x":[0.167],"y":[0.167]},"t":19.02,"s":[0]},{"t":20.01953125,"s":[100]}],"ix":7},"sk":{"a":0,"k":0,"ix":4},"sa":{"a":0,"k":0,"ix":5},"nm":"变换"}],"nm":"dash-1","np":2,"cix":2,"bm":0,"ix":3,"mn":"ADBE Vector Group","hd":false},{"ty":"gr","it":[{"ty":"gr","it":[{"ind":0,"ty":"sh","ix":1,"ks":{"a":0,"k":{"i":[[0,0],[0,-22.059],[0,0],[22.052,0],[0,0],[0,22.059],[0,0],[-22.059,0]],"o":[[22.059,0],[0,0],[-0.012,22.049],[0,0],[-22.059,0],[0,0],[0,-22.059],[0,0]],"v":[[97.013,-176.021],[137.018,-136.015],[137.02,136.041],[97.013,176.025],[-97.013,176.025],[-137.019,136.019],[-137.019,-136.019],[-97.013,-176.025]],"c":true},"ix":2},"nm":"路径 1","mn":"ADBE Vector Shape - Group","hd":false},{"ty":"fl","c":{"a":0,"k":[1,1,1,1],"ix":4},"o":{"a":0,"k":100,"ix":5},"r":1,"bm":0,"nm":"Fill 1","mn":"ADBE Vector Graphic - Fill","hd":false},{"ty":"tr","p":{"a":0,"k":[300.809,216.153],"ix":2},"a":{"a":0,"k":[0,0],"ix":1},"s":{"a":0,"k":[100,100],"ix":3},"r":{"a":0,"k":0,"ix":6},"o":{"a":0,"k":100,"ix":7},"sk":{"a":0,"k":0,"ix":4},"sa":{"a":0,"k":0,"ix":5},"nm":"变换"}],"nm":"copy-fill-2","np":2,"cix":2,"bm":0,"ix":1,"mn":"ADBE Vector Group","hd":false},{"ty":"gr","it":[{"ind":0,"ty":"sh","ix":1,"ks":{"a":0,"k":{"i":[[0,0],[0,-44.119],[0,0],[-44.119,0],[0,0],[0,44.119],[0,0],[0,0],[44.119,0]],"o":[[-44.118,0],[0,0],[0,44.118],[0,0],[44.118,0],[0,0],[0,0],[0,-44.118],[0,0]],"v":[[-97.014,-216.031],[-177.026,-136.019],[-177.026,136.02],[-97.014,216.031],[97.014,216.031],[177.026,136.02],[177.026,135.412],[177.026,-136.019],[97.014,-216.031]],"c":true},"ix":2},"nm":"路径 1","mn":"ADBE Vector Shape - Group","hd":false},{"ty":"fl","c":{"a":0,"k":[0.40000000596,0.403921574354,0.427450984716,1],"ix":4},"o":{"a":0,"k":100,"ix":5},"r":1,"bm":0,"nm":"Fill 1","mn":"ADBE Vector Graphic - Fill","hd":false},{"ty":"tr","p":{"a":0,"k":[300.808,216.155],"ix":2},"a":{"a":0,"k":[0,0],"ix":1},"s":{"a":0,"k":[100,100],"ix":3},"r":{"a":0,"k":0,"ix":6},"o":{"a":0,"k":100,"ix":7},"sk":{"a":0,"k":0,"ix":4},"sa":{"a":0,"k":0,"ix":5},"nm":"变换"}],"nm":"copy-outline-1","np":2,"cix":2,"bm":0,"ix":2,"mn":"ADBE Vector Group","hd":false},{"ty":"tr","p":{"a":1,"k":[{"i":{"x":0.833,"y":0.97},"o":{"x":0.167,"y":0.03},"t":0,"s":[220.808,296.155],"to":[13.333,-13.333],"ti":[-13.333,13.333]},{"t":20.01953125,"s":[300.808,216.155]}],"ix":2},"a":{"a":0,"k":[300.808,216.155],"ix":1},"s":{"a":0,"k":[100,100],"ix":3},"r":{"a":0,"k":0,"ix":6},"o":{"a":1,"k":[{"i":{"x":[0.833],"y":[0.833]},"o":{"x":[0.167],"y":[0.167]},"t":0,"s":[0]},{"t":20.01953125,"s":[100]}],"ix":7},"sk":{"a":0,"k":0,"ix":4},"sa":{"a":0,"k":0,"ix":5},"nm":"变换"}],"nm":"copy-2","np":2,"cix":2,"bm":0,"ix":4,"mn":"ADBE Vector Group","hd":false},{"ty":"gr","it":[{"ind":0,"ty":"sh","ix":1,"ks":{"a":0,"k":{"i":[[11.048,0],[0,0],[0,-11.048],[-11.048,0],[0,0],[0,11.048]],"o":[[0,0],[-11.048,0],[0,11.048],[0,0],[11.048,0],[0,-11.048]],"v":[[30.505,-20.003],[-30.504,-20.003],[-50.507,0],[-30.504,20.003],[30.505,20.003],[50.508,0]],"c":true},"ix":2},"nm":"路径 1","mn":"ADBE Vector Shape - Group","hd":false},{"ty":"fl","c":{"a":0,"k":[0.40000000596,0.403921574354,0.427450984716,1],"ix":4},"o":{"a":0,"k":100,"ix":5},"r":1,"bm":0,"nm":"Fill 1","mn":"ADBE Vector Graphic - Fill","hd":false},{"ty":"tr","p":{"a":0,"k":[183.499,360.042],"ix":2},"a":{"a":0,"k":[0,0],"ix":1},"s":{"a":0,"k":[100,100],"ix":3},"r":{"a":0,"k":0,"ix":6},"o":{"a":0,"k":100,"ix":7},"sk":{"a":0,"k":0,"ix":4},"sa":{"a":0,"k":0,"ix":5},"nm":"变换"}],"nm":"dash-4","np":2,"cix":2,"bm":0,"ix":5,"mn":"ADBE Vector Group","hd":false},{"ty":"gr","it":[{"ind":0,"ty":"sh","ix":1,"ks":{"a":0,"k":{"i":[[11.048,0],[0,0],[0,-11.048],[-11.048,0],[0,0],[0,11.048]],"o":[[0,0],[-11.048,0],[0,11.048],[0,0],[11.047,0],[0,-11.048]],"v":[[70.955,-20.003],[-70.955,-20.003],[-90.958,0],[-70.955,20.003],[70.955,20.003],[90.958,0]],"c":true},"ix":2},"nm":"路径 1","mn":"ADBE Vector Shape - Group","hd":false},{"ty":"fl","c":{"a":0,"k":[0.40000000596,0.403921574354,0.427450984716,1],"ix":4},"o":{"a":0,"k":100,"ix":5},"r":1,"bm":0,"nm":"Fill 1","mn":"ADBE Vector Graphic - Fill","hd":false},{"ty":"tr","p":{"a":0,"k":[223.95,280.03],"ix":2},"a":{"a":0,"k":[0,0],"ix":1},"s":{"a":0,"k":[100,100],"ix":3},"r":{"a":0,"k":0,"ix":6},"o":{"a":0,"k":100,"ix":7},"sk":{"a":0,"k":0,"ix":4},"sa":{"a":0,"k":0,"ix":5},"nm":"变换"}],"nm":"dash-5","np":2,"cix":2,"bm":0,"ix":6,"mn":"ADBE Vector Group","hd":false},{"ty":"gr","it":[{"ind":0,"ty":"sh","ix":1,"ks":{"a":0,"k":{"i":[[11.047,0],[0,0],[0,-11.048],[-11.048,0],[0,0],[0,11.048]],"o":[[0,0],[-11.048,0],[0,11.048],[0,0],[11.048,0],[0,-11.048]],"v":[[70.955,-20.003],[-70.955,-20.003],[-90.958,0],[-70.955,20.003],[70.955,20.003],[90.958,0]],"c":true},"ix":2},"nm":"路径 1","mn":"ADBE Vector Shape - Group","hd":false},{"ty":"fl","c":{"a":0,"k":[0.40000000596,0.403921574354,0.427450984716,1],"ix":4},"o":{"a":0,"k":100,"ix":5},"r":1,"bm":0,"nm":"Fill 1","mn":"ADBE Vector Graphic - Fill","hd":false},{"ty":"tr","p":{"a":0,"k":[223.95,200.019],"ix":2},"a":{"a":0,"k":[0,0],"ix":1},"s":{"a":0,"k":[100,100],"ix":3},"r":{"a":0,"k":0,"ix":6},"o":{"a":0,"k":100,"ix":7},"sk":{"a":0,"k":0,"ix":4},"sa":{"a":0,"k":0,"ix":5},"nm":"变换"}],"nm":"dash-6","np":2,"cix":2,"bm":0,"ix":7,"mn":"ADBE Vector Group","hd":false},{"ty":"gr","it":[{"ty":"gr","it":[{"ind":0,"ty":"sh","ix":1,"ks":{"a":0,"k":{"i":[[0,0],[0,-22.059],[0,0],[22.052,0],[0,0],[0,22.058],[0,0],[-22.059,0]],"o":[[22.06,0],[0,0],[-0.012,22.049],[0,0],[-22.059,0],[0,0],[0,-22.059],[0,0]],"v":[[97.013,-176.021],[137.018,-136.015],[137.02,136.042],[97.013,176.026],[-97.013,176.026],[-137.019,136.021],[-137.019,-136.019],[-97.013,-176.025]],"c":true},"ix":2},"nm":"路径 1","mn":"ADBE Vector Shape - Group","hd":false},{"ty":"fl","c":{"a":0,"k":[1,1,1,1],"ix":4},"o":{"a":0,"k":100,"ix":5},"r":1,"bm":0,"nm":"Fill 1","mn":"ADBE Vector Graphic - Fill","hd":false},{"ty":"tr","p":{"a":0,"k":[220.994,295.967],"ix":2},"a":{"a":0,"k":[0,0],"ix":1},"s":{"a":0,"k":[100,100],"ix":3},"r":{"a":0,"k":0,"ix":6},"o":{"a":0,"k":100,"ix":7},"sk":{"a":0,"k":0,"ix":4},"sa":{"a":0,"k":0,"ix":5},"nm":"变换"}],"nm":"copy-fill-1","np":2,"cix":2,"bm":0,"ix":1,"mn":"ADBE Vector Group","hd":false},{"ty":"gr","it":[{"ind":0,"ty":"sh","ix":1,"ks":{"a":0,"k":{"i":[[0,0],[0,-44.119],[0,0],[-44.119,0],[0,0],[0,44.119],[0,0],[0,0],[44.119,0]],"o":[[-44.118,0],[0,0],[0,44.118],[0,0],[44.118,0],[0,0],[0,0],[0,-44.118],[0,0]],"v":[[-97.014,-216.031],[-177.026,-136.019],[-177.026,136.02],[-97.014,216.032],[97.014,216.032],[177.026,136.02],[177.026,135.412],[177.026,-136.019],[97.014,-216.031]],"c":true},"ix":2},"nm":"路径 1","mn":"ADBE Vector Shape - Group","hd":false},{"ty":"fl","c":{"a":0,"k":[0.40000000596,0.403921574354,0.427450984716,1],"ix":4},"o":{"a":0,"k":100,"ix":5},"r":1,"bm":0,"nm":"Fill 1","mn":"ADBE Vector Graphic - Fill","hd":false},{"ty":"tr","p":{"a":0,"k":[220.994,295.969],"ix":2},"a":{"a":0,"k":[0,0],"ix":1},"s":{"a":0,"k":[100,100],"ix":3},"r":{"a":0,"k":0,"ix":6},"o":{"a":0,"k":100,"ix":7},"sk":{"a":0,"k":0,"ix":4},"sa":{"a":0,"k":0,"ix":5},"nm":"变换"}],"nm":"copy-outline-1","np":2,"cix":2,"bm":0,"ix":2,"mn":"ADBE Vector Group","hd":false},{"ty":"tr","p":{"a":0,"k":[256,256],"ix":2},"a":{"a":0,"k":[256,256],"ix":1},"s":{"a":0,"k":[100,100],"ix":3},"r":{"a":0,"k":0,"ix":6},"o":{"a":0,"k":100,"ix":7},"sk":{"a":0,"k":0,"ix":4},"sa":{"a":0,"k":0,"ix":5},"nm":"变换"}],"nm":"copy-1","np":2,"cix":2,"bm":0,"ix":8,"mn":"ADBE Vector Group","hd":false}],"ip":0,"op":120.12109375,"st":0,"bm":0}]},{"id":"comp_4","layers":[{"ddd":0,"ind":1,"ty":2,"nm":"Image 13.png","cl":"png","refId":"image_8","sr":1,"ks":{"o":{"a":0,"k":100,"ix":11},"r":{"a":0,"k":0,"ix":10},"p":{"a":1,"k":[{"i":{"x":0.833,"y":1},"o":{"x":0.167,"y":0},"t":0,"s":[465,545,0],"to":[-90,5.333,0],"ti":[90,-5.333,0]},{"t":422.421875,"s":[-75,577,0]}],"ix":2},"a":{"a":0,"k":[316.5,240,0],"ix":1},"s":{"a":0,"k":[44.072,44.072,100],"ix":6}},"ao":0,"ip":0,"op":420.419921875,"st":0,"bm":0},{"ddd":0,"ind":2,"ty":2,"nm":"Image 12.png","cl":"png","refId":"image_9","sr":1,"ks":{"o":{"a":0,"k":100,"ix":11},"r":{"a":0,"k":0,"ix":10},"p":{"a":1,"k":[{"i":{"x":0.833,"y":1},"o":{"x":0.167,"y":0},"t":0,"s":[1027,435,0],"to":[-96.667,8.667,0],"ti":[96.667,-8.667,0]},{"t":422.421875,"s":[447,487,0]}],"ix":2},"a":{"a":0,"k":[254.5,243,0],"ix":1},"s":{"a":0,"k":[49.705,49.705,100],"ix":6}},"ao":0,"ip":0,"op":420.419921875,"st":0,"bm":0},{"ddd":0,"ind":3,"ty":2,"nm":"img_5 - 副本.jpg","cl":"jpg","refId":"image_10","sr":1,"ks":{"o":{"a":0,"k":100,"ix":11},"r":{"a":0,"k":0,"ix":10},"p":{"a":1,"k":[{"i":{"x":0.99,"y":1},"o":{"x":0.165,"y":0},"t":0,"s":[1735,542,0],"to":[-112.953,-7.308,0],"ti":[0,0,0]},{"t":419,"s":[1074,542,0]}],"ix":2},"a":{"a":0,"k":[316.5,240,0],"ix":1},"s":{"a":0,"k":[63.349,56.667,100],"ix":6}},"ao":0,"ip":0,"op":420,"st":0,"bm":0},{"ddd":0,"ind":4,"ty":2,"nm":"Image 9.png","cl":"png","refId":"image_11","sr":1,"ks":{"o":{"a":0,"k":100,"ix":11},"r":{"a":0,"k":0,"ix":10},"p":{"a":1,"k":[{"i":{"x":0.833,"y":1},"o":{"x":0.167,"y":0},"t":0,"s":[1389,463,0],"to":[-114.667,14,0],"ti":[114.667,-14,0]},{"t":422.421875,"s":[701,547,0]}],"ix":2},"a":{"a":0,"k":[180.5,235.5,0],"ix":1},"s":{"a":0,"k":[58.386,58.386,100],"ix":6}},"ao":0,"ip":0,"op":420.419921875,"st":0,"bm":0},{"ddd":0,"ind":5,"ty":2,"nm":"Image 8.png","cl":"png","refId":"image_12","sr":1,"ks":{"o":{"a":0,"k":100,"ix":11},"r":{"a":0,"k":0,"ix":10},"p":{"a":1,"k":[{"i":{"x":0.833,"y":1},"o":{"x":0.167,"y":0},"t":0,"s":[1199,275,0],"to":[-107.333,-4,0],"ti":[107.333,4,0]},{"t":422.421875,"s":[555,251,0]}],"ix":2},"a":{"a":0,"k":[471,244,0],"ix":1},"s":{"a":0,"k":[31.967,31.967,100],"ix":6}},"ao":0,"ip":0,"op":420.419921875,"st":0,"bm":0},{"ddd":0,"ind":6,"ty":2,"nm":"Image 7.png","cl":"png","refId":"image_13","sr":1,"ks":{"o":{"a":0,"k":100,"ix":11},"r":{"a":0,"k":0,"ix":10},"p":{"a":1,"k":[{"i":{"x":0.833,"y":1},"o":{"x":0.167,"y":0},"t":0,"s":[1933,393,0],"to":[-109.333,-8.667,0],"ti":[109.333,8.667,0]},{"t":422.421875,"s":[1277,341,0]}],"ix":2},"a":{"a":0,"k":[181.5,239,0],"ix":1},"s":{"a":0,"k":[43.802,43.802,100],"ix":6}},"ao":0,"ip":0,"op":420.419921875,"st":0,"bm":0},{"ddd":0,"ind":7,"ty":2,"nm":"Image 6.png","cl":"png","refId":"image_14","sr":1,"ks":{"o":{"a":0,"k":100,"ix":11},"r":{"a":0,"k":0,"ix":10},"p":{"a":1,"k":[{"i":{"x":0.833,"y":1},"o":{"x":0.167,"y":0},"t":0,"s":[813,543,0],"to":[-100.667,-2.667,0],"ti":[100.667,2.667,0]},{"t":422.421875,"s":[209,527,0]}],"ix":2},"a":{"a":0,"k":[287.5,239,0],"ix":1},"s":{"a":0,"k":[38.783,38.783,100],"ix":6}},"ao":0,"ip":0,"op":420.419921875,"st":0,"bm":0},{"ddd":0,"ind":8,"ty":2,"nm":"Image 5.png","cl":"png","refId":"image_15","sr":1,"ks":{"o":{"a":0,"k":100,"ix":11},"r":{"a":0,"k":0,"ix":10},"p":{"a":1,"k":[{"i":{"x":0.833,"y":1},"o":{"x":0.167,"y":0},"t":0,"s":[635,357,0],"to":[-84.667,-9.333,0],"ti":[84.667,9.333,0]},{"t":422.421875,"s":[127,301,0]}],"ix":2},"a":{"a":0,"k":[327.5,245,0],"ix":1},"s":{"a":0,"k":[40.433,40.433,100],"ix":6}},"ao":0,"ip":0,"op":420.419921875,"st":0,"bm":0},{"ddd":0,"ind":9,"ty":2,"nm":"Image 3.png","cl":"png","refId":"image_16","sr":1,"ks":{"o":{"a":0,"k":100,"ix":11},"r":{"a":0,"k":0,"ix":10},"p":{"a":1,"k":[{"i":{"x":0.833,"y":1},"o":{"x":0.167,"y":0},"t":0,"s":[1955,217,0],"to":[-162.667,8.667,0],"ti":[162.667,-8.667,0]},{"t":422.421875,"s":[979,269,0]}],"ix":2},"a":{"a":0,"k":[322,241,0],"ix":1},"s":{"a":0,"k":[38.089,38.089,100],"ix":6}},"ao":0,"ip":0,"op":420.419921875,"st":0,"bm":0},{"ddd":0,"ind":10,"ty":2,"nm":"Image 2.png","cl":"png","refId":"image_17","sr":1,"ks":{"o":{"a":0,"k":100,"ix":11},"r":{"a":0,"k":0,"ix":10},"p":{"a":1,"k":[{"i":{"x":0.833,"y":1},"o":{"x":0.167,"y":0},"t":0,"s":[281,325,0],"to":[-78.667,-4,0],"ti":[78.667,4,0]},{"t":422.421875,"s":[-191,301,0]}],"ix":2},"a":{"a":0,"k":[182.5,245.5,0],"ix":1},"s":{"a":0,"k":[56.164,56.164,100],"ix":6}},"ao":0,"ip":0,"op":420.419921875,"st":0,"bm":0},{"ddd":0,"ind":11,"ty":2,"nm":"Image 1.png","cl":"png","refId":"image_18","sr":1,"ks":{"o":{"a":0,"k":100,"ix":11},"r":{"a":0,"k":0,"ix":10},"p":{"a":1,"k":[{"i":{"x":0.833,"y":1},"o":{"x":0.167,"y":0},"t":0,"s":[105,469,0],"to":[-81.333,-0.667,0],"ti":[81.333,0.667,0]},{"t":422.421875,"s":[-383,465,0]}],"ix":2},"a":{"a":0,"k":[183.5,242.5,0],"ix":1},"s":{"a":0,"k":[56.814,56.814,100],"ix":6}},"ao":0,"ip":0,"op":420.419921875,"st":0,"bm":0}]}],"layers":[{"ddd":0,"ind":1,"ty":0,"nm":"波纹 pag","refId":"comp_0","sr":1,"ks":{"o":{"a":0,"k":100,"ix":11},"r":{"a":0,"k":0,"ix":10},"p":{"a":0,"k":[181,678,0],"ix":2},"a":{"a":0,"k":[85.5,85.5,0],"ix":1},"s":{"a":0,"k":[120,120,100],"ix":6}},"ao":0,"w":171,"h":171,"ip":42,"op":942,"st":42,"bm":0},{"ddd":0,"ind":2,"ty":0,"nm":"Comp 2","refId":"comp_1","sr":1,"ks":{"o":{"a":0,"k":100,"ix":11},"r":{"a":0,"k":0,"ix":10},"p":{"a":0,"k":[540,921.25,0],"ix":2},"a":{"a":0,"k":[960,10,0],"ix":1},"s":{"a":0,"k":[50.625,-20,100],"ix":6}},"ao":0,"w":1920,"h":20,"ip":42,"op":530,"st":42,"bm":0},{"ddd":0,"ind":3,"ty":4,"nm":"“>”轮廓","sr":1,"ks":{"o":{"a":1,"k":[{"i":{"x":[0.833],"y":[0.833]},"o":{"x":[0.167],"y":[0.167]},"t":119,"s":[0]},{"t":149,"s":[100]}],"ix":11},"r":{"a":0,"k":87,"ix":10},"p":{"a":1,"k":[{"i":{"x":0.833,"y":1},"o":{"x":0.167,"y":0},"t":130,"s":[935,792,0],"to":[0,5.833,0],"ti":[0,2.833,0]},{"i":{"x":0.833,"y":1},"o":{"x":0.167,"y":0},"t":190,"s":[935,827,0],"to":[0,-2.833,0],"ti":[0,5.667,0]},{"i":{"x":0.833,"y":1},"o":{"x":0.167,"y":0},"t":231,"s":[935,775,0],"to":[0,-5.667,0],"ti":[0,-3,0]},{"t":289,"s":[935,793,0]}],"ix":2},"a":{"a":0,"k":[0,0,0],"ix":1},"s":{"a":0,"k":[139,139,100],"ix":6}},"ao":0,"shapes":[{"ty":"gr","it":[{"ind":0,"ty":"sh","ix":1,"ks":{"a":0,"k":{"i":[[0,0],[0,0],[0,0],[0,0],[0,0],[0,0]],"o":[[0,0],[0,0],[0,0],[0,0],[0,0],[0,0]],"v":[[2.813,-28.438],[1.25,-26.875],[15.313,-14.063],[1.25,-1.563],[2.656,0.156],[18.438,-14.063]],"c":true},"ix":2},"nm":"路径 1","mn":"ADBE Vector Shape - Group","hd":false},{"ty":"st","c":{"a":0,"k":[1,1,1,1],"ix":3},"o":{"a":0,"k":100,"ix":4},"w":{"a":0,"k":2,"ix":5},"lc":1,"lj":1,"ml":4,"bm":0,"nm":"描边 1","mn":"ADBE Vector Graphic - Stroke","hd":false},{"ty":"fl","c":{"a":0,"k":[0.976470589638,0.976470589638,0.976470589638,1],"ix":4},"o":{"a":0,"k":100,"ix":5},"r":1,"bm":0,"nm":"填充 1","mn":"ADBE Vector Graphic - Fill","hd":false},{"ty":"tr","p":{"a":0,"k":[0,0],"ix":2},"a":{"a":0,"k":[0,0],"ix":1},"s":{"a":0,"k":[100,100],"ix":3},"r":{"a":0,"k":0,"ix":6},"o":{"a":0,"k":100,"ix":7},"sk":{"a":0,"k":0,"ix":4},"sa":{"a":0,"k":0,"ix":5},"nm":"变换"}],"nm":">","np":3,"cix":2,"bm":0,"ix":1,"mn":"ADBE Vector Group","hd":false}],"ip":119,"op":599,"st":119,"bm":0},{"ddd":0,"ind":4,"ty":2,"nm":"图层-11.png","cl":"png","refId":"image_2","sr":1,"ks":{"o":{"a":1,"k":[{"i":{"x":[0.833],"y":[0.833]},"o":{"x":[0.167],"y":[0.167]},"t":73,"s":[0]},{"t":119,"s":[100]}],"ix":11},"r":{"a":0,"k":0,"ix":10},"p":{"a":0,"k":[956,802,0],"ix":2},"a":{"a":0,"k":[55,55,0],"ix":1},"s":{"a":0,"k":[100,100,100],"ix":6}},"ao":0,"ip":73,"op":481,"st":1,"bm":0},{"ddd":0,"ind":5,"ty":4,"nm":"“已关注”轮廓","sr":1,"ks":{"o":{"a":1,"k":[{"i":{"x":[0.833],"y":[0.833]},"o":{"x":[0.167],"y":[0.167]},"t":181,"s":[0]},{"t":210,"s":[100]}],"ix":11},"r":{"a":0,"k":0,"ix":10},"p":{"a":1,"k":[{"i":{"x":0.833,"y":1},"o":{"x":0.167,"y":0},"t":210,"s":[742,815,0],"to":[-9.333,0,0],"ti":[9.333,0,0]},{"t":300,"s":[686,815,0]}],"ix":2},"a":{"a":0,"k":[0,0,0],"ix":1},"s":{"a":0,"k":[100,100,100],"ix":6}},"ao":0,"shapes":[{"ty":"gr","it":[{"ind":0,"ty":"sh","ix":1,"ks":{"a":0,"k":{"i":[[0,0],[3.02,0.105],[0,0],[-2.397,0],[0,0],[0,0],[0,0],[-0.105,1.46],[0,0],[0,-1.04],[0,0],[-3.75,0.103],[0,0],[-0.781,0.989],[-0.625,2.813],[1.145,0.73],[0.676,-0.625],[1.77,0.105],[0,0],[-0.21,2.5],[0,0],[0,0],[0,0],[0,0],[0,2.188],[0,0],[-0.105,1.875]],"o":[[-2.292,0],[0,0],[3.02,-0.103],[0,0],[0,0],[0,0],[0,-1.458],[0,0],[0.103,2.813],[0,0],[-0.21,3.333],[0,0],[1.458,-0.105],[0.781,-0.991],[-1.46,-0.415],[-0.313,2.917],[-0.679,0.625],[0,0],[-2.813,0.105],[0,0],[0,0],[0,0],[0,0],[-0.105,-2.083],[0,0],[0,-1.77],[0,0]],"v":[[12.031,-29.531],[4.063,-29.688],[4.063,-26.563],[12.188,-26.719],[29.531,-26.719],[29.531,-16.875],[9.063,-16.875],[9.219,-21.25],[5.469,-21.25],[5.625,-15.469],[5.625,-2.031],[10.938,2.813],[31.875,2.813],[35.234,1.172],[37.344,-4.531],[33.438,-6.25],[31.953,-0.938],[28.281,-0.156],[12.813,-0.156],[8.906,-3.75],[8.906,-14.219],[29.531,-14.219],[29.531,-11.875],[32.969,-11.875],[32.813,-18.281],[32.813,-24.063],[32.969,-29.531]],"c":true},"ix":2},"nm":"路径 1","mn":"ADBE Vector Shape - Group","hd":false},{"ty":"st","c":{"a":0,"k":[1,1,1,1],"ix":3},"o":{"a":0,"k":100,"ix":4},"w":{"a":0,"k":2,"ix":5},"lc":1,"lj":1,"ml":4,"bm":0,"nm":"描边 1","mn":"ADBE Vector Graphic - Stroke","hd":false},{"ty":"fl","c":{"a":0,"k":[0.976470589638,0.976470589638,0.976470589638,1],"ix":4},"o":{"a":0,"k":100,"ix":5},"r":1,"bm":0,"nm":"填充 1","mn":"ADBE Vector Graphic - Fill","hd":false},{"ty":"tr","p":{"a":0,"k":[0,0],"ix":2},"a":{"a":0,"k":[0,0],"ix":1},"s":{"a":0,"k":[100,100],"ix":3},"r":{"a":0,"k":0,"ix":6},"o":{"a":0,"k":100,"ix":7},"sk":{"a":0,"k":0,"ix":4},"sa":{"a":0,"k":0,"ix":5},"nm":"变换"}],"nm":"已","np":3,"cix":2,"bm":0,"ix":1,"mn":"ADBE Vector Group","hd":false},{"ty":"gr","it":[{"ind":0,"ty":"sh","ix":1,"ks":{"a":0,"k":{"i":[[-0.625,0.73],[1.04,0.625],[1.458,-3.333],[0,0],[1.563,0.105],[0,0],[-1.98,0],[0,0],[0,0],[0,0],[1.145,0.105],[0,0],[-2.397,0],[0,0],[8.02,-2.188],[-0.417,-1.042],[-1.772,4.585],[-6.563,-2.188],[-0.938,1.04],[3.125,5.313],[0,0],[-1.667,-0.103],[0,0],[2.083,0],[0,0],[0,0],[0,0],[-1.355,-0.103],[0,0],[2.188,0],[0,0],[-0.679,1.25]],"o":[[-1.46,-0.625],[-0.625,2.188],[0,0],[-2.085,0],[0,0],[1.563,-0.103],[0,0],[0,0],[0,0],[-2.397,0],[0,0],[1.563,-0.103],[0,0],[-1.875,5.625],[1.145,0.833],[8.02,-3.335],[3.333,5.417],[0.728,-1.46],[-7.292,-1.563],[0,0],[1.875,0],[0,0],[-1.667,0.105],[0,0],[0,0],[0,0],[2.188,0],[0,0],[-1.667,0.105],[0,0],[0.52,-1.04],[0.676,-1.25]],"v":[[69.219,-30.313],[65.469,-32.188],[62.344,-23.906],[51.094,-23.906],[45.625,-24.063],[45.625,-21.094],[50.938,-21.25],[58.281,-21.25],[58.281,-13.281],[49.063,-13.281],[43.75,-13.438],[43.75,-10.625],[49.688,-10.781],[57.969,-10.781],[43.125,0.938],[45.469,3.75],[60.156,-8.125],[75,3.281],[77.5,-0.469],[61.875,-10.781],[71.406,-10.781],[76.719,-10.625],[76.719,-13.594],[71.094,-13.438],[61.25,-13.438],[61.25,-21.25],[69.375,-21.25],[74.688,-21.094],[74.688,-24.063],[68.906,-23.906],[65.469,-23.906],[67.266,-27.344]],"c":true},"ix":2},"nm":"路径 1","mn":"ADBE Vector Shape - Group","hd":false},{"ind":1,"ty":"sh","ix":2,"ks":{"a":0,"k":{"i":[[1.353,1.667],[0.938,-0.625],[-1.25,-2.395],[-1.25,0.625]],"o":[[-0.73,0.625],[1.25,1.563],[0.728,-0.625],[-1.46,-2.29]],"v":[[53.281,-32.031],[50.781,-30.156],[54.531,-24.219],[57.5,-26.094]],"c":true},"ix":2},"nm":"路径 2","mn":"ADBE Vector Shape - Group","hd":false},{"ty":"st","c":{"a":0,"k":[1,1,1,1],"ix":3},"o":{"a":0,"k":100,"ix":4},"w":{"a":0,"k":2,"ix":5},"lc":1,"lj":1,"ml":4,"bm":0,"nm":"描边 1","mn":"ADBE Vector Graphic - Stroke","hd":false},{"ty":"fl","c":{"a":0,"k":[0.976470589638,0.976470589638,0.976470589638,1],"ix":4},"o":{"a":0,"k":100,"ix":5},"r":1,"bm":0,"nm":"填充 1","mn":"ADBE Vector Graphic - Fill","hd":false},{"ty":"tr","p":{"a":0,"k":[0,0],"ix":2},"a":{"a":0,"k":[0,0],"ix":1},"s":{"a":0,"k":[100,100],"ix":3},"r":{"a":0,"k":0,"ix":6},"o":{"a":0,"k":100,"ix":7},"sk":{"a":0,"k":0,"ix":4},"sa":{"a":0,"k":0,"ix":5},"nm":"变换"}],"nm":"关","np":4,"cix":2,"bm":0,"ix":2,"mn":"ADBE Vector Group","hd":false},{"ty":"gr","it":[{"ind":0,"ty":"sh","ix":1,"ks":{"a":0,"k":{"i":[[0,0],[2.083,0.105],[0,0],[-2.085,0],[0,0],[0,0],[0,0],[1.77,0.105],[0,0],[-1.98,0],[0,0],[0,0],[0,0],[1.665,0.105],[0,0],[-2.71,0],[0,0],[-2.71,-0.105],[0,0],[2.5,0],[0,0],[0,0],[0,0],[-2.292,-0.103],[0,0],[1.77,0],[0,0],[0,0],[0,0],[-2.813,-0.103],[0,0],[1.978,0]],"o":[[-2.188,0],[0,0],[2.083,-0.103],[0,0],[0,0],[0,0],[-2.085,0],[0,0],[1.77,-0.103],[0,0],[0,0],[0,0],[-2.917,0],[0,0],[1.77,-0.105],[0,0],[2.395,0],[0,0],[-2.71,0.105],[0,0],[0,0],[0,0],[1.875,0],[0,0],[-2.397,0.105],[0,0],[0,0],[0,0],[1.665,0],[0,0],[-2.605,0.105],[0,0]],"v":[[100.313,-25.313],[93.906,-25.469],[93.906,-22.5],[100.156,-22.656],[103.125,-22.656],[103.125,-14.063],[100.781,-14.063],[95,-14.219],[95,-11.25],[100.625,-11.406],[103.125,-11.406],[103.125,0],[99.063,0],[92.188,-0.156],[92.188,2.813],[98.906,2.656],[110.313,2.656],[117.969,2.813],[117.969,-0.156],[110.156,0],[106.25,0],[106.25,-11.406],[109.219,-11.406],[115.469,-11.25],[115.469,-14.219],[109.219,-14.063],[106.25,-14.063],[106.25,-22.656],[109.375,-22.656],[116.094,-22.5],[116.094,-25.469],[109.219,-25.313]],"c":true},"ix":2},"nm":"路径 1","mn":"ADBE Vector Shape - Group","hd":false},{"ind":1,"ty":"sh","ix":2,"ks":{"a":0,"k":{"i":[[-1.147,1.875],[0.728,0.938],[1.458,-2.551],[1.145,-1.042],[-1.042,-1.042],[-1.406,2.864]],"o":[[-0.835,-0.625],[-1.147,2.397],[-1.46,2.554],[1.25,0.728],[0.52,-1.147],[1.406,-2.864]],"v":[[92.188,-8.906],[89.844,-11.25],[85.938,-3.828],[82.031,1.563],[85.469,4.219],[88.359,-1.797]],"c":true},"ix":2},"nm":"路径 2","mn":"ADBE Vector Shape - Group","hd":false},{"ind":2,"ty":"sh","ix":3,"ks":{"a":0,"k":{"i":[[2.395,1.563],[0.625,-0.625],[-1.98,-1.77],[-0.625,0.73]],"o":[[-0.625,1.042],[2.188,1.25],[0.728,-1.145],[-1.875,-1.25]],"v":[[84.531,-20.938],[82.656,-18.438],[88.906,-13.906],[90.938,-16.719]],"c":true},"ix":2},"nm":"路径 3","mn":"ADBE Vector Shape - Group","hd":false},{"ind":3,"ty":"sh","ix":4,"ks":{"a":0,"k":{"i":[[2.5,1.875],[0.728,-0.728],[-1.772,-2.083],[-0.938,0.73]],"o":[[-0.73,0.835],[2.083,1.25],[0.52,-0.833],[-1.355,-1.458]],"v":[[86.406,-31.406],[84.219,-29.063],[90,-24.063],[92.188,-26.406]],"c":true},"ix":2},"nm":"路径 4","mn":"ADBE Vector Shape - Group","hd":false},{"ind":4,"ty":"sh","ix":5,"ks":{"a":0,"k":{"i":[[0.728,-0.52],[-1.772,-2.188],[-0.835,0.625],[1.353,1.147]],"o":[[1.353,1.25],[0.833,-0.728],[-1.98,-2.188],[-0.73,0.73]],"v":[[100.156,-30.938],[104.844,-25.781],[107.344,-27.813],[102.344,-32.813]],"c":true},"ix":2},"nm":"路径 5","mn":"ADBE Vector Shape - Group","hd":false},{"ty":"st","c":{"a":0,"k":[1,1,1,1],"ix":3},"o":{"a":0,"k":100,"ix":4},"w":{"a":0,"k":2,"ix":5},"lc":1,"lj":1,"ml":4,"bm":0,"nm":"描边 1","mn":"ADBE Vector Graphic - Stroke","hd":false},{"ty":"fl","c":{"a":0,"k":[0.976470589638,0.976470589638,0.976470589638,1],"ix":4},"o":{"a":0,"k":100,"ix":5},"r":1,"bm":0,"nm":"填充 1","mn":"ADBE Vector Graphic - Fill","hd":false},{"ty":"tr","p":{"a":0,"k":[0,0],"ix":2},"a":{"a":0,"k":[0,0],"ix":1},"s":{"a":0,"k":[100,100],"ix":3},"r":{"a":0,"k":0,"ix":6},"o":{"a":0,"k":100,"ix":7},"sk":{"a":0,"k":0,"ix":4},"sa":{"a":0,"k":0,"ix":5},"nm":"变换"}],"nm":"注","np":7,"cix":2,"bm":0,"ix":3,"mn":"ADBE Vector Group","hd":false}],"ip":181,"op":661,"st":181,"bm":0},{"ddd":0,"ind":6,"ty":0,"nm":"关注","refId":"comp_2","sr":1,"ks":{"o":{"a":0,"k":100,"ix":11},"r":{"a":0,"k":0,"ix":10},"p":{"a":0,"k":[717,802,0],"ix":2},"a":{"a":0,"k":[50,24,0],"ix":1},"s":{"a":0,"k":[214,195.833,100],"ix":6}},"ao":0,"w":100,"h":48,"ip":119,"op":489,"st":119,"bm":0},{"ddd":0,"ind":7,"ty":2,"nm":"图层-1.png","cl":"png","refId":"image_3","sr":1,"ks":{"o":{"a":1,"k":[{"i":{"x":[0.833],"y":[0.833]},"o":{"x":[0.167],"y":[0.167]},"t":73,"s":[0]},{"t":119,"s":[100]}],"ix":11},"r":{"a":0,"k":0,"ix":10},"p":{"a":0,"k":[712,802,0],"ix":2},"a":{"a":0,"k":[172,55,0],"ix":1},"s":{"a":0,"k":[100,100,100],"ix":6}},"ao":0,"ip":73,"op":553,"st":73,"bm":0},{"ddd":0,"ind":8,"ty":2,"nm":"333.png","cl":"png","refId":"image_4","sr":1,"ks":{"o":{"a":1,"k":[{"i":{"x":[0.833],"y":[0.833]},"o":{"x":[0.167],"y":[0.167]},"t":94,"s":[0]},{"t":131,"s":[100]}],"ix":11},"r":{"a":0,"k":0,"ix":10},"p":{"a":0,"k":[436,1179,0],"ix":2},"a":{"a":0,"k":[400,250,0],"ix":1},"s":{"a":0,"k":[100,100,100],"ix":6}},"ao":0,"ip":42,"op":522,"st":42,"bm":0},{"ddd":0,"ind":9,"ty":0,"nm":"copy","refId":"comp_3","sr":1,"ks":{"o":{"a":0,"k":100,"ix":11},"r":{"a":0,"k":-1,"ix":10},"p":{"a":0,"k":[266.5,880,0],"ix":2},"a":{"a":0,"k":[600,600,0],"ix":1},"s":{"a":0,"k":[98,98,100],"ix":6}},"ao":0,"w":1200,"h":1200,"ip":100,"op":580,"st":100,"bm":0},{"ddd":0,"ind":10,"ty":2,"nm":"图层-5.png","cl":"png","refId":"image_5","sr":1,"ks":{"o":{"a":1,"k":[{"i":{"x":[0.833],"y":[0.833]},"o":{"x":[0.167],"y":[0.167]},"t":42,"s":[0]},{"t":96,"s":[100]}],"ix":11},"r":{"a":0,"k":0,"ix":10},"p":{"a":0,"k":[571,624,0],"ix":2},"a":{"a":0,"k":[473,49,0],"ix":1},"s":{"a":0,"k":[124,124,100],"ix":6}},"ao":0,"ip":42,"op":522,"st":13,"bm":0},{"ddd":0,"ind":11,"ty":2,"nm":"111.png","cl":"png","refId":"image_6","sr":1,"ks":{"o":{"a":0,"k":100,"ix":11},"r":{"a":0,"k":0,"ix":10},"p":{"a":1,"k":[{"i":{"x":0.833,"y":0.833},"o":{"x":0.167,"y":0.167},"t":63,"s":[-333,794,0],"to":[38.667,0,0],"ti":[-38.667,0,0]},{"t":101,"s":[-101,794,0]}],"ix":2},"a":{"a":0,"k":[135.417,-15.625,0],"ix":1},"s":{"a":0,"k":[94,94,100],"ix":6}},"ao":0,"ip":63,"op":543,"st":63,"bm":0},{"ddd":0,"ind":12,"ty":2,"nm":"222.png","cl":"png","refId":"image_7","sr":1,"ks":{"o":{"a":0,"k":100,"ix":11},"r":{"a":0,"k":0,"ix":10},"p":{"a":1,"k":[{"i":{"x":0.833,"y":0.835},"o":{"x":0.167,"y":0.165},"t":63,"s":[-128,834,0],"to":[51.333,0,0],"ti":[0,0,0]},{"t":104,"s":[209,834,0]}],"ix":2},"a":{"a":0,"k":[400,50,0],"ix":1},"s":{"a":0,"k":[80,80,100],"ix":6}},"ao":0,"ip":63,"op":543,"st":63,"bm":0},{"ddd":0,"ind":13,"ty":0,"nm":"轮播","refId":"comp_4","sr":1,"ks":{"o":{"a":0,"k":100,"ix":11},"r":{"a":0,"k":0,"ix":10},"p":{"a":0,"k":[550,1626,0],"ix":2},"a":{"a":0,"k":[683,383,0],"ix":1},"s":{"a":0,"k":[104.685,110.444,100],"ix":6}},"ao":0,"w":1366,"h":766,"ip":121,"op":541.419921875,"st":121,"bm":0},{"ddd":0,"ind":15,"ty":2,"nm":"底图","refId":"image_19","sr":1,"ks":{"o":{"a":1,"k":[{"i":{"x":[0.833],"y":[0.833]},"o":{"x":[0.167],"y":[0.167]},"t":37,"s":[0]},{"t":57,"s":[100]}],"ix":11},"r":{"a":0,"k":0,"ix":10},"p":{"a":0,"k":[540,362,0],"ix":2},"a":{"a":0,"k":[540,360,0],"ix":1},"s":{"a":0,"k":[100,100,100],"ix":6}},"ao":0,"ip":37,"op":517,"st":37,"bm":0}],"markers":[]}