{"v":"5.6.10","fr":"60","ip":0,"op":96,"w":930,"h":1920,"nm":"QQ909125644","ddd":0,"assets":[{"id":"img_0","w":"500","h":"500","u":"images/","p":"img_0.png","e":0},{"id":"img_1","w":"500","h":"500","u":"images/","p":"img_1.png","e":0},{"id":"img_2","w":"500","h":"500","u":"images/","p":"img_2.png","e":0},{"id":"img_3","w":"500","h":"500","u":"images/","p":"img_3.png","e":0},{"id":"img_4","w":"500","h":"500","u":"images/","p":"img_4.png","e":0},{"id":"img_5","w":"500","h":"500","u":"images/","p":"img_5.png","e":0},{"id":"img_6","w":"500","h":"500","u":"images/","p":"img_6.png","e":0},{"id":"img_7","w":"500","h":"500","u":"images/","p":"img_7.png","e":0},{"id":"img_8","w":"500","h":"500","u":"images/","p":"img_8.png","e":0},{"id":"img_9","w":"500","h":"500","u":"images/","p":"img_9.png","e":0},{"id":"img_10","w":"500","h":"500","u":"images/","p":"img_10.png","e":0},{"id":"img_11","w":"500","h":"500","u":"images/","p":"img_11.png","e":0}],"layers":[{"ddd":0,"ind":1,"ty":2,"nm":"QQ909125644","cl":"png","refId":"img_0","sr":1,"ks":{"o":{"a":0,"k":100,"ix":11},"r":{"a":0,"k":0,"ix":10},"p":{"a":0,"k":[100,1340,0],"ix":2},"a":{"a":0,"k":[89.5,153,0],"ix":1},"s":{"a":0,"k":[100,100,100],"ix":6}},"ao":0,"ip":0,"op":8,"st":0,"bm":0},{"ddd":0,"ind":2,"ty":2,"nm":"QQ909125644","cl":"png","refId":"img_1","sr":1,"ks":{"o":{"a":0,"k":100,"ix":11},"r":{"a":0,"k":0,"ix":10},"p":{"a":0,"k":[100,1340,0],"ix":2},"a":{"a":0,"k":[89.5,153,0],"ix":1},"s":{"a":0,"k":[100,100,100],"ix":6}},"ao":0,"ip":8,"op":16,"st":8,"bm":0},{"ddd":0,"ind":3,"ty":2,"nm":"QQ909125644","cl":"png","refId":"img_2","sr":1,"ks":{"o":{"a":0,"k":100,"ix":11},"r":{"a":0,"k":0,"ix":10},"p":{"a":0,"k":[100,1340,0],"ix":2},"a":{"a":0,"k":[89.5,153,0],"ix":1},"s":{"a":0,"k":[100,100,100],"ix":6}},"ao":0,"ip":16,"op":24,"st":16,"bm":0},{"ddd":0,"ind":4,"ty":2,"nm":"QQ909125644","cl":"png","refId":"img_3","sr":1,"ks":{"o":{"a":0,"k":100,"ix":11},"r":{"a":0,"k":0,"ix":10},"p":{"a":0,"k":[100,1340,0],"ix":2},"a":{"a":0,"k":[89.5,153,0],"ix":1},"s":{"a":0,"k":[100,100,100],"ix":6}},"ao":0,"ip":24,"op":32,"st":24,"bm":0},{"ddd":0,"ind":5,"ty":2,"nm":"QQ909125644","cl":"png","refId":"img_4","sr":1,"ks":{"o":{"a":0,"k":100,"ix":11},"r":{"a":0,"k":0,"ix":10},"p":{"a":0,"k":[100,1340,0],"ix":2},"a":{"a":0,"k":[89.5,153,0],"ix":1},"s":{"a":0,"k":[100,100,100],"ix":6}},"ao":0,"ip":32,"op":40,"st":32,"bm":0},{"ddd":0,"ind":6,"ty":2,"nm":"QQ909125644","cl":"png","refId":"img_5","sr":1,"ks":{"o":{"a":0,"k":100,"ix":11},"r":{"a":0,"k":0,"ix":10},"p":{"a":0,"k":[100,1340,0],"ix":2},"a":{"a":0,"k":[89.5,153,0],"ix":1},"s":{"a":0,"k":[100,100,100],"ix":6}},"ao":0,"ip":40,"op":48,"st":40,"bm":0},{"ddd":0,"ind":7,"ty":2,"nm":"QQ909125644","cl":"png","refId":"img_6","sr":1,"ks":{"o":{"a":0,"k":100,"ix":11},"r":{"a":0,"k":0,"ix":10},"p":{"a":0,"k":[100,1340,0],"ix":2},"a":{"a":0,"k":[89.5,153,0],"ix":1},"s":{"a":0,"k":[100,100,100],"ix":6}},"ao":0,"ip":48,"op":56,"st":48,"bm":0},{"ddd":0,"ind":8,"ty":2,"nm":"QQ909125644","cl":"png","refId":"img_7","sr":1,"ks":{"o":{"a":0,"k":100,"ix":11},"r":{"a":0,"k":0,"ix":10},"p":{"a":0,"k":[100,1340,0],"ix":2},"a":{"a":0,"k":[89.5,153,0],"ix":1},"s":{"a":0,"k":[100,100,100],"ix":6}},"ao":0,"ip":56,"op":64,"st":56,"bm":0},{"ddd":0,"ind":9,"ty":2,"nm":"QQ909125644","cl":"png","refId":"img_8","sr":1,"ks":{"o":{"a":0,"k":100,"ix":11},"r":{"a":0,"k":0,"ix":10},"p":{"a":0,"k":[100,1340,0],"ix":2},"a":{"a":0,"k":[89.5,153,0],"ix":1},"s":{"a":0,"k":[100,100,100],"ix":6}},"ao":0,"ip":64,"op":72,"st":64,"bm":0},{"ddd":0,"ind":10,"ty":2,"nm":"QQ909125644","cl":"png","refId":"img_9","sr":1,"ks":{"o":{"a":0,"k":100,"ix":11},"r":{"a":0,"k":0,"ix":10},"p":{"a":0,"k":[100,1340,0],"ix":2},"a":{"a":0,"k":[89.5,153,0],"ix":1},"s":{"a":0,"k":[100,100,100],"ix":6}},"ao":0,"ip":72,"op":80,"st":72,"bm":0},{"ddd":0,"ind":11,"ty":2,"nm":"QQ909125644","cl":"png","refId":"img_10","sr":1,"ks":{"o":{"a":0,"k":100,"ix":11},"r":{"a":0,"k":0,"ix":10},"p":{"a":0,"k":[100,1340,0],"ix":2},"a":{"a":0,"k":[89.5,153,0],"ix":1},"s":{"a":0,"k":[100,100,100],"ix":6}},"ao":0,"ip":80,"op":88,"st":80,"bm":0},{"ddd":0,"ind":12,"ty":2,"nm":"QQ909125644","cl":"png","refId":"img_11","sr":1,"ks":{"o":{"a":0,"k":100,"ix":11},"r":{"a":0,"k":0,"ix":10},"p":{"a":0,"k":[100,1340,0],"ix":2},"a":{"a":0,"k":[89.5,153,0],"ix":1},"s":{"a":0,"k":[100,100,100],"ix":6}},"ao":0,"ip":88,"op":96,"st":88,"bm":0}],"markers":[]}