{"v":"5.6.10","fr":60,"ip":0,"op":1380,"w":1440,"h":2560,"nm":"合成 1","ddd":0,"assets":[{"id":"comp_0","layers":[{"ddd":0,"ind":1,"ty":0,"nm":"预合成 2","refId":"comp_1","sr":1,"ks":{"o":{"a":0,"k":100,"ix":11},"r":{"a":1,"k":[{"i":{"x":[0.833],"y":[0.833]},"o":{"x":[0.167],"y":[0.167]},"t":0,"s":[0]},{"t":1379,"s":[-111]}],"ix":10},"p":{"a":0,"k":[4999.5,4999.5,0],"ix":2},"a":{"a":0,"k":[4999.5,4999.5,0],"ix":1},"s":{"a":0,"k":[100,100,100],"ix":6}},"ao":0,"w":9999,"h":9999,"ip":0,"op":1380,"st":0,"bm":0},{"ddd":0,"ind":2,"ty":0,"nm":"预合成 3","refId":"comp_1","sr":1,"ks":{"o":{"a":0,"k":100,"ix":11},"r":{"a":0,"k":0,"ix":10,"x":"var $bm_rt;\n$bm_rt = thisComp.layer('\\u9884\\u5408\\u6210 2').transform.rotation;"},"p":{"a":0,"k":[4999.5,4999.5,0],"ix":2},"a":{"a":0,"k":[4999.5,4999.5,0],"ix":1},"s":{"a":0,"k":[100,100,100],"ix":6}},"ao":0,"w":9999,"h":9999,"ip":0,"op":1380,"st":0,"bm":0},{"ddd":0,"ind":3,"ty":0,"nm":"预合成 4","refId":"comp_1","sr":1,"ks":{"o":{"a":0,"k":100,"ix":11},"r":{"a":0,"k":0,"ix":10,"x":"var $bm_rt;\n$bm_rt = thisComp.layer('\\u9884\\u5408\\u6210 3').transform.rotation;"},"p":{"a":0,"k":[4999.5,4999.5,0],"ix":2},"a":{"a":0,"k":[4999.5,4999.5,0],"ix":1},"s":{"a":0,"k":[100,100,100],"ix":6}},"ao":0,"w":9999,"h":9999,"ip":0,"op":1380,"st":0,"bm":0},{"ddd":0,"ind":4,"ty":0,"nm":"预合成 5","refId":"comp_1","sr":1,"ks":{"o":{"a":0,"k":100,"ix":11},"r":{"a":0,"k":0,"ix":10,"x":"var $bm_rt;\n$bm_rt = thisComp.layer('\\u9884\\u5408\\u6210 4').transform.rotation;"},"p":{"a":0,"k":[4999.5,4999.5,0],"ix":2},"a":{"a":0,"k":[4999.5,4999.5,0],"ix":1},"s":{"a":0,"k":[100,100,100],"ix":6}},"ao":0,"w":9999,"h":9999,"ip":0,"op":1380,"st":0,"bm":0},{"ddd":0,"ind":5,"ty":0,"nm":"预合成 6","refId":"comp_1","sr":1,"ks":{"o":{"a":0,"k":100,"ix":11},"r":{"a":0,"k":0,"ix":10,"x":"var $bm_rt;\n$bm_rt = thisComp.layer('\\u9884\\u5408\\u6210 5').transform.rotation;"},"p":{"a":0,"k":[4999.5,4999.5,0],"ix":2},"a":{"a":0,"k":[4999.5,4999.5,0],"ix":1},"s":{"a":0,"k":[100,100,100],"ix":6}},"ao":0,"w":9999,"h":9999,"ip":0,"op":1380,"st":0,"bm":0},{"ddd":0,"ind":6,"ty":0,"nm":"预合成 7","refId":"comp_1","sr":1,"ks":{"o":{"a":0,"k":100,"ix":11},"r":{"a":0,"k":0,"ix":10,"x":"var $bm_rt;\n$bm_rt = thisComp.layer('\\u9884\\u5408\\u6210 6').transform.rotation;"},"p":{"a":0,"k":[4999.5,4999.5,0],"ix":2},"a":{"a":0,"k":[4999.5,4999.5,0],"ix":1},"s":{"a":0,"k":[100,100,100],"ix":6}},"ao":0,"w":9999,"h":9999,"ip":0,"op":1380,"st":0,"bm":0},{"ddd":0,"ind":7,"ty":0,"nm":"预合成 8","refId":"comp_1","sr":1,"ks":{"o":{"a":0,"k":100,"ix":11},"r":{"a":0,"k":0,"ix":10,"x":"var $bm_rt;\n$bm_rt = thisComp.layer('\\u9884\\u5408\\u6210 7').transform.rotation;"},"p":{"a":0,"k":[4999.5,4999.5,0],"ix":2},"a":{"a":0,"k":[4999.5,4999.5,0],"ix":1},"s":{"a":0,"k":[100,100,100],"ix":6}},"ao":0,"w":9999,"h":9999,"ip":0,"op":1380,"st":0,"bm":0},{"ddd":0,"ind":8,"ty":0,"nm":"预合成 9","refId":"comp_1","sr":1,"ks":{"o":{"a":0,"k":100,"ix":11},"r":{"a":0,"k":0,"ix":10,"x":"var $bm_rt;\n$bm_rt = thisComp.layer('\\u9884\\u5408\\u6210 8').transform.rotation;"},"p":{"a":0,"k":[4999.5,4999.5,0],"ix":2},"a":{"a":0,"k":[4999.5,4999.5,0],"ix":1},"s":{"a":0,"k":[100,100,100],"ix":6}},"ao":0,"w":9999,"h":9999,"ip":0,"op":1380,"st":0,"bm":0},{"ddd":0,"ind":9,"ty":0,"nm":"预合成 1","refId":"comp_1","sr":1,"ks":{"o":{"a":0,"k":100,"ix":11},"r":{"a":0,"k":0,"ix":10,"x":"var $bm_rt;\n$bm_rt = thisComp.layer('\\u9884\\u5408\\u6210 9').transform.rotation;"},"p":{"a":0,"k":[4999.5,4999.5,0],"ix":2},"a":{"a":0,"k":[4999.5,4999.5,0],"ix":1},"s":{"a":0,"k":[100,100,100],"ix":6}},"ao":0,"w":9999,"h":9999,"ip":0,"op":1380,"st":0,"bm":0}]},{"id":"comp_1","layers":[{"ddd":0,"ind":1,"ty":4,"nm":"形状图层 10","sr":1,"ks":{"o":{"a":0,"k":100,"ix":11},"r":{"a":1,"k":[{"i":{"x":[0.833],"y":[0.833]},"o":{"x":[0.167],"y":[0.167]},"t":0,"s":[0]},{"t":1379,"s":[137]}],"ix":10},"p":{"a":0,"k":[4999.5,4999.5,0],"ix":2},"a":{"a":0,"k":[0,0,0],"ix":1},"s":{"a":0,"k":[100,100,100],"ix":6}},"ao":0,"hasMask":true,"masksProperties":[{"inv":false,"mode":"a","pt":{"a":0,"k":{"i":[[0,0],[0,0],[0,0],[0,0]],"o":[[0,0],[0,0],[0,0],[0,0]],"v":[[1608.5,-2345.431],[1608.5,2487.64],[2657.516,2391.64],[2657.516,-2441.431]],"c":true},"ix":1},"o":{"a":0,"k":100,"ix":3},"x":{"a":0,"k":0,"ix":4},"nm":"蒙版 1"},{"inv":false,"mode":"a","pt":{"a":0,"k":{"i":[[0,0],[0,0],[0,0],[0,0]],"o":[[0,0],[0,0],[0,0],[0,0]],"v":[[536.5,-2393.431],[536.5,2439.64],[1585.516,2343.64],[1585.516,-2489.431]],"c":true},"ix":1},"o":{"a":0,"k":100,"ix":3},"x":{"a":0,"k":0,"ix":4},"nm":"蒙版 2"},{"inv":false,"mode":"a","pt":{"a":0,"k":{"i":[[0,0],[0,0],[0,0],[0,0]],"o":[[0,0],[0,0],[0,0],[0,0]],"v":[[-487.5,-2473.431],[-487.5,2359.64],[561.516,2263.64],[561.516,-2569.431]],"c":true},"ix":1},"o":{"a":0,"k":100,"ix":3},"x":{"a":0,"k":0,"ix":4},"nm":"蒙版 3"},{"inv":false,"mode":"a","pt":{"a":0,"k":{"i":[[0,0],[0,0],[0,0],[0,0]],"o":[[0,0],[0,0],[0,0],[0,0]],"v":[[-1559.5,-2521.431],[-1559.5,2311.64],[-510.484,2215.64],[-510.484,-2617.431]],"c":true},"ix":1},"o":{"a":0,"k":100,"ix":3},"x":{"a":0,"k":0,"ix":4},"nm":"蒙版 4"},{"inv":false,"mode":"a","pt":{"a":0,"k":{"i":[[0,0],[0,0],[0,0],[0,0]],"o":[[0,0],[0,0],[0,0],[0,0]],"v":[[-2567.5,-2457.431],[-2567.5,2375.64],[-1518.484,2279.64],[-1518.484,-2553.431]],"c":true},"ix":1},"o":{"a":0,"k":100,"ix":3},"x":{"a":0,"k":0,"ix":4},"nm":"蒙版 5"},{"inv":false,"mode":"a","pt":{"a":0,"k":{"i":[[0,0],[0,0],[0,0],[0,0]],"o":[[0,0],[0,0],[0,0],[0,0]],"v":[[-3639.5,-2505.431],[-3639.5,2327.64],[-2590.484,2231.64],[-2590.484,-2601.431]],"c":true},"ix":1},"o":{"a":0,"k":100,"ix":3},"x":{"a":0,"k":0,"ix":4},"nm":"蒙版 6"},{"inv":false,"mode":"a","pt":{"a":0,"k":{"i":[[0,0],[0,0],[0,0],[0,0]],"o":[[0,0],[0,0],[0,0],[0,0]],"v":[[-4663.5,-2585.431],[-4663.5,2247.64],[-3614.484,2151.64],[-3614.484,-2681.431]],"c":true},"ix":1},"o":{"a":0,"k":100,"ix":3},"x":{"a":0,"k":0,"ix":4},"nm":"蒙版 7"},{"inv":false,"mode":"a","pt":{"a":0,"k":{"i":[[0,0],[0,0],[0,0],[0,0]],"o":[[0,0],[0,0],[0,0],[0,0]],"v":[[-5735.5,-2633.431],[-5735.5,2199.64],[-4686.484,2103.64],[-4686.484,-2729.431]],"c":true},"ix":1},"o":{"a":0,"k":100,"ix":3},"x":{"a":0,"k":0,"ix":4},"nm":"蒙版 8"},{"inv":false,"mode":"a","pt":{"a":0,"k":{"i":[[0,0],[0,0],[0,0],[0,0]],"o":[[0,0],[0,0],[0,0],[0,0]],"v":[[2152.5,-2393.431],[2152.5,2439.64],[3201.516,2343.64],[3201.516,-2489.431]],"c":true},"ix":1},"o":{"a":0,"k":100,"ix":3},"x":{"a":0,"k":0,"ix":4},"nm":"蒙版 9"},{"inv":false,"mode":"a","pt":{"a":0,"k":{"i":[[0,0],[0,0],[0,0],[0,0]],"o":[[0,0],[0,0],[0,0],[0,0]],"v":[[1080.5,-2441.431],[1080.5,2391.64],[2129.516,2295.64],[2129.516,-2537.431]],"c":true},"ix":1},"o":{"a":0,"k":100,"ix":3},"x":{"a":0,"k":0,"ix":4},"nm":"蒙版 10"},{"inv":false,"mode":"a","pt":{"a":0,"k":{"i":[[0,0],[0,0],[0,0],[0,0]],"o":[[0,0],[0,0],[0,0],[0,0]],"v":[[56.5,-2521.431],[56.5,2311.64],[1105.516,2215.64],[1105.516,-2617.431]],"c":true},"ix":1},"o":{"a":0,"k":100,"ix":3},"x":{"a":0,"k":0,"ix":4},"nm":"蒙版 11"},{"inv":false,"mode":"a","pt":{"a":0,"k":{"i":[[0,0],[0,0],[0,0],[0,0]],"o":[[0,0],[0,0],[0,0],[0,0]],"v":[[-1015.5,-2569.431],[-1015.5,2263.64],[33.516,2167.64],[33.516,-2665.431]],"c":true},"ix":1},"o":{"a":0,"k":100,"ix":3},"x":{"a":0,"k":0,"ix":4},"nm":"蒙版 12"},{"inv":false,"mode":"a","pt":{"a":0,"k":{"i":[[0,0],[0,0],[0,0],[0,0]],"o":[[0,0],[0,0],[0,0],[0,0]],"v":[[-2023.5,-2505.431],[-2023.5,2327.64],[-974.484,2231.64],[-974.484,-2601.431]],"c":true},"ix":1},"o":{"a":0,"k":100,"ix":3},"x":{"a":0,"k":0,"ix":4},"nm":"蒙版 13"},{"inv":false,"mode":"a","pt":{"a":0,"k":{"i":[[0,0],[0,0],[0,0],[0,0]],"o":[[0,0],[0,0],[0,0],[0,0]],"v":[[-3095.5,-2553.431],[-3095.5,2279.64],[-2046.484,2183.64],[-2046.484,-2649.431]],"c":true},"ix":1},"o":{"a":0,"k":100,"ix":3},"x":{"a":0,"k":0,"ix":4},"nm":"蒙版 14"},{"inv":false,"mode":"a","pt":{"a":0,"k":{"i":[[0,0],[0,0],[0,0],[0,0]],"o":[[0,0],[0,0],[0,0],[0,0]],"v":[[-4119.5,-2633.431],[-4119.5,2199.64],[-3070.484,2103.64],[-3070.484,-2729.431]],"c":true},"ix":1},"o":{"a":0,"k":100,"ix":3},"x":{"a":0,"k":0,"ix":4},"nm":"蒙版 15"},{"inv":false,"mode":"a","pt":{"a":0,"k":{"i":[[0,0],[0,0],[0,0],[0,0]],"o":[[0,0],[0,0],[0,0],[0,0]],"v":[[-5191.5,-2681.431],[-5191.5,2151.64],[-4142.484,2055.64],[-4142.484,-2777.431]],"c":true},"ix":1},"o":{"a":0,"k":100,"ix":3},"x":{"a":0,"k":0,"ix":4},"nm":"蒙版 16"}],"shapes":[{"ty":"gr","it":[{"ind":0,"ty":"sh","ix":1,"ks":{"a":0,"k":{"i":[[544,224],[224,-32],[416,-224],[0,0],[384,-192],[-128,-480],[-32,-448],[0,0],[0,0],[-768,2144],[-128,480],[-320,96],[-320,96],[64,-96],[-448,-352],[-384,0],[-224,672],[-32,96]],"o":[[-544,-224],[-224,32],[-416,224],[0,0],[-384,192],[128,480],[32,448],[0,0],[0,0],[768,-2144],[128,-480],[320,-96],[320,-96],[-64,96],[448,352],[384,0],[224,-672],[32,-96]],"v":[[-615.5,-2375.5],[-1703.5,-2151.5],[-3335.5,-1383.5],[-4071.5,-487.5],[-3879.5,248.5],[-3751.5,1400.5],[-3591.5,2200.5],[-2119.5,2168.5],[-1543.5,1400.5],[-2055.5,376.5],[-2375.5,-455.5],[-1735.5,-903.5],[-967.5,-1127.5],[-679.5,-391.5],[24.5,632.5],[1976.5,984.5],[2616.5,56.5],[2104.5,-1479.5]],"c":true},"ix":2},"nm":"路径 1","mn":"ADBE Vector Shape - Group","hd":false},{"ty":"st","c":{"a":0,"k":[1,1,1,1],"ix":3},"o":{"a":0,"k":100,"ix":4},"w":{"a":0,"k":2,"ix":5},"lc":1,"lj":1,"ml":4,"bm":0,"nm":"描边 1","mn":"ADBE Vector Graphic - Stroke","hd":false},{"ty":"fl","c":{"a":0,"k":[0,0,0,1],"ix":4},"o":{"a":0,"k":100,"ix":5},"r":1,"bm":0,"nm":"填充 1","mn":"ADBE Vector Graphic - Fill","hd":false},{"ty":"tr","p":{"a":0,"k":[0,0],"ix":2},"a":{"a":0,"k":[0,0],"ix":1},"s":{"a":0,"k":[100,100],"ix":3},"r":{"a":0,"k":0,"ix":6},"o":{"a":0,"k":100,"ix":7},"sk":{"a":0,"k":0,"ix":4},"sa":{"a":0,"k":0,"ix":5},"nm":"变换"}],"nm":"形状 1","np":3,"cix":2,"bm":0,"ix":1,"mn":"ADBE Vector Group","hd":false}],"ip":0,"op":1380,"st":0,"bm":0},{"ddd":0,"ind":2,"ty":4,"nm":"形状图层 9","parent":1,"sr":1,"ks":{"o":{"a":0,"k":100,"ix":11},"r":{"a":0,"k":0,"ix":10,"x":"var $bm_rt;\n$bm_rt = thisComp.layer('\\u5f62\\u72b6\\u56fe\\u5c42 10').transform.rotation;"},"p":{"a":0,"k":[0,0,0],"ix":2},"a":{"a":0,"k":[0,0,0],"ix":1},"s":{"a":0,"k":[100,100,100],"ix":6}},"ao":0,"hasMask":true,"masksProperties":[{"inv":false,"mode":"a","pt":{"a":0,"k":{"i":[[0,0],[0,0],[0,0],[0,0]],"o":[[0,0],[0,0],[0,0],[0,0]],"v":[[1608.5,-2345.431],[1608.5,2487.64],[2657.516,2391.64],[2657.516,-2441.431]],"c":true},"ix":1},"o":{"a":0,"k":100,"ix":3},"x":{"a":0,"k":0,"ix":4},"nm":"蒙版 1"},{"inv":false,"mode":"a","pt":{"a":0,"k":{"i":[[0,0],[0,0],[0,0],[0,0]],"o":[[0,0],[0,0],[0,0],[0,0]],"v":[[536.5,-2393.431],[536.5,2439.64],[1585.516,2343.64],[1585.516,-2489.431]],"c":true},"ix":1},"o":{"a":0,"k":100,"ix":3},"x":{"a":0,"k":0,"ix":4},"nm":"蒙版 2"},{"inv":false,"mode":"a","pt":{"a":0,"k":{"i":[[0,0],[0,0],[0,0],[0,0]],"o":[[0,0],[0,0],[0,0],[0,0]],"v":[[-487.5,-2473.431],[-487.5,2359.64],[561.516,2263.64],[561.516,-2569.431]],"c":true},"ix":1},"o":{"a":0,"k":100,"ix":3},"x":{"a":0,"k":0,"ix":4},"nm":"蒙版 3"},{"inv":false,"mode":"a","pt":{"a":0,"k":{"i":[[0,0],[0,0],[0,0],[0,0]],"o":[[0,0],[0,0],[0,0],[0,0]],"v":[[-1559.5,-2521.431],[-1559.5,2311.64],[-510.484,2215.64],[-510.484,-2617.431]],"c":true},"ix":1},"o":{"a":0,"k":100,"ix":3},"x":{"a":0,"k":0,"ix":4},"nm":"蒙版 4"},{"inv":false,"mode":"a","pt":{"a":0,"k":{"i":[[0,0],[0,0],[0,0],[0,0]],"o":[[0,0],[0,0],[0,0],[0,0]],"v":[[-2567.5,-2457.431],[-2567.5,2375.64],[-1518.484,2279.64],[-1518.484,-2553.431]],"c":true},"ix":1},"o":{"a":0,"k":100,"ix":3},"x":{"a":0,"k":0,"ix":4},"nm":"蒙版 5"},{"inv":false,"mode":"a","pt":{"a":0,"k":{"i":[[0,0],[0,0],[0,0],[0,0]],"o":[[0,0],[0,0],[0,0],[0,0]],"v":[[-3639.5,-2505.431],[-3639.5,2327.64],[-2590.484,2231.64],[-2590.484,-2601.431]],"c":true},"ix":1},"o":{"a":0,"k":100,"ix":3},"x":{"a":0,"k":0,"ix":4},"nm":"蒙版 6"},{"inv":false,"mode":"a","pt":{"a":0,"k":{"i":[[0,0],[0,0],[0,0],[0,0]],"o":[[0,0],[0,0],[0,0],[0,0]],"v":[[-4663.5,-2585.431],[-4663.5,2247.64],[-3614.484,2151.64],[-3614.484,-2681.431]],"c":true},"ix":1},"o":{"a":0,"k":100,"ix":3},"x":{"a":0,"k":0,"ix":4},"nm":"蒙版 7"},{"inv":false,"mode":"a","pt":{"a":0,"k":{"i":[[0,0],[0,0],[0,0],[0,0]],"o":[[0,0],[0,0],[0,0],[0,0]],"v":[[-5735.5,-2633.431],[-5735.5,2199.64],[-4686.484,2103.64],[-4686.484,-2729.431]],"c":true},"ix":1},"o":{"a":0,"k":100,"ix":3},"x":{"a":0,"k":0,"ix":4},"nm":"蒙版 8"},{"inv":false,"mode":"a","pt":{"a":0,"k":{"i":[[0,0],[0,0],[0,0],[0,0]],"o":[[0,0],[0,0],[0,0],[0,0]],"v":[[2152.5,-2393.431],[2152.5,2439.64],[3201.516,2343.64],[3201.516,-2489.431]],"c":true},"ix":1},"o":{"a":0,"k":100,"ix":3},"x":{"a":0,"k":0,"ix":4},"nm":"蒙版 9"},{"inv":false,"mode":"a","pt":{"a":0,"k":{"i":[[0,0],[0,0],[0,0],[0,0]],"o":[[0,0],[0,0],[0,0],[0,0]],"v":[[1080.5,-2441.431],[1080.5,2391.64],[2129.516,2295.64],[2129.516,-2537.431]],"c":true},"ix":1},"o":{"a":0,"k":100,"ix":3},"x":{"a":0,"k":0,"ix":4},"nm":"蒙版 10"},{"inv":false,"mode":"a","pt":{"a":0,"k":{"i":[[0,0],[0,0],[0,0],[0,0]],"o":[[0,0],[0,0],[0,0],[0,0]],"v":[[56.5,-2521.431],[56.5,2311.64],[1105.516,2215.64],[1105.516,-2617.431]],"c":true},"ix":1},"o":{"a":0,"k":100,"ix":3},"x":{"a":0,"k":0,"ix":4},"nm":"蒙版 11"},{"inv":false,"mode":"a","pt":{"a":0,"k":{"i":[[0,0],[0,0],[0,0],[0,0]],"o":[[0,0],[0,0],[0,0],[0,0]],"v":[[-1015.5,-2569.431],[-1015.5,2263.64],[33.516,2167.64],[33.516,-2665.431]],"c":true},"ix":1},"o":{"a":0,"k":100,"ix":3},"x":{"a":0,"k":0,"ix":4},"nm":"蒙版 12"},{"inv":false,"mode":"a","pt":{"a":0,"k":{"i":[[0,0],[0,0],[0,0],[0,0]],"o":[[0,0],[0,0],[0,0],[0,0]],"v":[[-2023.5,-2505.431],[-2023.5,2327.64],[-974.484,2231.64],[-974.484,-2601.431]],"c":true},"ix":1},"o":{"a":0,"k":100,"ix":3},"x":{"a":0,"k":0,"ix":4},"nm":"蒙版 13"},{"inv":false,"mode":"a","pt":{"a":0,"k":{"i":[[0,0],[0,0],[0,0],[0,0]],"o":[[0,0],[0,0],[0,0],[0,0]],"v":[[-3095.5,-2553.431],[-3095.5,2279.64],[-2046.484,2183.64],[-2046.484,-2649.431]],"c":true},"ix":1},"o":{"a":0,"k":100,"ix":3},"x":{"a":0,"k":0,"ix":4},"nm":"蒙版 14"},{"inv":false,"mode":"a","pt":{"a":0,"k":{"i":[[0,0],[0,0],[0,0],[0,0]],"o":[[0,0],[0,0],[0,0],[0,0]],"v":[[-4119.5,-2633.431],[-4119.5,2199.64],[-3070.484,2103.64],[-3070.484,-2729.431]],"c":true},"ix":1},"o":{"a":0,"k":100,"ix":3},"x":{"a":0,"k":0,"ix":4},"nm":"蒙版 15"},{"inv":false,"mode":"a","pt":{"a":0,"k":{"i":[[0,0],[0,0],[0,0],[0,0]],"o":[[0,0],[0,0],[0,0],[0,0]],"v":[[-5191.5,-2681.431],[-5191.5,2151.64],[-4142.484,2055.64],[-4142.484,-2777.431]],"c":true},"ix":1},"o":{"a":0,"k":100,"ix":3},"x":{"a":0,"k":0,"ix":4},"nm":"蒙版 16"}],"shapes":[{"ty":"gr","it":[{"ind":0,"ty":"sh","ix":1,"ks":{"a":0,"k":{"i":[[544,224],[224,-32],[416,-224],[0,0],[384,-192],[-128,-480],[-32,-448],[0,0],[0,0],[-768,2144],[-128,480],[-320,96],[-320,96],[64,-96],[-448,-352],[-384,0],[-224,672],[-32,96]],"o":[[-544,-224],[-224,32],[-416,224],[0,0],[-384,192],[128,480],[32,448],[0,0],[0,0],[768,-2144],[128,-480],[320,-96],[320,-96],[-64,96],[448,352],[384,0],[224,-672],[32,-96]],"v":[[-615.5,-2375.5],[-1703.5,-2151.5],[-3335.5,-1383.5],[-4071.5,-487.5],[-3879.5,248.5],[-3751.5,1400.5],[-3591.5,2200.5],[-2119.5,2168.5],[-1543.5,1400.5],[-2055.5,376.5],[-2375.5,-455.5],[-1735.5,-903.5],[-967.5,-1127.5],[-679.5,-391.5],[24.5,632.5],[1976.5,984.5],[2616.5,56.5],[2104.5,-1479.5]],"c":true},"ix":2},"nm":"路径 1","mn":"ADBE Vector Shape - Group","hd":false},{"ty":"st","c":{"a":0,"k":[1,1,1,1],"ix":3},"o":{"a":0,"k":100,"ix":4},"w":{"a":0,"k":2,"ix":5},"lc":1,"lj":1,"ml":4,"bm":0,"nm":"描边 1","mn":"ADBE Vector Graphic - Stroke","hd":false},{"ty":"fl","c":{"a":0,"k":[0,0,0,1],"ix":4},"o":{"a":0,"k":100,"ix":5},"r":1,"bm":0,"nm":"填充 1","mn":"ADBE Vector Graphic - Fill","hd":false},{"ty":"tr","p":{"a":0,"k":[0,0],"ix":2},"a":{"a":0,"k":[0,0],"ix":1},"s":{"a":0,"k":[100,100],"ix":3},"r":{"a":0,"k":0,"ix":6},"o":{"a":0,"k":100,"ix":7},"sk":{"a":0,"k":0,"ix":4},"sa":{"a":0,"k":0,"ix":5},"nm":"变换"}],"nm":"形状 1","np":3,"cix":2,"bm":0,"ix":1,"mn":"ADBE Vector Group","hd":false}],"ip":0,"op":1380,"st":0,"bm":0},{"ddd":0,"ind":3,"ty":4,"nm":"形状图层 8","parent":2,"sr":1,"ks":{"o":{"a":0,"k":100,"ix":11},"r":{"a":0,"k":0,"ix":10,"x":"var $bm_rt;\n$bm_rt = thisComp.layer('\\u5f62\\u72b6\\u56fe\\u5c42 9').transform.rotation;"},"p":{"a":0,"k":[0,0,0],"ix":2},"a":{"a":0,"k":[0,0,0],"ix":1},"s":{"a":0,"k":[100,100,100],"ix":6}},"ao":0,"hasMask":true,"masksProperties":[{"inv":false,"mode":"a","pt":{"a":0,"k":{"i":[[0,0],[0,0],[0,0],[0,0]],"o":[[0,0],[0,0],[0,0],[0,0]],"v":[[1608.5,-2345.431],[1608.5,2487.64],[2657.516,2391.64],[2657.516,-2441.431]],"c":true},"ix":1},"o":{"a":0,"k":100,"ix":3},"x":{"a":0,"k":0,"ix":4},"nm":"蒙版 1"},{"inv":false,"mode":"a","pt":{"a":0,"k":{"i":[[0,0],[0,0],[0,0],[0,0]],"o":[[0,0],[0,0],[0,0],[0,0]],"v":[[536.5,-2393.431],[536.5,2439.64],[1585.516,2343.64],[1585.516,-2489.431]],"c":true},"ix":1},"o":{"a":0,"k":100,"ix":3},"x":{"a":0,"k":0,"ix":4},"nm":"蒙版 2"},{"inv":false,"mode":"a","pt":{"a":0,"k":{"i":[[0,0],[0,0],[0,0],[0,0]],"o":[[0,0],[0,0],[0,0],[0,0]],"v":[[-487.5,-2473.431],[-487.5,2359.64],[561.516,2263.64],[561.516,-2569.431]],"c":true},"ix":1},"o":{"a":0,"k":100,"ix":3},"x":{"a":0,"k":0,"ix":4},"nm":"蒙版 3"},{"inv":false,"mode":"a","pt":{"a":0,"k":{"i":[[0,0],[0,0],[0,0],[0,0]],"o":[[0,0],[0,0],[0,0],[0,0]],"v":[[-1559.5,-2521.431],[-1559.5,2311.64],[-510.484,2215.64],[-510.484,-2617.431]],"c":true},"ix":1},"o":{"a":0,"k":100,"ix":3},"x":{"a":0,"k":0,"ix":4},"nm":"蒙版 4"},{"inv":false,"mode":"a","pt":{"a":0,"k":{"i":[[0,0],[0,0],[0,0],[0,0]],"o":[[0,0],[0,0],[0,0],[0,0]],"v":[[-2567.5,-2457.431],[-2567.5,2375.64],[-1518.484,2279.64],[-1518.484,-2553.431]],"c":true},"ix":1},"o":{"a":0,"k":100,"ix":3},"x":{"a":0,"k":0,"ix":4},"nm":"蒙版 5"},{"inv":false,"mode":"a","pt":{"a":0,"k":{"i":[[0,0],[0,0],[0,0],[0,0]],"o":[[0,0],[0,0],[0,0],[0,0]],"v":[[-3639.5,-2505.431],[-3639.5,2327.64],[-2590.484,2231.64],[-2590.484,-2601.431]],"c":true},"ix":1},"o":{"a":0,"k":100,"ix":3},"x":{"a":0,"k":0,"ix":4},"nm":"蒙版 6"},{"inv":false,"mode":"a","pt":{"a":0,"k":{"i":[[0,0],[0,0],[0,0],[0,0]],"o":[[0,0],[0,0],[0,0],[0,0]],"v":[[-4663.5,-2585.431],[-4663.5,2247.64],[-3614.484,2151.64],[-3614.484,-2681.431]],"c":true},"ix":1},"o":{"a":0,"k":100,"ix":3},"x":{"a":0,"k":0,"ix":4},"nm":"蒙版 7"},{"inv":false,"mode":"a","pt":{"a":0,"k":{"i":[[0,0],[0,0],[0,0],[0,0]],"o":[[0,0],[0,0],[0,0],[0,0]],"v":[[-5735.5,-2633.431],[-5735.5,2199.64],[-4686.484,2103.64],[-4686.484,-2729.431]],"c":true},"ix":1},"o":{"a":0,"k":100,"ix":3},"x":{"a":0,"k":0,"ix":4},"nm":"蒙版 8"},{"inv":false,"mode":"a","pt":{"a":0,"k":{"i":[[0,0],[0,0],[0,0],[0,0]],"o":[[0,0],[0,0],[0,0],[0,0]],"v":[[2152.5,-2393.431],[2152.5,2439.64],[3201.516,2343.64],[3201.516,-2489.431]],"c":true},"ix":1},"o":{"a":0,"k":100,"ix":3},"x":{"a":0,"k":0,"ix":4},"nm":"蒙版 9"},{"inv":false,"mode":"a","pt":{"a":0,"k":{"i":[[0,0],[0,0],[0,0],[0,0]],"o":[[0,0],[0,0],[0,0],[0,0]],"v":[[1080.5,-2441.431],[1080.5,2391.64],[2129.516,2295.64],[2129.516,-2537.431]],"c":true},"ix":1},"o":{"a":0,"k":100,"ix":3},"x":{"a":0,"k":0,"ix":4},"nm":"蒙版 10"},{"inv":false,"mode":"a","pt":{"a":0,"k":{"i":[[0,0],[0,0],[0,0],[0,0]],"o":[[0,0],[0,0],[0,0],[0,0]],"v":[[56.5,-2521.431],[56.5,2311.64],[1105.516,2215.64],[1105.516,-2617.431]],"c":true},"ix":1},"o":{"a":0,"k":100,"ix":3},"x":{"a":0,"k":0,"ix":4},"nm":"蒙版 11"},{"inv":false,"mode":"a","pt":{"a":0,"k":{"i":[[0,0],[0,0],[0,0],[0,0]],"o":[[0,0],[0,0],[0,0],[0,0]],"v":[[-1015.5,-2569.431],[-1015.5,2263.64],[33.516,2167.64],[33.516,-2665.431]],"c":true},"ix":1},"o":{"a":0,"k":100,"ix":3},"x":{"a":0,"k":0,"ix":4},"nm":"蒙版 12"},{"inv":false,"mode":"a","pt":{"a":0,"k":{"i":[[0,0],[0,0],[0,0],[0,0]],"o":[[0,0],[0,0],[0,0],[0,0]],"v":[[-2023.5,-2505.431],[-2023.5,2327.64],[-974.484,2231.64],[-974.484,-2601.431]],"c":true},"ix":1},"o":{"a":0,"k":100,"ix":3},"x":{"a":0,"k":0,"ix":4},"nm":"蒙版 13"},{"inv":false,"mode":"a","pt":{"a":0,"k":{"i":[[0,0],[0,0],[0,0],[0,0]],"o":[[0,0],[0,0],[0,0],[0,0]],"v":[[-3095.5,-2553.431],[-3095.5,2279.64],[-2046.484,2183.64],[-2046.484,-2649.431]],"c":true},"ix":1},"o":{"a":0,"k":100,"ix":3},"x":{"a":0,"k":0,"ix":4},"nm":"蒙版 14"},{"inv":false,"mode":"a","pt":{"a":0,"k":{"i":[[0,0],[0,0],[0,0],[0,0]],"o":[[0,0],[0,0],[0,0],[0,0]],"v":[[-4119.5,-2633.431],[-4119.5,2199.64],[-3070.484,2103.64],[-3070.484,-2729.431]],"c":true},"ix":1},"o":{"a":0,"k":100,"ix":3},"x":{"a":0,"k":0,"ix":4},"nm":"蒙版 15"},{"inv":false,"mode":"a","pt":{"a":0,"k":{"i":[[0,0],[0,0],[0,0],[0,0]],"o":[[0,0],[0,0],[0,0],[0,0]],"v":[[-5191.5,-2681.431],[-5191.5,2151.64],[-4142.484,2055.64],[-4142.484,-2777.431]],"c":true},"ix":1},"o":{"a":0,"k":100,"ix":3},"x":{"a":0,"k":0,"ix":4},"nm":"蒙版 16"}],"shapes":[{"ty":"gr","it":[{"ind":0,"ty":"sh","ix":1,"ks":{"a":0,"k":{"i":[[544,224],[224,-32],[416,-224],[0,0],[384,-192],[-128,-480],[-32,-448],[0,0],[0,0],[-768,2144],[-128,480],[-320,96],[-320,96],[64,-96],[-448,-352],[-384,0],[-224,672],[-32,96]],"o":[[-544,-224],[-224,32],[-416,224],[0,0],[-384,192],[128,480],[32,448],[0,0],[0,0],[768,-2144],[128,-480],[320,-96],[320,-96],[-64,96],[448,352],[384,0],[224,-672],[32,-96]],"v":[[-615.5,-2375.5],[-1703.5,-2151.5],[-3335.5,-1383.5],[-4071.5,-487.5],[-3879.5,248.5],[-3751.5,1400.5],[-3591.5,2200.5],[-2119.5,2168.5],[-1543.5,1400.5],[-2055.5,376.5],[-2375.5,-455.5],[-1735.5,-903.5],[-967.5,-1127.5],[-679.5,-391.5],[24.5,632.5],[1976.5,984.5],[2616.5,56.5],[2104.5,-1479.5]],"c":true},"ix":2},"nm":"路径 1","mn":"ADBE Vector Shape - Group","hd":false},{"ty":"st","c":{"a":0,"k":[1,1,1,1],"ix":3},"o":{"a":0,"k":100,"ix":4},"w":{"a":0,"k":2,"ix":5},"lc":1,"lj":1,"ml":4,"bm":0,"nm":"描边 1","mn":"ADBE Vector Graphic - Stroke","hd":false},{"ty":"fl","c":{"a":0,"k":[0,0,0,1],"ix":4},"o":{"a":0,"k":100,"ix":5},"r":1,"bm":0,"nm":"填充 1","mn":"ADBE Vector Graphic - Fill","hd":false},{"ty":"tr","p":{"a":0,"k":[0,0],"ix":2},"a":{"a":0,"k":[0,0],"ix":1},"s":{"a":0,"k":[100,100],"ix":3},"r":{"a":0,"k":0,"ix":6},"o":{"a":0,"k":100,"ix":7},"sk":{"a":0,"k":0,"ix":4},"sa":{"a":0,"k":0,"ix":5},"nm":"变换"}],"nm":"形状 1","np":3,"cix":2,"bm":0,"ix":1,"mn":"ADBE Vector Group","hd":false}],"ip":0,"op":1380,"st":0,"bm":0},{"ddd":0,"ind":4,"ty":4,"nm":"形状图层 7","parent":3,"sr":1,"ks":{"o":{"a":0,"k":100,"ix":11},"r":{"a":0,"k":0,"ix":10,"x":"var $bm_rt;\n$bm_rt = thisComp.layer('\\u5f62\\u72b6\\u56fe\\u5c42 8').transform.rotation;"},"p":{"a":0,"k":[0,0,0],"ix":2},"a":{"a":0,"k":[0,0,0],"ix":1},"s":{"a":0,"k":[100,100,100],"ix":6}},"ao":0,"hasMask":true,"masksProperties":[{"inv":false,"mode":"a","pt":{"a":0,"k":{"i":[[0,0],[0,0],[0,0],[0,0]],"o":[[0,0],[0,0],[0,0],[0,0]],"v":[[1608.5,-2345.431],[1608.5,2487.64],[2657.516,2391.64],[2657.516,-2441.431]],"c":true},"ix":1},"o":{"a":0,"k":100,"ix":3},"x":{"a":0,"k":0,"ix":4},"nm":"蒙版 1"},{"inv":false,"mode":"a","pt":{"a":0,"k":{"i":[[0,0],[0,0],[0,0],[0,0]],"o":[[0,0],[0,0],[0,0],[0,0]],"v":[[536.5,-2393.431],[536.5,2439.64],[1585.516,2343.64],[1585.516,-2489.431]],"c":true},"ix":1},"o":{"a":0,"k":100,"ix":3},"x":{"a":0,"k":0,"ix":4},"nm":"蒙版 2"},{"inv":false,"mode":"a","pt":{"a":0,"k":{"i":[[0,0],[0,0],[0,0],[0,0]],"o":[[0,0],[0,0],[0,0],[0,0]],"v":[[-487.5,-2473.431],[-487.5,2359.64],[561.516,2263.64],[561.516,-2569.431]],"c":true},"ix":1},"o":{"a":0,"k":100,"ix":3},"x":{"a":0,"k":0,"ix":4},"nm":"蒙版 3"},{"inv":false,"mode":"a","pt":{"a":0,"k":{"i":[[0,0],[0,0],[0,0],[0,0]],"o":[[0,0],[0,0],[0,0],[0,0]],"v":[[-1559.5,-2521.431],[-1559.5,2311.64],[-510.484,2215.64],[-510.484,-2617.431]],"c":true},"ix":1},"o":{"a":0,"k":100,"ix":3},"x":{"a":0,"k":0,"ix":4},"nm":"蒙版 4"},{"inv":false,"mode":"a","pt":{"a":0,"k":{"i":[[0,0],[0,0],[0,0],[0,0]],"o":[[0,0],[0,0],[0,0],[0,0]],"v":[[-2567.5,-2457.431],[-2567.5,2375.64],[-1518.484,2279.64],[-1518.484,-2553.431]],"c":true},"ix":1},"o":{"a":0,"k":100,"ix":3},"x":{"a":0,"k":0,"ix":4},"nm":"蒙版 5"},{"inv":false,"mode":"a","pt":{"a":0,"k":{"i":[[0,0],[0,0],[0,0],[0,0]],"o":[[0,0],[0,0],[0,0],[0,0]],"v":[[-3639.5,-2505.431],[-3639.5,2327.64],[-2590.484,2231.64],[-2590.484,-2601.431]],"c":true},"ix":1},"o":{"a":0,"k":100,"ix":3},"x":{"a":0,"k":0,"ix":4},"nm":"蒙版 6"},{"inv":false,"mode":"a","pt":{"a":0,"k":{"i":[[0,0],[0,0],[0,0],[0,0]],"o":[[0,0],[0,0],[0,0],[0,0]],"v":[[-4663.5,-2585.431],[-4663.5,2247.64],[-3614.484,2151.64],[-3614.484,-2681.431]],"c":true},"ix":1},"o":{"a":0,"k":100,"ix":3},"x":{"a":0,"k":0,"ix":4},"nm":"蒙版 7"},{"inv":false,"mode":"a","pt":{"a":0,"k":{"i":[[0,0],[0,0],[0,0],[0,0]],"o":[[0,0],[0,0],[0,0],[0,0]],"v":[[-5735.5,-2633.431],[-5735.5,2199.64],[-4686.484,2103.64],[-4686.484,-2729.431]],"c":true},"ix":1},"o":{"a":0,"k":100,"ix":3},"x":{"a":0,"k":0,"ix":4},"nm":"蒙版 8"},{"inv":false,"mode":"a","pt":{"a":0,"k":{"i":[[0,0],[0,0],[0,0],[0,0]],"o":[[0,0],[0,0],[0,0],[0,0]],"v":[[2152.5,-2393.431],[2152.5,2439.64],[3201.516,2343.64],[3201.516,-2489.431]],"c":true},"ix":1},"o":{"a":0,"k":100,"ix":3},"x":{"a":0,"k":0,"ix":4},"nm":"蒙版 9"},{"inv":false,"mode":"a","pt":{"a":0,"k":{"i":[[0,0],[0,0],[0,0],[0,0]],"o":[[0,0],[0,0],[0,0],[0,0]],"v":[[1080.5,-2441.431],[1080.5,2391.64],[2129.516,2295.64],[2129.516,-2537.431]],"c":true},"ix":1},"o":{"a":0,"k":100,"ix":3},"x":{"a":0,"k":0,"ix":4},"nm":"蒙版 10"},{"inv":false,"mode":"a","pt":{"a":0,"k":{"i":[[0,0],[0,0],[0,0],[0,0]],"o":[[0,0],[0,0],[0,0],[0,0]],"v":[[56.5,-2521.431],[56.5,2311.64],[1105.516,2215.64],[1105.516,-2617.431]],"c":true},"ix":1},"o":{"a":0,"k":100,"ix":3},"x":{"a":0,"k":0,"ix":4},"nm":"蒙版 11"},{"inv":false,"mode":"a","pt":{"a":0,"k":{"i":[[0,0],[0,0],[0,0],[0,0]],"o":[[0,0],[0,0],[0,0],[0,0]],"v":[[-1015.5,-2569.431],[-1015.5,2263.64],[33.516,2167.64],[33.516,-2665.431]],"c":true},"ix":1},"o":{"a":0,"k":100,"ix":3},"x":{"a":0,"k":0,"ix":4},"nm":"蒙版 12"},{"inv":false,"mode":"a","pt":{"a":0,"k":{"i":[[0,0],[0,0],[0,0],[0,0]],"o":[[0,0],[0,0],[0,0],[0,0]],"v":[[-2023.5,-2505.431],[-2023.5,2327.64],[-974.484,2231.64],[-974.484,-2601.431]],"c":true},"ix":1},"o":{"a":0,"k":100,"ix":3},"x":{"a":0,"k":0,"ix":4},"nm":"蒙版 13"},{"inv":false,"mode":"a","pt":{"a":0,"k":{"i":[[0,0],[0,0],[0,0],[0,0]],"o":[[0,0],[0,0],[0,0],[0,0]],"v":[[-3095.5,-2553.431],[-3095.5,2279.64],[-2046.484,2183.64],[-2046.484,-2649.431]],"c":true},"ix":1},"o":{"a":0,"k":100,"ix":3},"x":{"a":0,"k":0,"ix":4},"nm":"蒙版 14"},{"inv":false,"mode":"a","pt":{"a":0,"k":{"i":[[0,0],[0,0],[0,0],[0,0]],"o":[[0,0],[0,0],[0,0],[0,0]],"v":[[-4119.5,-2633.431],[-4119.5,2199.64],[-3070.484,2103.64],[-3070.484,-2729.431]],"c":true},"ix":1},"o":{"a":0,"k":100,"ix":3},"x":{"a":0,"k":0,"ix":4},"nm":"蒙版 15"},{"inv":false,"mode":"a","pt":{"a":0,"k":{"i":[[0,0],[0,0],[0,0],[0,0]],"o":[[0,0],[0,0],[0,0],[0,0]],"v":[[-5191.5,-2681.431],[-5191.5,2151.64],[-4142.484,2055.64],[-4142.484,-2777.431]],"c":true},"ix":1},"o":{"a":0,"k":100,"ix":3},"x":{"a":0,"k":0,"ix":4},"nm":"蒙版 16"}],"shapes":[{"ty":"gr","it":[{"ind":0,"ty":"sh","ix":1,"ks":{"a":0,"k":{"i":[[544,224],[224,-32],[416,-224],[0,0],[384,-192],[-128,-480],[-32,-448],[0,0],[0,0],[-768,2144],[-128,480],[-320,96],[-320,96],[64,-96],[-448,-352],[-384,0],[-224,672],[-32,96]],"o":[[-544,-224],[-224,32],[-416,224],[0,0],[-384,192],[128,480],[32,448],[0,0],[0,0],[768,-2144],[128,-480],[320,-96],[320,-96],[-64,96],[448,352],[384,0],[224,-672],[32,-96]],"v":[[-615.5,-2375.5],[-1703.5,-2151.5],[-3335.5,-1383.5],[-4071.5,-487.5],[-3879.5,248.5],[-3751.5,1400.5],[-3591.5,2200.5],[-2119.5,2168.5],[-1543.5,1400.5],[-2055.5,376.5],[-2375.5,-455.5],[-1735.5,-903.5],[-967.5,-1127.5],[-679.5,-391.5],[24.5,632.5],[1976.5,984.5],[2616.5,56.5],[2104.5,-1479.5]],"c":true},"ix":2},"nm":"路径 1","mn":"ADBE Vector Shape - Group","hd":false},{"ty":"st","c":{"a":0,"k":[1,1,1,1],"ix":3},"o":{"a":0,"k":100,"ix":4},"w":{"a":0,"k":2,"ix":5},"lc":1,"lj":1,"ml":4,"bm":0,"nm":"描边 1","mn":"ADBE Vector Graphic - Stroke","hd":false},{"ty":"fl","c":{"a":0,"k":[0,0,0,1],"ix":4},"o":{"a":0,"k":100,"ix":5},"r":1,"bm":0,"nm":"填充 1","mn":"ADBE Vector Graphic - Fill","hd":false},{"ty":"tr","p":{"a":0,"k":[0,0],"ix":2},"a":{"a":0,"k":[0,0],"ix":1},"s":{"a":0,"k":[100,100],"ix":3},"r":{"a":0,"k":0,"ix":6},"o":{"a":0,"k":100,"ix":7},"sk":{"a":0,"k":0,"ix":4},"sa":{"a":0,"k":0,"ix":5},"nm":"变换"}],"nm":"形状 1","np":3,"cix":2,"bm":0,"ix":1,"mn":"ADBE Vector Group","hd":false}],"ip":0,"op":1380,"st":0,"bm":0},{"ddd":0,"ind":5,"ty":4,"nm":"形状图层 6","parent":4,"sr":1,"ks":{"o":{"a":0,"k":100,"ix":11},"r":{"a":0,"k":0,"ix":10,"x":"var $bm_rt;\n$bm_rt = thisComp.layer('\\u5f62\\u72b6\\u56fe\\u5c42 7').transform.rotation;"},"p":{"a":0,"k":[0,0,0],"ix":2},"a":{"a":0,"k":[0,0,0],"ix":1},"s":{"a":0,"k":[100,100,100],"ix":6}},"ao":0,"hasMask":true,"masksProperties":[{"inv":false,"mode":"a","pt":{"a":0,"k":{"i":[[0,0],[0,0],[0,0],[0,0]],"o":[[0,0],[0,0],[0,0],[0,0]],"v":[[1608.5,-2345.431],[1608.5,2487.64],[2657.516,2391.64],[2657.516,-2441.431]],"c":true},"ix":1},"o":{"a":0,"k":100,"ix":3},"x":{"a":0,"k":0,"ix":4},"nm":"蒙版 1"},{"inv":false,"mode":"a","pt":{"a":0,"k":{"i":[[0,0],[0,0],[0,0],[0,0]],"o":[[0,0],[0,0],[0,0],[0,0]],"v":[[536.5,-2393.431],[536.5,2439.64],[1585.516,2343.64],[1585.516,-2489.431]],"c":true},"ix":1},"o":{"a":0,"k":100,"ix":3},"x":{"a":0,"k":0,"ix":4},"nm":"蒙版 2"},{"inv":false,"mode":"a","pt":{"a":0,"k":{"i":[[0,0],[0,0],[0,0],[0,0]],"o":[[0,0],[0,0],[0,0],[0,0]],"v":[[-487.5,-2473.431],[-487.5,2359.64],[561.516,2263.64],[561.516,-2569.431]],"c":true},"ix":1},"o":{"a":0,"k":100,"ix":3},"x":{"a":0,"k":0,"ix":4},"nm":"蒙版 3"},{"inv":false,"mode":"a","pt":{"a":0,"k":{"i":[[0,0],[0,0],[0,0],[0,0]],"o":[[0,0],[0,0],[0,0],[0,0]],"v":[[-1559.5,-2521.431],[-1559.5,2311.64],[-510.484,2215.64],[-510.484,-2617.431]],"c":true},"ix":1},"o":{"a":0,"k":100,"ix":3},"x":{"a":0,"k":0,"ix":4},"nm":"蒙版 4"},{"inv":false,"mode":"a","pt":{"a":0,"k":{"i":[[0,0],[0,0],[0,0],[0,0]],"o":[[0,0],[0,0],[0,0],[0,0]],"v":[[-2567.5,-2457.431],[-2567.5,2375.64],[-1518.484,2279.64],[-1518.484,-2553.431]],"c":true},"ix":1},"o":{"a":0,"k":100,"ix":3},"x":{"a":0,"k":0,"ix":4},"nm":"蒙版 5"},{"inv":false,"mode":"a","pt":{"a":0,"k":{"i":[[0,0],[0,0],[0,0],[0,0]],"o":[[0,0],[0,0],[0,0],[0,0]],"v":[[-3639.5,-2505.431],[-3639.5,2327.64],[-2590.484,2231.64],[-2590.484,-2601.431]],"c":true},"ix":1},"o":{"a":0,"k":100,"ix":3},"x":{"a":0,"k":0,"ix":4},"nm":"蒙版 6"},{"inv":false,"mode":"a","pt":{"a":0,"k":{"i":[[0,0],[0,0],[0,0],[0,0]],"o":[[0,0],[0,0],[0,0],[0,0]],"v":[[-4663.5,-2585.431],[-4663.5,2247.64],[-3614.484,2151.64],[-3614.484,-2681.431]],"c":true},"ix":1},"o":{"a":0,"k":100,"ix":3},"x":{"a":0,"k":0,"ix":4},"nm":"蒙版 7"},{"inv":false,"mode":"a","pt":{"a":0,"k":{"i":[[0,0],[0,0],[0,0],[0,0]],"o":[[0,0],[0,0],[0,0],[0,0]],"v":[[-5735.5,-2633.431],[-5735.5,2199.64],[-4686.484,2103.64],[-4686.484,-2729.431]],"c":true},"ix":1},"o":{"a":0,"k":100,"ix":3},"x":{"a":0,"k":0,"ix":4},"nm":"蒙版 8"},{"inv":false,"mode":"a","pt":{"a":0,"k":{"i":[[0,0],[0,0],[0,0],[0,0]],"o":[[0,0],[0,0],[0,0],[0,0]],"v":[[2152.5,-2393.431],[2152.5,2439.64],[3201.516,2343.64],[3201.516,-2489.431]],"c":true},"ix":1},"o":{"a":0,"k":100,"ix":3},"x":{"a":0,"k":0,"ix":4},"nm":"蒙版 9"},{"inv":false,"mode":"a","pt":{"a":0,"k":{"i":[[0,0],[0,0],[0,0],[0,0]],"o":[[0,0],[0,0],[0,0],[0,0]],"v":[[1080.5,-2441.431],[1080.5,2391.64],[2129.516,2295.64],[2129.516,-2537.431]],"c":true},"ix":1},"o":{"a":0,"k":100,"ix":3},"x":{"a":0,"k":0,"ix":4},"nm":"蒙版 10"},{"inv":false,"mode":"a","pt":{"a":0,"k":{"i":[[0,0],[0,0],[0,0],[0,0]],"o":[[0,0],[0,0],[0,0],[0,0]],"v":[[56.5,-2521.431],[56.5,2311.64],[1105.516,2215.64],[1105.516,-2617.431]],"c":true},"ix":1},"o":{"a":0,"k":100,"ix":3},"x":{"a":0,"k":0,"ix":4},"nm":"蒙版 11"},{"inv":false,"mode":"a","pt":{"a":0,"k":{"i":[[0,0],[0,0],[0,0],[0,0]],"o":[[0,0],[0,0],[0,0],[0,0]],"v":[[-1015.5,-2569.431],[-1015.5,2263.64],[33.516,2167.64],[33.516,-2665.431]],"c":true},"ix":1},"o":{"a":0,"k":100,"ix":3},"x":{"a":0,"k":0,"ix":4},"nm":"蒙版 12"},{"inv":false,"mode":"a","pt":{"a":0,"k":{"i":[[0,0],[0,0],[0,0],[0,0]],"o":[[0,0],[0,0],[0,0],[0,0]],"v":[[-2023.5,-2505.431],[-2023.5,2327.64],[-974.484,2231.64],[-974.484,-2601.431]],"c":true},"ix":1},"o":{"a":0,"k":100,"ix":3},"x":{"a":0,"k":0,"ix":4},"nm":"蒙版 13"},{"inv":false,"mode":"a","pt":{"a":0,"k":{"i":[[0,0],[0,0],[0,0],[0,0]],"o":[[0,0],[0,0],[0,0],[0,0]],"v":[[-3095.5,-2553.431],[-3095.5,2279.64],[-2046.484,2183.64],[-2046.484,-2649.431]],"c":true},"ix":1},"o":{"a":0,"k":100,"ix":3},"x":{"a":0,"k":0,"ix":4},"nm":"蒙版 14"},{"inv":false,"mode":"a","pt":{"a":0,"k":{"i":[[0,0],[0,0],[0,0],[0,0]],"o":[[0,0],[0,0],[0,0],[0,0]],"v":[[-4119.5,-2633.431],[-4119.5,2199.64],[-3070.484,2103.64],[-3070.484,-2729.431]],"c":true},"ix":1},"o":{"a":0,"k":100,"ix":3},"x":{"a":0,"k":0,"ix":4},"nm":"蒙版 15"},{"inv":false,"mode":"a","pt":{"a":0,"k":{"i":[[0,0],[0,0],[0,0],[0,0]],"o":[[0,0],[0,0],[0,0],[0,0]],"v":[[-5191.5,-2681.431],[-5191.5,2151.64],[-4142.484,2055.64],[-4142.484,-2777.431]],"c":true},"ix":1},"o":{"a":0,"k":100,"ix":3},"x":{"a":0,"k":0,"ix":4},"nm":"蒙版 16"}],"shapes":[{"ty":"gr","it":[{"ind":0,"ty":"sh","ix":1,"ks":{"a":0,"k":{"i":[[544,224],[224,-32],[416,-224],[0,0],[384,-192],[-128,-480],[-32,-448],[0,0],[0,0],[-768,2144],[-128,480],[-320,96],[-320,96],[64,-96],[-448,-352],[-384,0],[-224,672],[-32,96]],"o":[[-544,-224],[-224,32],[-416,224],[0,0],[-384,192],[128,480],[32,448],[0,0],[0,0],[768,-2144],[128,-480],[320,-96],[320,-96],[-64,96],[448,352],[384,0],[224,-672],[32,-96]],"v":[[-615.5,-2375.5],[-1703.5,-2151.5],[-3335.5,-1383.5],[-4071.5,-487.5],[-3879.5,248.5],[-3751.5,1400.5],[-3591.5,2200.5],[-2119.5,2168.5],[-1543.5,1400.5],[-2055.5,376.5],[-2375.5,-455.5],[-1735.5,-903.5],[-967.5,-1127.5],[-679.5,-391.5],[24.5,632.5],[1976.5,984.5],[2616.5,56.5],[2104.5,-1479.5]],"c":true},"ix":2},"nm":"路径 1","mn":"ADBE Vector Shape - Group","hd":false},{"ty":"st","c":{"a":0,"k":[1,1,1,1],"ix":3},"o":{"a":0,"k":100,"ix":4},"w":{"a":0,"k":2,"ix":5},"lc":1,"lj":1,"ml":4,"bm":0,"nm":"描边 1","mn":"ADBE Vector Graphic - Stroke","hd":false},{"ty":"fl","c":{"a":0,"k":[0,0,0,1],"ix":4},"o":{"a":0,"k":100,"ix":5},"r":1,"bm":0,"nm":"填充 1","mn":"ADBE Vector Graphic - Fill","hd":false},{"ty":"tr","p":{"a":0,"k":[0,0],"ix":2},"a":{"a":0,"k":[0,0],"ix":1},"s":{"a":0,"k":[100,100],"ix":3},"r":{"a":0,"k":0,"ix":6},"o":{"a":0,"k":100,"ix":7},"sk":{"a":0,"k":0,"ix":4},"sa":{"a":0,"k":0,"ix":5},"nm":"变换"}],"nm":"形状 1","np":3,"cix":2,"bm":0,"ix":1,"mn":"ADBE Vector Group","hd":false}],"ip":0,"op":1380,"st":0,"bm":0},{"ddd":0,"ind":6,"ty":4,"nm":"形状图层 5","parent":5,"sr":1,"ks":{"o":{"a":0,"k":100,"ix":11},"r":{"a":0,"k":0,"ix":10,"x":"var $bm_rt;\n$bm_rt = thisComp.layer('\\u5f62\\u72b6\\u56fe\\u5c42 6').transform.rotation;"},"p":{"a":0,"k":[0,0,0],"ix":2},"a":{"a":0,"k":[0,0,0],"ix":1},"s":{"a":0,"k":[100,100,100],"ix":6}},"ao":0,"hasMask":true,"masksProperties":[{"inv":false,"mode":"a","pt":{"a":0,"k":{"i":[[0,0],[0,0],[0,0],[0,0]],"o":[[0,0],[0,0],[0,0],[0,0]],"v":[[1608.5,-2345.431],[1608.5,2487.64],[2657.516,2391.64],[2657.516,-2441.431]],"c":true},"ix":1},"o":{"a":0,"k":100,"ix":3},"x":{"a":0,"k":0,"ix":4},"nm":"蒙版 1"},{"inv":false,"mode":"a","pt":{"a":0,"k":{"i":[[0,0],[0,0],[0,0],[0,0]],"o":[[0,0],[0,0],[0,0],[0,0]],"v":[[536.5,-2393.431],[536.5,2439.64],[1585.516,2343.64],[1585.516,-2489.431]],"c":true},"ix":1},"o":{"a":0,"k":100,"ix":3},"x":{"a":0,"k":0,"ix":4},"nm":"蒙版 2"},{"inv":false,"mode":"a","pt":{"a":0,"k":{"i":[[0,0],[0,0],[0,0],[0,0]],"o":[[0,0],[0,0],[0,0],[0,0]],"v":[[-487.5,-2473.431],[-487.5,2359.64],[561.516,2263.64],[561.516,-2569.431]],"c":true},"ix":1},"o":{"a":0,"k":100,"ix":3},"x":{"a":0,"k":0,"ix":4},"nm":"蒙版 3"},{"inv":false,"mode":"a","pt":{"a":0,"k":{"i":[[0,0],[0,0],[0,0],[0,0]],"o":[[0,0],[0,0],[0,0],[0,0]],"v":[[-1559.5,-2521.431],[-1559.5,2311.64],[-510.484,2215.64],[-510.484,-2617.431]],"c":true},"ix":1},"o":{"a":0,"k":100,"ix":3},"x":{"a":0,"k":0,"ix":4},"nm":"蒙版 4"},{"inv":false,"mode":"a","pt":{"a":0,"k":{"i":[[0,0],[0,0],[0,0],[0,0]],"o":[[0,0],[0,0],[0,0],[0,0]],"v":[[-2567.5,-2457.431],[-2567.5,2375.64],[-1518.484,2279.64],[-1518.484,-2553.431]],"c":true},"ix":1},"o":{"a":0,"k":100,"ix":3},"x":{"a":0,"k":0,"ix":4},"nm":"蒙版 5"},{"inv":false,"mode":"a","pt":{"a":0,"k":{"i":[[0,0],[0,0],[0,0],[0,0]],"o":[[0,0],[0,0],[0,0],[0,0]],"v":[[-3639.5,-2505.431],[-3639.5,2327.64],[-2590.484,2231.64],[-2590.484,-2601.431]],"c":true},"ix":1},"o":{"a":0,"k":100,"ix":3},"x":{"a":0,"k":0,"ix":4},"nm":"蒙版 6"},{"inv":false,"mode":"a","pt":{"a":0,"k":{"i":[[0,0],[0,0],[0,0],[0,0]],"o":[[0,0],[0,0],[0,0],[0,0]],"v":[[-4663.5,-2585.431],[-4663.5,2247.64],[-3614.484,2151.64],[-3614.484,-2681.431]],"c":true},"ix":1},"o":{"a":0,"k":100,"ix":3},"x":{"a":0,"k":0,"ix":4},"nm":"蒙版 7"},{"inv":false,"mode":"a","pt":{"a":0,"k":{"i":[[0,0],[0,0],[0,0],[0,0]],"o":[[0,0],[0,0],[0,0],[0,0]],"v":[[-5735.5,-2633.431],[-5735.5,2199.64],[-4686.484,2103.64],[-4686.484,-2729.431]],"c":true},"ix":1},"o":{"a":0,"k":100,"ix":3},"x":{"a":0,"k":0,"ix":4},"nm":"蒙版 8"},{"inv":false,"mode":"a","pt":{"a":0,"k":{"i":[[0,0],[0,0],[0,0],[0,0]],"o":[[0,0],[0,0],[0,0],[0,0]],"v":[[2152.5,-2393.431],[2152.5,2439.64],[3201.516,2343.64],[3201.516,-2489.431]],"c":true},"ix":1},"o":{"a":0,"k":100,"ix":3},"x":{"a":0,"k":0,"ix":4},"nm":"蒙版 9"},{"inv":false,"mode":"a","pt":{"a":0,"k":{"i":[[0,0],[0,0],[0,0],[0,0]],"o":[[0,0],[0,0],[0,0],[0,0]],"v":[[1080.5,-2441.431],[1080.5,2391.64],[2129.516,2295.64],[2129.516,-2537.431]],"c":true},"ix":1},"o":{"a":0,"k":100,"ix":3},"x":{"a":0,"k":0,"ix":4},"nm":"蒙版 10"},{"inv":false,"mode":"a","pt":{"a":0,"k":{"i":[[0,0],[0,0],[0,0],[0,0]],"o":[[0,0],[0,0],[0,0],[0,0]],"v":[[56.5,-2521.431],[56.5,2311.64],[1105.516,2215.64],[1105.516,-2617.431]],"c":true},"ix":1},"o":{"a":0,"k":100,"ix":3},"x":{"a":0,"k":0,"ix":4},"nm":"蒙版 11"},{"inv":false,"mode":"a","pt":{"a":0,"k":{"i":[[0,0],[0,0],[0,0],[0,0]],"o":[[0,0],[0,0],[0,0],[0,0]],"v":[[-1015.5,-2569.431],[-1015.5,2263.64],[33.516,2167.64],[33.516,-2665.431]],"c":true},"ix":1},"o":{"a":0,"k":100,"ix":3},"x":{"a":0,"k":0,"ix":4},"nm":"蒙版 12"},{"inv":false,"mode":"a","pt":{"a":0,"k":{"i":[[0,0],[0,0],[0,0],[0,0]],"o":[[0,0],[0,0],[0,0],[0,0]],"v":[[-2023.5,-2505.431],[-2023.5,2327.64],[-974.484,2231.64],[-974.484,-2601.431]],"c":true},"ix":1},"o":{"a":0,"k":100,"ix":3},"x":{"a":0,"k":0,"ix":4},"nm":"蒙版 13"},{"inv":false,"mode":"a","pt":{"a":0,"k":{"i":[[0,0],[0,0],[0,0],[0,0]],"o":[[0,0],[0,0],[0,0],[0,0]],"v":[[-3095.5,-2553.431],[-3095.5,2279.64],[-2046.484,2183.64],[-2046.484,-2649.431]],"c":true},"ix":1},"o":{"a":0,"k":100,"ix":3},"x":{"a":0,"k":0,"ix":4},"nm":"蒙版 14"},{"inv":false,"mode":"a","pt":{"a":0,"k":{"i":[[0,0],[0,0],[0,0],[0,0]],"o":[[0,0],[0,0],[0,0],[0,0]],"v":[[-4119.5,-2633.431],[-4119.5,2199.64],[-3070.484,2103.64],[-3070.484,-2729.431]],"c":true},"ix":1},"o":{"a":0,"k":100,"ix":3},"x":{"a":0,"k":0,"ix":4},"nm":"蒙版 15"},{"inv":false,"mode":"a","pt":{"a":0,"k":{"i":[[0,0],[0,0],[0,0],[0,0]],"o":[[0,0],[0,0],[0,0],[0,0]],"v":[[-5191.5,-2681.431],[-5191.5,2151.64],[-4142.484,2055.64],[-4142.484,-2777.431]],"c":true},"ix":1},"o":{"a":0,"k":100,"ix":3},"x":{"a":0,"k":0,"ix":4},"nm":"蒙版 16"}],"shapes":[{"ty":"gr","it":[{"ind":0,"ty":"sh","ix":1,"ks":{"a":0,"k":{"i":[[544,224],[224,-32],[416,-224],[0,0],[384,-192],[-128,-480],[-32,-448],[0,0],[0,0],[-768,2144],[-128,480],[-320,96],[-320,96],[64,-96],[-448,-352],[-384,0],[-224,672],[-32,96]],"o":[[-544,-224],[-224,32],[-416,224],[0,0],[-384,192],[128,480],[32,448],[0,0],[0,0],[768,-2144],[128,-480],[320,-96],[320,-96],[-64,96],[448,352],[384,0],[224,-672],[32,-96]],"v":[[-615.5,-2375.5],[-1703.5,-2151.5],[-3335.5,-1383.5],[-4071.5,-487.5],[-3879.5,248.5],[-3751.5,1400.5],[-3591.5,2200.5],[-2119.5,2168.5],[-1543.5,1400.5],[-2055.5,376.5],[-2375.5,-455.5],[-1735.5,-903.5],[-967.5,-1127.5],[-679.5,-391.5],[24.5,632.5],[1976.5,984.5],[2616.5,56.5],[2104.5,-1479.5]],"c":true},"ix":2},"nm":"路径 1","mn":"ADBE Vector Shape - Group","hd":false},{"ty":"st","c":{"a":0,"k":[1,1,1,1],"ix":3},"o":{"a":0,"k":100,"ix":4},"w":{"a":0,"k":2,"ix":5},"lc":1,"lj":1,"ml":4,"bm":0,"nm":"描边 1","mn":"ADBE Vector Graphic - Stroke","hd":false},{"ty":"fl","c":{"a":0,"k":[0,0,0,1],"ix":4},"o":{"a":0,"k":100,"ix":5},"r":1,"bm":0,"nm":"填充 1","mn":"ADBE Vector Graphic - Fill","hd":false},{"ty":"tr","p":{"a":0,"k":[0,0],"ix":2},"a":{"a":0,"k":[0,0],"ix":1},"s":{"a":0,"k":[100,100],"ix":3},"r":{"a":0,"k":0,"ix":6},"o":{"a":0,"k":100,"ix":7},"sk":{"a":0,"k":0,"ix":4},"sa":{"a":0,"k":0,"ix":5},"nm":"变换"}],"nm":"形状 1","np":3,"cix":2,"bm":0,"ix":1,"mn":"ADBE Vector Group","hd":false}],"ip":0,"op":1380,"st":0,"bm":0},{"ddd":0,"ind":7,"ty":4,"nm":"形状图层 4","parent":6,"sr":1,"ks":{"o":{"a":0,"k":100,"ix":11},"r":{"a":0,"k":0,"ix":10,"x":"var $bm_rt;\n$bm_rt = thisComp.layer('\\u5f62\\u72b6\\u56fe\\u5c42 5').transform.rotation;"},"p":{"a":0,"k":[0,0,0],"ix":2},"a":{"a":0,"k":[0,0,0],"ix":1},"s":{"a":0,"k":[100,100,100],"ix":6}},"ao":0,"hasMask":true,"masksProperties":[{"inv":false,"mode":"a","pt":{"a":0,"k":{"i":[[0,0],[0,0],[0,0],[0,0]],"o":[[0,0],[0,0],[0,0],[0,0]],"v":[[1608.5,-2345.431],[1608.5,2487.64],[2657.516,2391.64],[2657.516,-2441.431]],"c":true},"ix":1},"o":{"a":0,"k":100,"ix":3},"x":{"a":0,"k":0,"ix":4},"nm":"蒙版 1"},{"inv":false,"mode":"a","pt":{"a":0,"k":{"i":[[0,0],[0,0],[0,0],[0,0]],"o":[[0,0],[0,0],[0,0],[0,0]],"v":[[536.5,-2393.431],[536.5,2439.64],[1585.516,2343.64],[1585.516,-2489.431]],"c":true},"ix":1},"o":{"a":0,"k":100,"ix":3},"x":{"a":0,"k":0,"ix":4},"nm":"蒙版 2"},{"inv":false,"mode":"a","pt":{"a":0,"k":{"i":[[0,0],[0,0],[0,0],[0,0]],"o":[[0,0],[0,0],[0,0],[0,0]],"v":[[-487.5,-2473.431],[-487.5,2359.64],[561.516,2263.64],[561.516,-2569.431]],"c":true},"ix":1},"o":{"a":0,"k":100,"ix":3},"x":{"a":0,"k":0,"ix":4},"nm":"蒙版 3"},{"inv":false,"mode":"a","pt":{"a":0,"k":{"i":[[0,0],[0,0],[0,0],[0,0]],"o":[[0,0],[0,0],[0,0],[0,0]],"v":[[-1559.5,-2521.431],[-1559.5,2311.64],[-510.484,2215.64],[-510.484,-2617.431]],"c":true},"ix":1},"o":{"a":0,"k":100,"ix":3},"x":{"a":0,"k":0,"ix":4},"nm":"蒙版 4"},{"inv":false,"mode":"a","pt":{"a":0,"k":{"i":[[0,0],[0,0],[0,0],[0,0]],"o":[[0,0],[0,0],[0,0],[0,0]],"v":[[-2567.5,-2457.431],[-2567.5,2375.64],[-1518.484,2279.64],[-1518.484,-2553.431]],"c":true},"ix":1},"o":{"a":0,"k":100,"ix":3},"x":{"a":0,"k":0,"ix":4},"nm":"蒙版 5"},{"inv":false,"mode":"a","pt":{"a":0,"k":{"i":[[0,0],[0,0],[0,0],[0,0]],"o":[[0,0],[0,0],[0,0],[0,0]],"v":[[-3639.5,-2505.431],[-3639.5,2327.64],[-2590.484,2231.64],[-2590.484,-2601.431]],"c":true},"ix":1},"o":{"a":0,"k":100,"ix":3},"x":{"a":0,"k":0,"ix":4},"nm":"蒙版 6"},{"inv":false,"mode":"a","pt":{"a":0,"k":{"i":[[0,0],[0,0],[0,0],[0,0]],"o":[[0,0],[0,0],[0,0],[0,0]],"v":[[-4663.5,-2585.431],[-4663.5,2247.64],[-3614.484,2151.64],[-3614.484,-2681.431]],"c":true},"ix":1},"o":{"a":0,"k":100,"ix":3},"x":{"a":0,"k":0,"ix":4},"nm":"蒙版 7"},{"inv":false,"mode":"a","pt":{"a":0,"k":{"i":[[0,0],[0,0],[0,0],[0,0]],"o":[[0,0],[0,0],[0,0],[0,0]],"v":[[-5735.5,-2633.431],[-5735.5,2199.64],[-4686.484,2103.64],[-4686.484,-2729.431]],"c":true},"ix":1},"o":{"a":0,"k":100,"ix":3},"x":{"a":0,"k":0,"ix":4},"nm":"蒙版 8"},{"inv":false,"mode":"a","pt":{"a":0,"k":{"i":[[0,0],[0,0],[0,0],[0,0]],"o":[[0,0],[0,0],[0,0],[0,0]],"v":[[2152.5,-2393.431],[2152.5,2439.64],[3201.516,2343.64],[3201.516,-2489.431]],"c":true},"ix":1},"o":{"a":0,"k":100,"ix":3},"x":{"a":0,"k":0,"ix":4},"nm":"蒙版 9"},{"inv":false,"mode":"a","pt":{"a":0,"k":{"i":[[0,0],[0,0],[0,0],[0,0]],"o":[[0,0],[0,0],[0,0],[0,0]],"v":[[1080.5,-2441.431],[1080.5,2391.64],[2129.516,2295.64],[2129.516,-2537.431]],"c":true},"ix":1},"o":{"a":0,"k":100,"ix":3},"x":{"a":0,"k":0,"ix":4},"nm":"蒙版 10"},{"inv":false,"mode":"a","pt":{"a":0,"k":{"i":[[0,0],[0,0],[0,0],[0,0]],"o":[[0,0],[0,0],[0,0],[0,0]],"v":[[56.5,-2521.431],[56.5,2311.64],[1105.516,2215.64],[1105.516,-2617.431]],"c":true},"ix":1},"o":{"a":0,"k":100,"ix":3},"x":{"a":0,"k":0,"ix":4},"nm":"蒙版 11"},{"inv":false,"mode":"a","pt":{"a":0,"k":{"i":[[0,0],[0,0],[0,0],[0,0]],"o":[[0,0],[0,0],[0,0],[0,0]],"v":[[-1015.5,-2569.431],[-1015.5,2263.64],[33.516,2167.64],[33.516,-2665.431]],"c":true},"ix":1},"o":{"a":0,"k":100,"ix":3},"x":{"a":0,"k":0,"ix":4},"nm":"蒙版 12"},{"inv":false,"mode":"a","pt":{"a":0,"k":{"i":[[0,0],[0,0],[0,0],[0,0]],"o":[[0,0],[0,0],[0,0],[0,0]],"v":[[-2023.5,-2505.431],[-2023.5,2327.64],[-974.484,2231.64],[-974.484,-2601.431]],"c":true},"ix":1},"o":{"a":0,"k":100,"ix":3},"x":{"a":0,"k":0,"ix":4},"nm":"蒙版 13"},{"inv":false,"mode":"a","pt":{"a":0,"k":{"i":[[0,0],[0,0],[0,0],[0,0]],"o":[[0,0],[0,0],[0,0],[0,0]],"v":[[-3095.5,-2553.431],[-3095.5,2279.64],[-2046.484,2183.64],[-2046.484,-2649.431]],"c":true},"ix":1},"o":{"a":0,"k":100,"ix":3},"x":{"a":0,"k":0,"ix":4},"nm":"蒙版 14"},{"inv":false,"mode":"a","pt":{"a":0,"k":{"i":[[0,0],[0,0],[0,0],[0,0]],"o":[[0,0],[0,0],[0,0],[0,0]],"v":[[-4119.5,-2633.431],[-4119.5,2199.64],[-3070.484,2103.64],[-3070.484,-2729.431]],"c":true},"ix":1},"o":{"a":0,"k":100,"ix":3},"x":{"a":0,"k":0,"ix":4},"nm":"蒙版 15"},{"inv":false,"mode":"a","pt":{"a":0,"k":{"i":[[0,0],[0,0],[0,0],[0,0]],"o":[[0,0],[0,0],[0,0],[0,0]],"v":[[-5191.5,-2681.431],[-5191.5,2151.64],[-4142.484,2055.64],[-4142.484,-2777.431]],"c":true},"ix":1},"o":{"a":0,"k":100,"ix":3},"x":{"a":0,"k":0,"ix":4},"nm":"蒙版 16"}],"shapes":[{"ty":"gr","it":[{"ind":0,"ty":"sh","ix":1,"ks":{"a":0,"k":{"i":[[544,224],[224,-32],[416,-224],[0,0],[384,-192],[-128,-480],[-32,-448],[0,0],[0,0],[-768,2144],[-128,480],[-320,96],[-320,96],[64,-96],[-448,-352],[-384,0],[-224,672],[-32,96]],"o":[[-544,-224],[-224,32],[-416,224],[0,0],[-384,192],[128,480],[32,448],[0,0],[0,0],[768,-2144],[128,-480],[320,-96],[320,-96],[-64,96],[448,352],[384,0],[224,-672],[32,-96]],"v":[[-615.5,-2375.5],[-1703.5,-2151.5],[-3335.5,-1383.5],[-4071.5,-487.5],[-3879.5,248.5],[-3751.5,1400.5],[-3591.5,2200.5],[-2119.5,2168.5],[-1543.5,1400.5],[-2055.5,376.5],[-2375.5,-455.5],[-1735.5,-903.5],[-967.5,-1127.5],[-679.5,-391.5],[24.5,632.5],[1976.5,984.5],[2616.5,56.5],[2104.5,-1479.5]],"c":true},"ix":2},"nm":"路径 1","mn":"ADBE Vector Shape - Group","hd":false},{"ty":"st","c":{"a":0,"k":[1,1,1,1],"ix":3},"o":{"a":0,"k":100,"ix":4},"w":{"a":0,"k":2,"ix":5},"lc":1,"lj":1,"ml":4,"bm":0,"nm":"描边 1","mn":"ADBE Vector Graphic - Stroke","hd":false},{"ty":"fl","c":{"a":0,"k":[0,0,0,1],"ix":4},"o":{"a":0,"k":100,"ix":5},"r":1,"bm":0,"nm":"填充 1","mn":"ADBE Vector Graphic - Fill","hd":false},{"ty":"tr","p":{"a":0,"k":[0,0],"ix":2},"a":{"a":0,"k":[0,0],"ix":1},"s":{"a":0,"k":[100,100],"ix":3},"r":{"a":0,"k":0,"ix":6},"o":{"a":0,"k":100,"ix":7},"sk":{"a":0,"k":0,"ix":4},"sa":{"a":0,"k":0,"ix":5},"nm":"变换"}],"nm":"形状 1","np":3,"cix":2,"bm":0,"ix":1,"mn":"ADBE Vector Group","hd":false}],"ip":0,"op":1380,"st":0,"bm":0},{"ddd":0,"ind":8,"ty":4,"nm":"形状图层 3","parent":7,"sr":1,"ks":{"o":{"a":0,"k":100,"ix":11},"r":{"a":0,"k":0,"ix":10,"x":"var $bm_rt;\n$bm_rt = thisComp.layer('\\u5f62\\u72b6\\u56fe\\u5c42 4').transform.rotation;"},"p":{"a":0,"k":[0,0,0],"ix":2},"a":{"a":0,"k":[0,0,0],"ix":1},"s":{"a":0,"k":[100,100,100],"ix":6}},"ao":0,"hasMask":true,"masksProperties":[{"inv":false,"mode":"a","pt":{"a":0,"k":{"i":[[0,0],[0,0],[0,0],[0,0]],"o":[[0,0],[0,0],[0,0],[0,0]],"v":[[1608.5,-2345.431],[1608.5,2487.64],[2657.516,2391.64],[2657.516,-2441.431]],"c":true},"ix":1},"o":{"a":0,"k":100,"ix":3},"x":{"a":0,"k":0,"ix":4},"nm":"蒙版 1"},{"inv":false,"mode":"a","pt":{"a":0,"k":{"i":[[0,0],[0,0],[0,0],[0,0]],"o":[[0,0],[0,0],[0,0],[0,0]],"v":[[536.5,-2393.431],[536.5,2439.64],[1585.516,2343.64],[1585.516,-2489.431]],"c":true},"ix":1},"o":{"a":0,"k":100,"ix":3},"x":{"a":0,"k":0,"ix":4},"nm":"蒙版 2"},{"inv":false,"mode":"a","pt":{"a":0,"k":{"i":[[0,0],[0,0],[0,0],[0,0]],"o":[[0,0],[0,0],[0,0],[0,0]],"v":[[-487.5,-2473.431],[-487.5,2359.64],[561.516,2263.64],[561.516,-2569.431]],"c":true},"ix":1},"o":{"a":0,"k":100,"ix":3},"x":{"a":0,"k":0,"ix":4},"nm":"蒙版 3"},{"inv":false,"mode":"a","pt":{"a":0,"k":{"i":[[0,0],[0,0],[0,0],[0,0]],"o":[[0,0],[0,0],[0,0],[0,0]],"v":[[-1559.5,-2521.431],[-1559.5,2311.64],[-510.484,2215.64],[-510.484,-2617.431]],"c":true},"ix":1},"o":{"a":0,"k":100,"ix":3},"x":{"a":0,"k":0,"ix":4},"nm":"蒙版 4"},{"inv":false,"mode":"a","pt":{"a":0,"k":{"i":[[0,0],[0,0],[0,0],[0,0]],"o":[[0,0],[0,0],[0,0],[0,0]],"v":[[-2567.5,-2457.431],[-2567.5,2375.64],[-1518.484,2279.64],[-1518.484,-2553.431]],"c":true},"ix":1},"o":{"a":0,"k":100,"ix":3},"x":{"a":0,"k":0,"ix":4},"nm":"蒙版 5"},{"inv":false,"mode":"a","pt":{"a":0,"k":{"i":[[0,0],[0,0],[0,0],[0,0]],"o":[[0,0],[0,0],[0,0],[0,0]],"v":[[-3639.5,-2505.431],[-3639.5,2327.64],[-2590.484,2231.64],[-2590.484,-2601.431]],"c":true},"ix":1},"o":{"a":0,"k":100,"ix":3},"x":{"a":0,"k":0,"ix":4},"nm":"蒙版 6"},{"inv":false,"mode":"a","pt":{"a":0,"k":{"i":[[0,0],[0,0],[0,0],[0,0]],"o":[[0,0],[0,0],[0,0],[0,0]],"v":[[-4663.5,-2585.431],[-4663.5,2247.64],[-3614.484,2151.64],[-3614.484,-2681.431]],"c":true},"ix":1},"o":{"a":0,"k":100,"ix":3},"x":{"a":0,"k":0,"ix":4},"nm":"蒙版 7"},{"inv":false,"mode":"a","pt":{"a":0,"k":{"i":[[0,0],[0,0],[0,0],[0,0]],"o":[[0,0],[0,0],[0,0],[0,0]],"v":[[-5735.5,-2633.431],[-5735.5,2199.64],[-4686.484,2103.64],[-4686.484,-2729.431]],"c":true},"ix":1},"o":{"a":0,"k":100,"ix":3},"x":{"a":0,"k":0,"ix":4},"nm":"蒙版 8"},{"inv":false,"mode":"a","pt":{"a":0,"k":{"i":[[0,0],[0,0],[0,0],[0,0]],"o":[[0,0],[0,0],[0,0],[0,0]],"v":[[2152.5,-2393.431],[2152.5,2439.64],[3201.516,2343.64],[3201.516,-2489.431]],"c":true},"ix":1},"o":{"a":0,"k":100,"ix":3},"x":{"a":0,"k":0,"ix":4},"nm":"蒙版 9"},{"inv":false,"mode":"a","pt":{"a":0,"k":{"i":[[0,0],[0,0],[0,0],[0,0]],"o":[[0,0],[0,0],[0,0],[0,0]],"v":[[1080.5,-2441.431],[1080.5,2391.64],[2129.516,2295.64],[2129.516,-2537.431]],"c":true},"ix":1},"o":{"a":0,"k":100,"ix":3},"x":{"a":0,"k":0,"ix":4},"nm":"蒙版 10"},{"inv":false,"mode":"a","pt":{"a":0,"k":{"i":[[0,0],[0,0],[0,0],[0,0]],"o":[[0,0],[0,0],[0,0],[0,0]],"v":[[56.5,-2521.431],[56.5,2311.64],[1105.516,2215.64],[1105.516,-2617.431]],"c":true},"ix":1},"o":{"a":0,"k":100,"ix":3},"x":{"a":0,"k":0,"ix":4},"nm":"蒙版 11"},{"inv":false,"mode":"a","pt":{"a":0,"k":{"i":[[0,0],[0,0],[0,0],[0,0]],"o":[[0,0],[0,0],[0,0],[0,0]],"v":[[-1015.5,-2569.431],[-1015.5,2263.64],[33.516,2167.64],[33.516,-2665.431]],"c":true},"ix":1},"o":{"a":0,"k":100,"ix":3},"x":{"a":0,"k":0,"ix":4},"nm":"蒙版 12"},{"inv":false,"mode":"a","pt":{"a":0,"k":{"i":[[0,0],[0,0],[0,0],[0,0]],"o":[[0,0],[0,0],[0,0],[0,0]],"v":[[-2023.5,-2505.431],[-2023.5,2327.64],[-974.484,2231.64],[-974.484,-2601.431]],"c":true},"ix":1},"o":{"a":0,"k":100,"ix":3},"x":{"a":0,"k":0,"ix":4},"nm":"蒙版 13"},{"inv":false,"mode":"a","pt":{"a":0,"k":{"i":[[0,0],[0,0],[0,0],[0,0]],"o":[[0,0],[0,0],[0,0],[0,0]],"v":[[-3095.5,-2553.431],[-3095.5,2279.64],[-2046.484,2183.64],[-2046.484,-2649.431]],"c":true},"ix":1},"o":{"a":0,"k":100,"ix":3},"x":{"a":0,"k":0,"ix":4},"nm":"蒙版 14"},{"inv":false,"mode":"a","pt":{"a":0,"k":{"i":[[0,0],[0,0],[0,0],[0,0]],"o":[[0,0],[0,0],[0,0],[0,0]],"v":[[-4119.5,-2633.431],[-4119.5,2199.64],[-3070.484,2103.64],[-3070.484,-2729.431]],"c":true},"ix":1},"o":{"a":0,"k":100,"ix":3},"x":{"a":0,"k":0,"ix":4},"nm":"蒙版 15"},{"inv":false,"mode":"a","pt":{"a":0,"k":{"i":[[0,0],[0,0],[0,0],[0,0]],"o":[[0,0],[0,0],[0,0],[0,0]],"v":[[-5191.5,-2681.431],[-5191.5,2151.64],[-4142.484,2055.64],[-4142.484,-2777.431]],"c":true},"ix":1},"o":{"a":0,"k":100,"ix":3},"x":{"a":0,"k":0,"ix":4},"nm":"蒙版 16"}],"shapes":[{"ty":"gr","it":[{"ind":0,"ty":"sh","ix":1,"ks":{"a":0,"k":{"i":[[544,224],[224,-32],[416,-224],[0,0],[384,-192],[-128,-480],[-32,-448],[0,0],[0,0],[-768,2144],[-128,480],[-320,96],[-320,96],[64,-96],[-448,-352],[-384,0],[-224,672],[-32,96]],"o":[[-544,-224],[-224,32],[-416,224],[0,0],[-384,192],[128,480],[32,448],[0,0],[0,0],[768,-2144],[128,-480],[320,-96],[320,-96],[-64,96],[448,352],[384,0],[224,-672],[32,-96]],"v":[[-615.5,-2375.5],[-1703.5,-2151.5],[-3335.5,-1383.5],[-4071.5,-487.5],[-3879.5,248.5],[-3751.5,1400.5],[-3591.5,2200.5],[-2119.5,2168.5],[-1543.5,1400.5],[-2055.5,376.5],[-2375.5,-455.5],[-1735.5,-903.5],[-967.5,-1127.5],[-679.5,-391.5],[24.5,632.5],[1976.5,984.5],[2616.5,56.5],[2104.5,-1479.5]],"c":true},"ix":2},"nm":"路径 1","mn":"ADBE Vector Shape - Group","hd":false},{"ty":"st","c":{"a":0,"k":[1,1,1,1],"ix":3},"o":{"a":0,"k":100,"ix":4},"w":{"a":0,"k":2,"ix":5},"lc":1,"lj":1,"ml":4,"bm":0,"nm":"描边 1","mn":"ADBE Vector Graphic - Stroke","hd":false},{"ty":"fl","c":{"a":0,"k":[0,0,0,1],"ix":4},"o":{"a":0,"k":100,"ix":5},"r":1,"bm":0,"nm":"填充 1","mn":"ADBE Vector Graphic - Fill","hd":false},{"ty":"tr","p":{"a":0,"k":[0,0],"ix":2},"a":{"a":0,"k":[0,0],"ix":1},"s":{"a":0,"k":[100,100],"ix":3},"r":{"a":0,"k":0,"ix":6},"o":{"a":0,"k":100,"ix":7},"sk":{"a":0,"k":0,"ix":4},"sa":{"a":0,"k":0,"ix":5},"nm":"变换"}],"nm":"形状 1","np":3,"cix":2,"bm":0,"ix":1,"mn":"ADBE Vector Group","hd":false}],"ip":0,"op":1380,"st":0,"bm":0},{"ddd":0,"ind":9,"ty":4,"nm":"形状图层 2","parent":8,"sr":1,"ks":{"o":{"a":0,"k":100,"ix":11},"r":{"a":0,"k":0,"ix":10,"x":"var $bm_rt;\n$bm_rt = thisComp.layer('\\u5f62\\u72b6\\u56fe\\u5c42 3').transform.rotation;"},"p":{"a":0,"k":[0,0,0],"ix":2},"a":{"a":0,"k":[0,0,0],"ix":1},"s":{"a":0,"k":[100,100,100],"ix":6}},"ao":0,"hasMask":true,"masksProperties":[{"inv":false,"mode":"a","pt":{"a":0,"k":{"i":[[0,0],[0,0],[0,0],[0,0]],"o":[[0,0],[0,0],[0,0],[0,0]],"v":[[1608.5,-2345.431],[1608.5,2487.64],[2657.516,2391.64],[2657.516,-2441.431]],"c":true},"ix":1},"o":{"a":0,"k":100,"ix":3},"x":{"a":0,"k":0,"ix":4},"nm":"蒙版 1"},{"inv":false,"mode":"a","pt":{"a":0,"k":{"i":[[0,0],[0,0],[0,0],[0,0]],"o":[[0,0],[0,0],[0,0],[0,0]],"v":[[536.5,-2393.431],[536.5,2439.64],[1585.516,2343.64],[1585.516,-2489.431]],"c":true},"ix":1},"o":{"a":0,"k":100,"ix":3},"x":{"a":0,"k":0,"ix":4},"nm":"蒙版 2"},{"inv":false,"mode":"a","pt":{"a":0,"k":{"i":[[0,0],[0,0],[0,0],[0,0]],"o":[[0,0],[0,0],[0,0],[0,0]],"v":[[-487.5,-2473.431],[-487.5,2359.64],[561.516,2263.64],[561.516,-2569.431]],"c":true},"ix":1},"o":{"a":0,"k":100,"ix":3},"x":{"a":0,"k":0,"ix":4},"nm":"蒙版 3"},{"inv":false,"mode":"a","pt":{"a":0,"k":{"i":[[0,0],[0,0],[0,0],[0,0]],"o":[[0,0],[0,0],[0,0],[0,0]],"v":[[-1559.5,-2521.431],[-1559.5,2311.64],[-510.484,2215.64],[-510.484,-2617.431]],"c":true},"ix":1},"o":{"a":0,"k":100,"ix":3},"x":{"a":0,"k":0,"ix":4},"nm":"蒙版 4"},{"inv":false,"mode":"a","pt":{"a":0,"k":{"i":[[0,0],[0,0],[0,0],[0,0]],"o":[[0,0],[0,0],[0,0],[0,0]],"v":[[-2567.5,-2457.431],[-2567.5,2375.64],[-1518.484,2279.64],[-1518.484,-2553.431]],"c":true},"ix":1},"o":{"a":0,"k":100,"ix":3},"x":{"a":0,"k":0,"ix":4},"nm":"蒙版 5"},{"inv":false,"mode":"a","pt":{"a":0,"k":{"i":[[0,0],[0,0],[0,0],[0,0]],"o":[[0,0],[0,0],[0,0],[0,0]],"v":[[-3639.5,-2505.431],[-3639.5,2327.64],[-2590.484,2231.64],[-2590.484,-2601.431]],"c":true},"ix":1},"o":{"a":0,"k":100,"ix":3},"x":{"a":0,"k":0,"ix":4},"nm":"蒙版 6"},{"inv":false,"mode":"a","pt":{"a":0,"k":{"i":[[0,0],[0,0],[0,0],[0,0]],"o":[[0,0],[0,0],[0,0],[0,0]],"v":[[-4663.5,-2585.431],[-4663.5,2247.64],[-3614.484,2151.64],[-3614.484,-2681.431]],"c":true},"ix":1},"o":{"a":0,"k":100,"ix":3},"x":{"a":0,"k":0,"ix":4},"nm":"蒙版 7"},{"inv":false,"mode":"a","pt":{"a":0,"k":{"i":[[0,0],[0,0],[0,0],[0,0]],"o":[[0,0],[0,0],[0,0],[0,0]],"v":[[-5735.5,-2633.431],[-5735.5,2199.64],[-4686.484,2103.64],[-4686.484,-2729.431]],"c":true},"ix":1},"o":{"a":0,"k":100,"ix":3},"x":{"a":0,"k":0,"ix":4},"nm":"蒙版 8"},{"inv":false,"mode":"a","pt":{"a":0,"k":{"i":[[0,0],[0,0],[0,0],[0,0]],"o":[[0,0],[0,0],[0,0],[0,0]],"v":[[2152.5,-2393.431],[2152.5,2439.64],[3201.516,2343.64],[3201.516,-2489.431]],"c":true},"ix":1},"o":{"a":0,"k":100,"ix":3},"x":{"a":0,"k":0,"ix":4},"nm":"蒙版 9"},{"inv":false,"mode":"a","pt":{"a":0,"k":{"i":[[0,0],[0,0],[0,0],[0,0]],"o":[[0,0],[0,0],[0,0],[0,0]],"v":[[1080.5,-2441.431],[1080.5,2391.64],[2129.516,2295.64],[2129.516,-2537.431]],"c":true},"ix":1},"o":{"a":0,"k":100,"ix":3},"x":{"a":0,"k":0,"ix":4},"nm":"蒙版 10"},{"inv":false,"mode":"a","pt":{"a":0,"k":{"i":[[0,0],[0,0],[0,0],[0,0]],"o":[[0,0],[0,0],[0,0],[0,0]],"v":[[56.5,-2521.431],[56.5,2311.64],[1105.516,2215.64],[1105.516,-2617.431]],"c":true},"ix":1},"o":{"a":0,"k":100,"ix":3},"x":{"a":0,"k":0,"ix":4},"nm":"蒙版 11"},{"inv":false,"mode":"a","pt":{"a":0,"k":{"i":[[0,0],[0,0],[0,0],[0,0]],"o":[[0,0],[0,0],[0,0],[0,0]],"v":[[-1015.5,-2569.431],[-1015.5,2263.64],[33.516,2167.64],[33.516,-2665.431]],"c":true},"ix":1},"o":{"a":0,"k":100,"ix":3},"x":{"a":0,"k":0,"ix":4},"nm":"蒙版 12"},{"inv":false,"mode":"a","pt":{"a":0,"k":{"i":[[0,0],[0,0],[0,0],[0,0]],"o":[[0,0],[0,0],[0,0],[0,0]],"v":[[-2023.5,-2505.431],[-2023.5,2327.64],[-974.484,2231.64],[-974.484,-2601.431]],"c":true},"ix":1},"o":{"a":0,"k":100,"ix":3},"x":{"a":0,"k":0,"ix":4},"nm":"蒙版 13"},{"inv":false,"mode":"a","pt":{"a":0,"k":{"i":[[0,0],[0,0],[0,0],[0,0]],"o":[[0,0],[0,0],[0,0],[0,0]],"v":[[-3095.5,-2553.431],[-3095.5,2279.64],[-2046.484,2183.64],[-2046.484,-2649.431]],"c":true},"ix":1},"o":{"a":0,"k":100,"ix":3},"x":{"a":0,"k":0,"ix":4},"nm":"蒙版 14"},{"inv":false,"mode":"a","pt":{"a":0,"k":{"i":[[0,0],[0,0],[0,0],[0,0]],"o":[[0,0],[0,0],[0,0],[0,0]],"v":[[-4119.5,-2633.431],[-4119.5,2199.64],[-3070.484,2103.64],[-3070.484,-2729.431]],"c":true},"ix":1},"o":{"a":0,"k":100,"ix":3},"x":{"a":0,"k":0,"ix":4},"nm":"蒙版 15"},{"inv":false,"mode":"a","pt":{"a":0,"k":{"i":[[0,0],[0,0],[0,0],[0,0]],"o":[[0,0],[0,0],[0,0],[0,0]],"v":[[-5191.5,-2681.431],[-5191.5,2151.64],[-4142.484,2055.64],[-4142.484,-2777.431]],"c":true},"ix":1},"o":{"a":0,"k":100,"ix":3},"x":{"a":0,"k":0,"ix":4},"nm":"蒙版 16"}],"shapes":[{"ty":"gr","it":[{"ind":0,"ty":"sh","ix":1,"ks":{"a":0,"k":{"i":[[544,224],[224,-32],[416,-224],[0,0],[384,-192],[-128,-480],[-32,-448],[0,0],[0,0],[-768,2144],[-128,480],[-320,96],[-320,96],[64,-96],[-448,-352],[-384,0],[-224,672],[-32,96]],"o":[[-544,-224],[-224,32],[-416,224],[0,0],[-384,192],[128,480],[32,448],[0,0],[0,0],[768,-2144],[128,-480],[320,-96],[320,-96],[-64,96],[448,352],[384,0],[224,-672],[32,-96]],"v":[[-615.5,-2375.5],[-1703.5,-2151.5],[-3335.5,-1383.5],[-4071.5,-487.5],[-3879.5,248.5],[-3751.5,1400.5],[-3591.5,2200.5],[-2119.5,2168.5],[-1543.5,1400.5],[-2055.5,376.5],[-2375.5,-455.5],[-1735.5,-903.5],[-967.5,-1127.5],[-679.5,-391.5],[24.5,632.5],[1976.5,984.5],[2616.5,56.5],[2104.5,-1479.5]],"c":true},"ix":2},"nm":"路径 1","mn":"ADBE Vector Shape - Group","hd":false},{"ty":"st","c":{"a":0,"k":[1,1,1,1],"ix":3},"o":{"a":0,"k":100,"ix":4},"w":{"a":0,"k":2,"ix":5},"lc":1,"lj":1,"ml":4,"bm":0,"nm":"描边 1","mn":"ADBE Vector Graphic - Stroke","hd":false},{"ty":"fl","c":{"a":0,"k":[0,0,0,1],"ix":4},"o":{"a":0,"k":100,"ix":5},"r":1,"bm":0,"nm":"填充 1","mn":"ADBE Vector Graphic - Fill","hd":false},{"ty":"tr","p":{"a":0,"k":[0,0],"ix":2},"a":{"a":0,"k":[0,0],"ix":1},"s":{"a":0,"k":[100,100],"ix":3},"r":{"a":0,"k":0,"ix":6},"o":{"a":0,"k":100,"ix":7},"sk":{"a":0,"k":0,"ix":4},"sa":{"a":0,"k":0,"ix":5},"nm":"变换"}],"nm":"形状 1","np":3,"cix":2,"bm":0,"ix":1,"mn":"ADBE Vector Group","hd":false}],"ip":0,"op":1380,"st":0,"bm":0},{"ddd":0,"ind":10,"ty":4,"nm":"形状图层 1","parent":9,"sr":1,"ks":{"o":{"a":0,"k":100,"ix":11},"r":{"a":0,"k":0,"ix":10,"x":"var $bm_rt;\n$bm_rt = thisComp.layer('\\u5f62\\u72b6\\u56fe\\u5c42 2').transform.rotation;"},"p":{"a":0,"k":[0,0,0],"ix":2},"a":{"a":0,"k":[0,0,0],"ix":1},"s":{"a":0,"k":[100,100,100],"ix":6}},"ao":0,"hasMask":true,"masksProperties":[{"inv":false,"mode":"a","pt":{"a":0,"k":{"i":[[0,0],[0,0],[0,0],[0,0]],"o":[[0,0],[0,0],[0,0],[0,0]],"v":[[1608.5,-2345.431],[1608.5,2487.64],[2657.516,2391.64],[2657.516,-2441.431]],"c":true},"ix":1},"o":{"a":0,"k":100,"ix":3},"x":{"a":0,"k":0,"ix":4},"nm":"蒙版 1"},{"inv":false,"mode":"a","pt":{"a":0,"k":{"i":[[0,0],[0,0],[0,0],[0,0]],"o":[[0,0],[0,0],[0,0],[0,0]],"v":[[536.5,-2393.431],[536.5,2439.64],[1585.516,2343.64],[1585.516,-2489.431]],"c":true},"ix":1},"o":{"a":0,"k":100,"ix":3},"x":{"a":0,"k":0,"ix":4},"nm":"蒙版 2"},{"inv":false,"mode":"a","pt":{"a":0,"k":{"i":[[0,0],[0,0],[0,0],[0,0]],"o":[[0,0],[0,0],[0,0],[0,0]],"v":[[-487.5,-2473.431],[-487.5,2359.64],[561.516,2263.64],[561.516,-2569.431]],"c":true},"ix":1},"o":{"a":0,"k":100,"ix":3},"x":{"a":0,"k":0,"ix":4},"nm":"蒙版 3"},{"inv":false,"mode":"a","pt":{"a":0,"k":{"i":[[0,0],[0,0],[0,0],[0,0]],"o":[[0,0],[0,0],[0,0],[0,0]],"v":[[-1559.5,-2521.431],[-1559.5,2311.64],[-510.484,2215.64],[-510.484,-2617.431]],"c":true},"ix":1},"o":{"a":0,"k":100,"ix":3},"x":{"a":0,"k":0,"ix":4},"nm":"蒙版 4"},{"inv":false,"mode":"a","pt":{"a":0,"k":{"i":[[0,0],[0,0],[0,0],[0,0]],"o":[[0,0],[0,0],[0,0],[0,0]],"v":[[-2567.5,-2457.431],[-2567.5,2375.64],[-1518.484,2279.64],[-1518.484,-2553.431]],"c":true},"ix":1},"o":{"a":0,"k":100,"ix":3},"x":{"a":0,"k":0,"ix":4},"nm":"蒙版 5"},{"inv":false,"mode":"a","pt":{"a":0,"k":{"i":[[0,0],[0,0],[0,0],[0,0]],"o":[[0,0],[0,0],[0,0],[0,0]],"v":[[-3639.5,-2505.431],[-3639.5,2327.64],[-2590.484,2231.64],[-2590.484,-2601.431]],"c":true},"ix":1},"o":{"a":0,"k":100,"ix":3},"x":{"a":0,"k":0,"ix":4},"nm":"蒙版 6"},{"inv":false,"mode":"a","pt":{"a":0,"k":{"i":[[0,0],[0,0],[0,0],[0,0]],"o":[[0,0],[0,0],[0,0],[0,0]],"v":[[-4663.5,-2585.431],[-4663.5,2247.64],[-3614.484,2151.64],[-3614.484,-2681.431]],"c":true},"ix":1},"o":{"a":0,"k":100,"ix":3},"x":{"a":0,"k":0,"ix":4},"nm":"蒙版 7"},{"inv":false,"mode":"a","pt":{"a":0,"k":{"i":[[0,0],[0,0],[0,0],[0,0]],"o":[[0,0],[0,0],[0,0],[0,0]],"v":[[-5735.5,-2633.431],[-5735.5,2199.64],[-4686.484,2103.64],[-4686.484,-2729.431]],"c":true},"ix":1},"o":{"a":0,"k":100,"ix":3},"x":{"a":0,"k":0,"ix":4},"nm":"蒙版 8"},{"inv":false,"mode":"a","pt":{"a":0,"k":{"i":[[0,0],[0,0],[0,0],[0,0]],"o":[[0,0],[0,0],[0,0],[0,0]],"v":[[2152.5,-2393.431],[2152.5,2439.64],[3201.516,2343.64],[3201.516,-2489.431]],"c":true},"ix":1},"o":{"a":0,"k":100,"ix":3},"x":{"a":0,"k":0,"ix":4},"nm":"蒙版 9"},{"inv":false,"mode":"a","pt":{"a":0,"k":{"i":[[0,0],[0,0],[0,0],[0,0]],"o":[[0,0],[0,0],[0,0],[0,0]],"v":[[1080.5,-2441.431],[1080.5,2391.64],[2129.516,2295.64],[2129.516,-2537.431]],"c":true},"ix":1},"o":{"a":0,"k":100,"ix":3},"x":{"a":0,"k":0,"ix":4},"nm":"蒙版 10"},{"inv":false,"mode":"a","pt":{"a":0,"k":{"i":[[0,0],[0,0],[0,0],[0,0]],"o":[[0,0],[0,0],[0,0],[0,0]],"v":[[56.5,-2521.431],[56.5,2311.64],[1105.516,2215.64],[1105.516,-2617.431]],"c":true},"ix":1},"o":{"a":0,"k":100,"ix":3},"x":{"a":0,"k":0,"ix":4},"nm":"蒙版 11"},{"inv":false,"mode":"a","pt":{"a":0,"k":{"i":[[0,0],[0,0],[0,0],[0,0]],"o":[[0,0],[0,0],[0,0],[0,0]],"v":[[-1015.5,-2569.431],[-1015.5,2263.64],[33.516,2167.64],[33.516,-2665.431]],"c":true},"ix":1},"o":{"a":0,"k":100,"ix":3},"x":{"a":0,"k":0,"ix":4},"nm":"蒙版 12"},{"inv":false,"mode":"a","pt":{"a":0,"k":{"i":[[0,0],[0,0],[0,0],[0,0]],"o":[[0,0],[0,0],[0,0],[0,0]],"v":[[-2023.5,-2505.431],[-2023.5,2327.64],[-974.484,2231.64],[-974.484,-2601.431]],"c":true},"ix":1},"o":{"a":0,"k":100,"ix":3},"x":{"a":0,"k":0,"ix":4},"nm":"蒙版 13"},{"inv":false,"mode":"a","pt":{"a":0,"k":{"i":[[0,0],[0,0],[0,0],[0,0]],"o":[[0,0],[0,0],[0,0],[0,0]],"v":[[-3095.5,-2553.431],[-3095.5,2279.64],[-2046.484,2183.64],[-2046.484,-2649.431]],"c":true},"ix":1},"o":{"a":0,"k":100,"ix":3},"x":{"a":0,"k":0,"ix":4},"nm":"蒙版 14"},{"inv":false,"mode":"a","pt":{"a":0,"k":{"i":[[0,0],[0,0],[0,0],[0,0]],"o":[[0,0],[0,0],[0,0],[0,0]],"v":[[-4119.5,-2633.431],[-4119.5,2199.64],[-3070.484,2103.64],[-3070.484,-2729.431]],"c":true},"ix":1},"o":{"a":0,"k":100,"ix":3},"x":{"a":0,"k":0,"ix":4},"nm":"蒙版 15"},{"inv":false,"mode":"a","pt":{"a":0,"k":{"i":[[0,0],[0,0],[0,0],[0,0]],"o":[[0,0],[0,0],[0,0],[0,0]],"v":[[-5191.5,-2681.431],[-5191.5,2151.64],[-4142.484,2055.64],[-4142.484,-2777.431]],"c":true},"ix":1},"o":{"a":0,"k":100,"ix":3},"x":{"a":0,"k":0,"ix":4},"nm":"蒙版 16"}],"shapes":[{"ty":"gr","it":[{"ind":0,"ty":"sh","ix":1,"ks":{"a":0,"k":{"i":[[544,224],[224,-32],[416,-224],[0,0],[384,-192],[-128,-480],[-32,-448],[0,0],[0,0],[-768,2144],[-128,480],[-320,96],[-320,96],[64,-96],[-448,-352],[-384,0],[-224,672],[-32,96]],"o":[[-544,-224],[-224,32],[-416,224],[0,0],[-384,192],[128,480],[32,448],[0,0],[0,0],[768,-2144],[128,-480],[320,-96],[320,-96],[-64,96],[448,352],[384,0],[224,-672],[32,-96]],"v":[[-615.5,-2375.5],[-1703.5,-2151.5],[-3335.5,-1383.5],[-4071.5,-487.5],[-3879.5,248.5],[-3751.5,1400.5],[-3591.5,2200.5],[-2119.5,2168.5],[-1543.5,1400.5],[-2055.5,376.5],[-2375.5,-455.5],[-1735.5,-903.5],[-967.5,-1127.5],[-679.5,-391.5],[24.5,632.5],[1976.5,984.5],[2616.5,56.5],[2104.5,-1479.5]],"c":true},"ix":2},"nm":"路径 1","mn":"ADBE Vector Shape - Group","hd":false},{"ty":"st","c":{"a":0,"k":[1,1,1,1],"ix":3},"o":{"a":0,"k":100,"ix":4},"w":{"a":0,"k":2,"ix":5},"lc":1,"lj":1,"ml":4,"bm":0,"nm":"描边 1","mn":"ADBE Vector Graphic - Stroke","hd":false},{"ty":"fl","c":{"a":0,"k":[0,0,0,1],"ix":4},"o":{"a":0,"k":100,"ix":5},"r":1,"bm":0,"nm":"填充 1","mn":"ADBE Vector Graphic - Fill","hd":false},{"ty":"tr","p":{"a":0,"k":[0,0],"ix":2},"a":{"a":0,"k":[0,0],"ix":1},"s":{"a":0,"k":[100,100],"ix":3},"r":{"a":0,"k":0,"ix":6},"o":{"a":0,"k":100,"ix":7},"sk":{"a":0,"k":0,"ix":4},"sa":{"a":0,"k":0,"ix":5},"nm":"变换"}],"nm":"形状 1","np":3,"cix":2,"bm":0,"ix":1,"mn":"ADBE Vector Group","hd":false}],"ip":0,"op":1380,"st":0,"bm":0}]}],"layers":[{"ddd":0,"ind":1,"ty":0,"nm":"合成 2","refId":"comp_0","sr":1,"ks":{"o":{"a":0,"k":100,"ix":11},"r":{"a":0,"k":0,"ix":10},"p":{"a":0,"k":[720,1280,0],"ix":2},"a":{"a":0,"k":[4999.5,4999.5,0],"ix":1},"s":{"a":0,"k":[100,100,100],"ix":6}},"ao":0,"w":9999,"h":9999,"ip":0,"op":1380,"st":0,"bm":0},{"ddd":0,"ind":2,"ty":0,"nm":"合成 2","refId":"comp_0","sr":1,"ks":{"o":{"a":0,"k":100,"ix":11},"r":{"a":0,"k":0,"ix":10},"p":{"a":0,"k":[720,1280,0],"ix":2},"a":{"a":0,"k":[4999.5,4999.5,0],"ix":1},"s":{"a":0,"k":[100,100,100],"ix":6}},"ao":0,"w":9999,"h":9999,"ip":0,"op":1380,"st":0,"bm":0},{"ddd":0,"ind":3,"ty":0,"nm":"合成 2","refId":"comp_0","sr":1,"ks":{"o":{"a":0,"k":100,"ix":11},"r":{"a":0,"k":0,"ix":10},"p":{"a":0,"k":[720,1280,0],"ix":2},"a":{"a":0,"k":[4999.5,4999.5,0],"ix":1},"s":{"a":0,"k":[100,100,100],"ix":6}},"ao":0,"w":9999,"h":9999,"ip":0,"op":1380,"st":0,"bm":0},{"ddd":0,"ind":4,"ty":0,"nm":"合成 2","refId":"comp_0","sr":1,"ks":{"o":{"a":0,"k":100,"ix":11},"r":{"a":0,"k":0,"ix":10},"p":{"a":0,"k":[720,1280,0],"ix":2},"a":{"a":0,"k":[4999.5,4999.5,0],"ix":1},"s":{"a":0,"k":[100,100,100],"ix":6}},"ao":0,"w":9999,"h":9999,"ip":0,"op":1380,"st":0,"bm":0},{"ddd":0,"ind":5,"ty":0,"nm":"合成 2","refId":"comp_0","sr":1,"ks":{"o":{"a":0,"k":100,"ix":11},"r":{"a":0,"k":0,"ix":10},"p":{"a":0,"k":[720,1280,0],"ix":2},"a":{"a":0,"k":[4999.5,4999.5,0],"ix":1},"s":{"a":0,"k":[100,100,100],"ix":6}},"ao":0,"w":9999,"h":9999,"ip":0,"op":1380,"st":0,"bm":0},{"ddd":0,"ind":6,"ty":0,"nm":"合成 2","refId":"comp_0","sr":1,"ks":{"o":{"a":0,"k":100,"ix":11},"r":{"a":0,"k":0,"ix":10},"p":{"a":0,"k":[720,1280,0],"ix":2},"a":{"a":0,"k":[4999.5,4999.5,0],"ix":1},"s":{"a":0,"k":[100,100,100],"ix":6}},"ao":0,"w":9999,"h":9999,"ip":0,"op":1380,"st":0,"bm":0},{"ddd":0,"ind":7,"ty":0,"nm":"合成 2","refId":"comp_0","sr":1,"ks":{"o":{"a":0,"k":100,"ix":11},"r":{"a":0,"k":0,"ix":10},"p":{"a":0,"k":[720,1280,0],"ix":2},"a":{"a":0,"k":[4999.5,4999.5,0],"ix":1},"s":{"a":0,"k":[100,100,100],"ix":6}},"ao":0,"w":9999,"h":9999,"ip":0,"op":1380,"st":0,"bm":0},{"ddd":0,"ind":8,"ty":0,"nm":"合成 2","refId":"comp_0","sr":1,"ks":{"o":{"a":0,"k":100,"ix":11},"r":{"a":0,"k":0,"ix":10},"p":{"a":0,"k":[720,1280,0],"ix":2},"a":{"a":0,"k":[4999.5,4999.5,0],"ix":1},"s":{"a":0,"k":[100,100,100],"ix":6}},"ao":0,"w":9999,"h":9999,"ip":0,"op":1380,"st":0,"bm":0},{"ddd":0,"ind":9,"ty":0,"nm":"合成 2","refId":"comp_0","sr":1,"ks":{"o":{"a":0,"k":100,"ix":11},"r":{"a":0,"k":0,"ix":10},"p":{"a":0,"k":[720,1280,0],"ix":2},"a":{"a":0,"k":[4999.5,4999.5,0],"ix":1},"s":{"a":0,"k":[100,100,100],"ix":6}},"ao":0,"w":9999,"h":9999,"ip":0,"op":1380,"st":0,"bm":0},{"ddd":0,"ind":10,"ty":0,"nm":"合成 2","refId":"comp_0","sr":1,"ks":{"o":{"a":0,"k":100,"ix":11},"r":{"a":0,"k":0,"ix":10},"p":{"a":0,"k":[720,1280,0],"ix":2},"a":{"a":0,"k":[4999.5,4999.5,0],"ix":1},"s":{"a":0,"k":[100,100,100],"ix":6}},"ao":0,"w":9999,"h":9999,"ip":0,"op":1380,"st":0,"bm":0},{"ddd":0,"ind":11,"ty":0,"nm":"合成 2","refId":"comp_0","sr":1,"ks":{"o":{"a":0,"k":100,"ix":11},"r":{"a":0,"k":0,"ix":10},"p":{"a":0,"k":[720,1280,0],"ix":2},"a":{"a":0,"k":[4999.5,4999.5,0],"ix":1},"s":{"a":0,"k":[100,100,100],"ix":6}},"ao":0,"w":9999,"h":9999,"ip":0,"op":1380,"st":0,"bm":0},{"ddd":0,"ind":12,"ty":0,"nm":"合成 2","refId":"comp_0","sr":1,"ks":{"o":{"a":0,"k":100,"ix":11},"r":{"a":0,"k":0,"ix":10},"p":{"a":0,"k":[720,1280,0],"ix":2},"a":{"a":0,"k":[4999.5,4999.5,0],"ix":1},"s":{"a":0,"k":[100,100,100],"ix":6}},"ao":0,"w":9999,"h":9999,"ip":0,"op":1380,"st":0,"bm":0},{"ddd":0,"ind":13,"ty":0,"nm":"合成 2","refId":"comp_0","sr":1,"ks":{"o":{"a":0,"k":100,"ix":11},"r":{"a":0,"k":0,"ix":10},"p":{"a":0,"k":[720,1280,0],"ix":2},"a":{"a":0,"k":[4999.5,4999.5,0],"ix":1},"s":{"a":0,"k":[100,100,100],"ix":6}},"ao":0,"w":9999,"h":9999,"ip":0,"op":1380,"st":0,"bm":0},{"ddd":0,"ind":14,"ty":0,"nm":"合成 2","refId":"comp_0","sr":1,"ks":{"o":{"a":0,"k":100,"ix":11},"r":{"a":0,"k":0,"ix":10},"p":{"a":0,"k":[720,1280,0],"ix":2},"a":{"a":0,"k":[4999.5,4999.5,0],"ix":1},"s":{"a":0,"k":[100,100,100],"ix":6}},"ao":0,"w":9999,"h":9999,"ip":0,"op":1380,"st":0,"bm":0},{"ddd":0,"ind":15,"ty":0,"nm":"合成 2","refId":"comp_0","sr":1,"ks":{"o":{"a":0,"k":100,"ix":11},"r":{"a":0,"k":0,"ix":10},"p":{"a":0,"k":[720,1280,0],"ix":2},"a":{"a":0,"k":[4999.5,4999.5,0],"ix":1},"s":{"a":0,"k":[100,100,100],"ix":6}},"ao":0,"w":9999,"h":9999,"ip":0,"op":1380,"st":0,"bm":0},{"ddd":0,"ind":16,"ty":0,"nm":"合成 2","refId":"comp_0","sr":1,"ks":{"o":{"a":0,"k":100,"ix":11},"r":{"a":0,"k":0,"ix":10},"p":{"a":0,"k":[720,1280,0],"ix":2},"a":{"a":0,"k":[4999.5,4999.5,0],"ix":1},"s":{"a":0,"k":[100,100,100],"ix":6}},"ao":0,"w":9999,"h":9999,"ip":0,"op":1380,"st":0,"bm":0},{"ddd":0,"ind":17,"ty":0,"nm":"合成 2","refId":"comp_0","sr":1,"ks":{"o":{"a":0,"k":100,"ix":11},"r":{"a":0,"k":0,"ix":10},"p":{"a":0,"k":[720,1280,0],"ix":2},"a":{"a":0,"k":[4999.5,4999.5,0],"ix":1},"s":{"a":0,"k":[100,100,100],"ix":6}},"ao":0,"w":9999,"h":9999,"ip":0,"op":1380,"st":0,"bm":0},{"ddd":0,"ind":18,"ty":0,"nm":"合成 2","refId":"comp_0","sr":1,"ks":{"o":{"a":0,"k":100,"ix":11},"r":{"a":0,"k":0,"ix":10},"p":{"a":0,"k":[720,1280,0],"ix":2},"a":{"a":0,"k":[4999.5,4999.5,0],"ix":1},"s":{"a":0,"k":[100,100,100],"ix":6}},"ao":0,"w":9999,"h":9999,"ip":0,"op":1380,"st":0,"bm":0},{"ddd":0,"ind":19,"ty":0,"nm":"合成 2","refId":"comp_0","sr":1,"ks":{"o":{"a":0,"k":100,"ix":11},"r":{"a":0,"k":0,"ix":10},"p":{"a":0,"k":[720,1280,0],"ix":2},"a":{"a":0,"k":[4999.5,4999.5,0],"ix":1},"s":{"a":0,"k":[100,100,100],"ix":6}},"ao":0,"w":9999,"h":9999,"ip":0,"op":1380,"st":0,"bm":0},{"ddd":0,"ind":20,"ty":0,"nm":"合成 2","refId":"comp_0","sr":1,"ks":{"o":{"a":0,"k":100,"ix":11},"r":{"a":0,"k":0,"ix":10},"p":{"a":0,"k":[720,1280,0],"ix":2},"a":{"a":0,"k":[4999.5,4999.5,0],"ix":1},"s":{"a":0,"k":[100,100,100],"ix":6}},"ao":0,"w":9999,"h":9999,"ip":0,"op":1380,"st":0,"bm":0},{"ddd":0,"ind":21,"ty":0,"nm":"合成 2","refId":"comp_0","sr":1,"ks":{"o":{"a":0,"k":100,"ix":11},"r":{"a":0,"k":0,"ix":10},"p":{"a":0,"k":[720,1280,0],"ix":2},"a":{"a":0,"k":[4999.5,4999.5,0],"ix":1},"s":{"a":0,"k":[100,100,100],"ix":6}},"ao":0,"w":9999,"h":9999,"ip":0,"op":1380,"st":0,"bm":0},{"ddd":0,"ind":22,"ty":0,"nm":"合成 2","refId":"comp_0","sr":1,"ks":{"o":{"a":0,"k":100,"ix":11},"r":{"a":0,"k":0,"ix":10},"p":{"a":0,"k":[720,1280,0],"ix":2},"a":{"a":0,"k":[4999.5,4999.5,0],"ix":1},"s":{"a":0,"k":[100,100,100],"ix":6}},"ao":0,"w":9999,"h":9999,"ip":0,"op":1380,"st":0,"bm":0},{"ddd":0,"ind":23,"ty":0,"nm":"合成 2","refId":"comp_0","sr":1,"ks":{"o":{"a":0,"k":100,"ix":11},"r":{"a":0,"k":0,"ix":10},"p":{"a":0,"k":[720,1280,0],"ix":2},"a":{"a":0,"k":[4999.5,4999.5,0],"ix":1},"s":{"a":0,"k":[100,100,100],"ix":6}},"ao":0,"w":9999,"h":9999,"ip":0,"op":1380,"st":0,"bm":0},{"ddd":0,"ind":24,"ty":0,"nm":"合成 2","refId":"comp_0","sr":1,"ks":{"o":{"a":0,"k":100,"ix":11},"r":{"a":0,"k":0,"ix":10},"p":{"a":0,"k":[720,1280,0],"ix":2},"a":{"a":0,"k":[4999.5,4999.5,0],"ix":1},"s":{"a":0,"k":[100,100,100],"ix":6}},"ao":0,"w":9999,"h":9999,"ip":0,"op":1380,"st":0,"bm":0},{"ddd":0,"ind":25,"ty":0,"nm":"合成 2","refId":"comp_0","sr":1,"ks":{"o":{"a":0,"k":100,"ix":11},"r":{"a":0,"k":0,"ix":10},"p":{"a":0,"k":[720,1280,0],"ix":2},"a":{"a":0,"k":[4999.5,4999.5,0],"ix":1},"s":{"a":0,"k":[100,100,100],"ix":6}},"ao":0,"w":9999,"h":9999,"ip":0,"op":1380,"st":0,"bm":0},{"ddd":0,"ind":26,"ty":0,"nm":"合成 2","refId":"comp_0","sr":1,"ks":{"o":{"a":0,"k":100,"ix":11},"r":{"a":0,"k":0,"ix":10},"p":{"a":0,"k":[720,1280,0],"ix":2},"a":{"a":0,"k":[4999.5,4999.5,0],"ix":1},"s":{"a":0,"k":[100,100,100],"ix":6}},"ao":0,"w":9999,"h":9999,"ip":0,"op":1380,"st":0,"bm":0},{"ddd":0,"ind":27,"ty":0,"nm":"合成 2","refId":"comp_0","sr":1,"ks":{"o":{"a":0,"k":100,"ix":11},"r":{"a":0,"k":0,"ix":10},"p":{"a":0,"k":[720,1280,0],"ix":2},"a":{"a":0,"k":[4999.5,4999.5,0],"ix":1},"s":{"a":0,"k":[100,100,100],"ix":6}},"ao":0,"w":9999,"h":9999,"ip":0,"op":1380,"st":0,"bm":0},{"ddd":0,"ind":28,"ty":0,"nm":"合成 2","refId":"comp_0","sr":1,"ks":{"o":{"a":0,"k":100,"ix":11},"r":{"a":0,"k":0,"ix":10},"p":{"a":0,"k":[720,1280,0],"ix":2},"a":{"a":0,"k":[4999.5,4999.5,0],"ix":1},"s":{"a":0,"k":[100,100,100],"ix":6}},"ao":0,"w":9999,"h":9999,"ip":0,"op":1380,"st":0,"bm":0},{"ddd":0,"ind":29,"ty":0,"nm":"合成 2","refId":"comp_0","sr":1,"ks":{"o":{"a":0,"k":100,"ix":11},"r":{"a":0,"k":0,"ix":10},"p":{"a":0,"k":[720,1280,0],"ix":2},"a":{"a":0,"k":[4999.5,4999.5,0],"ix":1},"s":{"a":0,"k":[100,100,100],"ix":6}},"ao":0,"w":9999,"h":9999,"ip":0,"op":1380,"st":0,"bm":0},{"ddd":0,"ind":30,"ty":0,"nm":"合成 2","refId":"comp_0","sr":1,"ks":{"o":{"a":0,"k":100,"ix":11},"r":{"a":0,"k":0,"ix":10},"p":{"a":0,"k":[720,1280,0],"ix":2},"a":{"a":0,"k":[4999.5,4999.5,0],"ix":1},"s":{"a":0,"k":[100,100,100],"ix":6}},"ao":0,"w":9999,"h":9999,"ip":0,"op":1380,"st":0,"bm":0}],"markers":[]}