{"v":"5.6.10","fr":25,"ip":0,"op":149,"w":1080,"h":2340,"nm":"最终合成","ddd":0,"assets":[{"id":"image_0","w":800,"h":100,"u":"images/","p":"img_0.png","e":0},{"id":"image_1","w":800,"h":100,"u":"images/","p":"img_1.png","e":0},{"id":"image_2","w":572,"h":740,"u":"images/","p":"img_2.png","e":0},{"id":"image_3","w":572,"h":740,"u":"images/","p":"img_3.png","e":0},{"id":"image_4","w":572,"h":740,"u":"images/","p":"img_4.png","e":0},{"id":"image_5","w":572,"h":740,"u":"images/","p":"img_5.png","e":0},{"id":"image_6","w":600,"h":411,"u":"images/","p":"img_6.jpg","e":0},{"id":"image_7","w":600,"h":411,"u":"images/","p":"img_7.jpg","e":0},{"id":"image_8","w":600,"h":411,"u":"images/","p":"img_8.jpg","e":0},{"id":"image_9","w":600,"h":411,"u":"images/","p":"img_9.jpg","e":0},{"id":"image_10","w":600,"h":411,"u":"images/","p":"img_10.jpg","e":0},{"id":"image_11","w":600,"h":411,"u":"images/","p":"img_11.jpg","e":0},{"id":"image_12","w":600,"h":411,"u":"images/","p":"img_12.jpg","e":0},{"id":"image_13","w":600,"h":411,"u":"images/","p":"img_13.jpg","e":0},{"id":"image_14","w":600,"h":411,"u":"images/","p":"img_14.jpg","e":0},{"id":"image_15","w":600,"h":411,"u":"images/","p":"img_15.jpg","e":0},{"id":"image_16","w":600,"h":411,"u":"images/","p":"img_16.jpg","e":0},{"id":"image_17","w":600,"h":411,"u":"images/","p":"img_17.jpg","e":0},{"id":"image_18","w":600,"h":411,"u":"images/","p":"img_18.jpg","e":0},{"id":"image_19","w":600,"h":411,"u":"images/","p":"img_19.jpg","e":0},{"id":"image_20","w":600,"h":411,"u":"images/","p":"img_20.jpg","e":0},{"id":"image_21","w":600,"h":411,"u":"images/","p":"img_21.jpg","e":0},{"id":"image_22","w":600,"h":411,"u":"images/","p":"img_22.jpg","e":0},{"id":"image_23","w":600,"h":411,"u":"images/","p":"img_23.jpg","e":0},{"id":"image_24","w":600,"h":411,"u":"images/","p":"img_24.jpg","e":0},{"id":"image_25","w":600,"h":411,"u":"images/","p":"img_25.jpg","e":0},{"id":"image_26","w":600,"h":411,"u":"images/","p":"img_26.jpg","e":0},{"id":"image_27","w":600,"h":411,"u":"images/","p":"img_27.jpg","e":0},{"id":"image_28","w":600,"h":411,"u":"images/","p":"img_28.jpg","e":0},{"id":"image_29","w":600,"h":411,"u":"images/","p":"img_29.jpg","e":0},{"id":"image_30","w":600,"h":411,"u":"images/","p":"img_30.jpg","e":0},{"id":"image_31","w":600,"h":411,"u":"images/","p":"img_31.jpg","e":0},{"id":"image_32","w":600,"h":411,"u":"images/","p":"img_32.jpg","e":0},{"id":"image_33","w":600,"h":411,"u":"images/","p":"img_33.jpg","e":0},{"id":"image_34","w":600,"h":411,"u":"images/","p":"img_34.jpg","e":0},{"id":"image_35","w":600,"h":411,"u":"images/","p":"img_35.jpg","e":0},{"id":"image_36","w":600,"h":411,"u":"images/","p":"img_36.jpg","e":0},{"id":"image_37","w":600,"h":411,"u":"images/","p":"img_37.jpg","e":0},{"id":"image_38","w":600,"h":411,"u":"images/","p":"img_38.jpg","e":0},{"id":"image_39","w":600,"h":411,"u":"images/","p":"img_39.jpg","e":0},{"id":"image_40","w":600,"h":411,"u":"images/","p":"img_40.jpg","e":0},{"id":"image_41","w":600,"h":411,"u":"images/","p":"img_41.jpg","e":0},{"id":"image_42","w":600,"h":411,"u":"images/","p":"img_42.jpg","e":0},{"id":"image_43","w":600,"h":411,"u":"images/","p":"img_43.jpg","e":0},{"id":"image_44","w":600,"h":411,"u":"images/","p":"img_44.jpg","e":0},{"id":"image_45","w":600,"h":411,"u":"images/","p":"img_45.jpg","e":0},{"id":"image_46","w":600,"h":411,"u":"images/","p":"img_46.jpg","e":0},{"id":"image_47","w":1080,"h":2340,"u":"images/","p":"img_47.png","e":0},{"id":"image_48","w":1080,"h":2339,"u":"images/","p":"img_48.jpg","e":0},{"id":"comp_0","layers":[{"ddd":0,"ind":1,"ty":0,"nm":"预合成 6","refId":"comp_1","sr":1,"ks":{"o":{"a":0,"k":100,"ix":11},"r":{"a":0,"k":0,"ix":10},"p":{"a":0,"k":[540,1093,0],"ix":2},"a":{"a":0,"k":[540,1170,0],"ix":1},"s":{"a":0,"k":[60,60,100],"ix":6}},"ao":0,"w":1080,"h":2340,"ip":0,"op":149,"st":0,"bm":0}]},{"id":"comp_1","layers":[{"ddd":0,"ind":1,"ty":2,"nm":"01.png","cl":"png","refId":"image_2","sr":1,"ks":{"o":{"a":0,"k":100,"ix":11},"r":{"a":0,"k":0,"ix":10},"p":{"a":1,"k":[{"i":{"x":0.833,"y":1},"o":{"x":0.167,"y":0},"t":24.167,"s":[328.5,1296.3,0],"to":[-99.333,-4.5,0],"ti":[99.333,4.5,0]},{"t":49.1669921875,"s":[-267.5,1269.299,0]}],"ix":2},"a":{"a":0,"k":[286,370,0],"ix":1},"s":{"a":0,"k":[91.83,91.83,100],"ix":6}},"ao":0,"ip":0,"op":50.8330078125,"st":-0.8330078125,"bm":0},{"ddd":0,"ind":2,"ty":2,"nm":"02.png","cl":"png","refId":"image_3","sr":1,"ks":{"o":{"a":0,"k":100,"ix":11},"r":{"a":0,"k":0,"ix":10},"p":{"a":1,"k":[{"i":{"x":0.833,"y":1},"o":{"x":0.167,"y":0},"t":24.167,"s":[816.3,1265,0],"to":[-81.35,5.217,0],"ti":[81.35,-5.217,0]},{"i":{"x":0.833,"y":0.833},"o":{"x":0.167,"y":0.167},"t":49.167,"s":[328.2,1296.3,0],"to":[0,0,0],"ti":[0,0,0]},{"i":{"x":0.833,"y":1},"o":{"x":0.167,"y":0},"t":98.75,"s":[328.2,1296.3,0],"to":[-99.283,0,0],"ti":[99.283,0,0]},{"t":124.1669921875,"s":[-267.5,1296.3,0]}],"ix":2},"a":{"a":0,"k":[286,370,0],"ix":1},"s":{"a":1,"k":[{"i":{"x":[0.833,0.833,0.833],"y":[0.833,0.833,1]},"o":{"x":[0.167,0.167,0.167],"y":[0.167,0.167,0]},"t":24.167,"s":[70,70,100]},{"t":49.1669921875,"s":[91.83,91.83,100]}],"ix":6}},"ao":0,"ip":0,"op":131.25,"st":-0.8330078125,"bm":0},{"ddd":0,"ind":3,"ty":2,"nm":"04.png","cl":"png","refId":"image_4","sr":1,"ks":{"o":{"a":0,"k":100,"ix":11},"r":{"a":0,"k":0,"ix":10},"p":{"a":1,"k":[{"i":{"x":0.833,"y":1},"o":{"x":0.167,"y":0},"t":27.167,"s":[1226.1,1265,0],"to":[-68.3,0,0],"ti":[68.3,0,0]},{"i":{"x":0.833,"y":0.833},"o":{"x":0.167,"y":0.167},"t":52.167,"s":[816.3,1265,0],"to":[0,0,0],"ti":[0,0,0]},{"i":{"x":0.833,"y":1},"o":{"x":0.167,"y":0},"t":102.583,"s":[816.3,1265,0],"to":[-81.3,5.217,0],"ti":[81.3,-5.217,0]},{"t":127.1669921875,"s":[328.5,1296.3,0]}],"ix":2},"a":{"a":0,"k":[286,370,0],"ix":1},"s":{"a":1,"k":[{"i":{"x":[0.833,0.833,0.833],"y":[0.833,0.833,1]},"o":{"x":[0.167,0.167,0.167],"y":[0.167,0.167,0]},"t":27.167,"s":[50,50,100]},{"i":{"x":[0.833,0.833,0.833],"y":[1,1,1]},"o":{"x":[0.167,0.167,0.167],"y":[0,0,0]},"t":52.167,"s":[70,70,100]},{"i":{"x":[0.833,0.833,0.833],"y":[0.833,0.833,1]},"o":{"x":[0.167,0.167,0.167],"y":[0.167,0.167,0]},"t":102.583,"s":[70,70,100]},{"t":127.1669921875,"s":[91.83,91.83,100]}],"ix":6}},"ao":0,"ip":24.25,"op":149,"st":-72.8330078125,"bm":0},{"ddd":0,"ind":4,"ty":2,"nm":"5.png","cl":"png","refId":"image_5","sr":1,"ks":{"o":{"a":0,"k":100,"ix":11},"r":{"a":0,"k":0,"ix":10},"p":{"a":1,"k":[{"i":{"x":0.833,"y":1},"o":{"x":0.167,"y":0},"t":104.583,"s":[1226.1,1265,0],"to":[-68.3,0,0],"ti":[68.3,0,0]},{"t":129.1669921875,"s":[816.3,1265,0]}],"ix":2},"a":{"a":0,"k":[286,370,0],"ix":1},"s":{"a":1,"k":[{"i":{"x":[0.833,0.833,0.833],"y":[0.833,0.833,1]},"o":{"x":[0.167,0.167,0.167],"y":[0.167,0.167,0]},"t":104.583,"s":[50,50,100]},{"t":129.1669921875,"s":[70,70,100]}],"ix":6}},"ao":0,"ip":96.25,"op":149,"st":-70.8330078125,"bm":0}]},{"id":"comp_2","layers":[{"ddd":0,"ind":1,"ty":4,"nm":"Shape Layer 22","sr":1,"ks":{"o":{"a":0,"k":100,"ix":11},"r":{"a":0,"k":224,"ix":10},"p":{"a":0,"k":[960,540,0],"ix":2},"a":{"a":0,"k":[-334,82,0],"ix":1},"s":{"a":0,"k":[100,100,100],"ix":6}},"ao":0,"shapes":[{"ty":"gr","it":[{"ind":0,"ty":"sh","ix":1,"ks":{"a":0,"k":{"i":[[0,0],[0,0]],"o":[[0,0],[0,0]],"v":[[-334,82],[640,82]],"c":false},"ix":2},"nm":"路径 1","mn":"ADBE Vector Shape - Group","hd":false},{"ty":"st","c":{"a":0,"k":[1,0.247058823705,0.101960785687,1],"ix":3},"o":{"a":0,"k":100,"ix":4},"w":{"a":0,"k":2,"ix":5},"lc":1,"lj":1,"ml":4,"bm":0,"nm":"Stroke 1","mn":"ADBE Vector Graphic - Stroke","hd":false},{"ty":"tr","p":{"a":0,"k":[0,0],"ix":2},"a":{"a":0,"k":[0,0],"ix":1},"s":{"a":0,"k":[100,100],"ix":3},"r":{"a":0,"k":0,"ix":6},"o":{"a":0,"k":100,"ix":7},"sk":{"a":0,"k":0,"ix":4},"sa":{"a":0,"k":0,"ix":5},"nm":"变换"}],"nm":"Shape 1","np":2,"cix":2,"bm":0,"ix":1,"mn":"ADBE Vector Group","hd":false},{"ty":"tm","s":{"a":1,"k":[{"i":{"x":[0.15],"y":[1]},"o":{"x":[0.715],"y":[0]},"t":31.698,"s":[0]},{"t":62.5625,"s":[100]}],"ix":1},"e":{"a":1,"k":[{"i":{"x":[0.229],"y":[1]},"o":{"x":[0.139],"y":[0]},"t":31.414,"s":[0]},{"t":54.255859375,"s":[100]}],"ix":2},"o":{"a":0,"k":0,"ix":3},"m":1,"ix":2,"nm":"Trim Paths 1","mn":"ADBE Vector Filter - Trim","hd":false}],"ip":31.69921875,"op":231.8984375,"st":-18.3515625,"bm":0},{"ddd":0,"ind":2,"ty":4,"nm":"Shape Layer 21","sr":1,"ks":{"o":{"a":0,"k":100,"ix":11},"r":{"a":0,"k":135,"ix":10},"p":{"a":0,"k":[960,540,0],"ix":2},"a":{"a":0,"k":[-334,82,0],"ix":1},"s":{"a":0,"k":[100,100,100],"ix":6}},"ao":0,"shapes":[{"ty":"gr","it":[{"ind":0,"ty":"sh","ix":1,"ks":{"a":0,"k":{"i":[[0,0],[0,0]],"o":[[0,0],[0,0]],"v":[[-334,82],[640,82]],"c":false},"ix":2},"nm":"路径 1","mn":"ADBE Vector Shape - Group","hd":false},{"ty":"st","c":{"a":0,"k":[1,0.247058823705,0.101960785687,1],"ix":3},"o":{"a":0,"k":100,"ix":4},"w":{"a":0,"k":2,"ix":5},"lc":1,"lj":1,"ml":4,"bm":0,"nm":"Stroke 1","mn":"ADBE Vector Graphic - Stroke","hd":false},{"ty":"tr","p":{"a":0,"k":[0,0],"ix":2},"a":{"a":0,"k":[0,0],"ix":1},"s":{"a":0,"k":[100,100],"ix":3},"r":{"a":0,"k":0,"ix":6},"o":{"a":0,"k":100,"ix":7},"sk":{"a":0,"k":0,"ix":4},"sa":{"a":0,"k":0,"ix":5},"nm":"变换"}],"nm":"Shape 1","np":2,"cix":2,"bm":0,"ix":1,"mn":"ADBE Vector Group","hd":false},{"ty":"tm","s":{"a":1,"k":[{"i":{"x":[0.15],"y":[1]},"o":{"x":[0.715],"y":[0]},"t":32.533,"s":[0]},{"t":63.396484375,"s":[100]}],"ix":1},"e":{"a":1,"k":[{"i":{"x":[0.229],"y":[1]},"o":{"x":[0.139],"y":[0]},"t":32.249,"s":[0]},{"t":55.0908203125,"s":[100]}],"ix":2},"o":{"a":0,"k":0,"ix":3},"m":1,"ix":2,"nm":"Trim Paths 1","mn":"ADBE Vector Filter - Trim","hd":false}],"ip":32.533203125,"op":232.732421875,"st":-17.517578125,"bm":0},{"ddd":0,"ind":3,"ty":4,"nm":"Shape Layer 20","sr":1,"ks":{"o":{"a":0,"k":100,"ix":11},"r":{"a":0,"k":45,"ix":10},"p":{"a":0,"k":[960,540,0],"ix":2},"a":{"a":0,"k":[-334,82,0],"ix":1},"s":{"a":0,"k":[100,100,100],"ix":6}},"ao":0,"shapes":[{"ty":"gr","it":[{"ind":0,"ty":"sh","ix":1,"ks":{"a":0,"k":{"i":[[0,0],[0,0]],"o":[[0,0],[0,0]],"v":[[-334,82],[640,82]],"c":false},"ix":2},"nm":"路径 1","mn":"ADBE Vector Shape - Group","hd":false},{"ty":"st","c":{"a":0,"k":[1,0.247058823705,0.101960785687,1],"ix":3},"o":{"a":0,"k":100,"ix":4},"w":{"a":0,"k":2,"ix":5},"lc":1,"lj":1,"ml":4,"bm":0,"nm":"Stroke 1","mn":"ADBE Vector Graphic - Stroke","hd":false},{"ty":"tr","p":{"a":0,"k":[0,0],"ix":2},"a":{"a":0,"k":[0,0],"ix":1},"s":{"a":0,"k":[100,100],"ix":3},"r":{"a":0,"k":0,"ix":6},"o":{"a":0,"k":100,"ix":7},"sk":{"a":0,"k":0,"ix":4},"sa":{"a":0,"k":0,"ix":5},"nm":"变换"}],"nm":"Shape 1","np":2,"cix":2,"bm":0,"ix":1,"mn":"ADBE Vector Group","hd":false},{"ty":"tm","s":{"a":1,"k":[{"i":{"x":[0.15],"y":[1]},"o":{"x":[0.715],"y":[0]},"t":31.698,"s":[0]},{"t":62.5625,"s":[100]}],"ix":1},"e":{"a":1,"k":[{"i":{"x":[0.229],"y":[1]},"o":{"x":[0.139],"y":[0]},"t":31.414,"s":[0]},{"t":54.255859375,"s":[100]}],"ix":2},"o":{"a":0,"k":0,"ix":3},"m":1,"ix":2,"nm":"Trim Paths 1","mn":"ADBE Vector Filter - Trim","hd":false}],"ip":31.69921875,"op":231.8984375,"st":-18.3515625,"bm":0},{"ddd":0,"ind":4,"ty":4,"nm":"Shape Layer 19","sr":1,"ks":{"o":{"a":0,"k":100,"ix":11},"r":{"a":0,"k":-45,"ix":10},"p":{"a":0,"k":[960,540,0],"ix":2},"a":{"a":0,"k":[-334,82,0],"ix":1},"s":{"a":0,"k":[100,100,100],"ix":6}},"ao":0,"shapes":[{"ty":"gr","it":[{"ind":0,"ty":"sh","ix":1,"ks":{"a":0,"k":{"i":[[0,0],[0,0]],"o":[[0,0],[0,0]],"v":[[-334,82],[640,82]],"c":false},"ix":2},"nm":"路径 1","mn":"ADBE Vector Shape - Group","hd":false},{"ty":"st","c":{"a":0,"k":[1,0.247058823705,0.101960785687,1],"ix":3},"o":{"a":0,"k":100,"ix":4},"w":{"a":0,"k":2,"ix":5},"lc":1,"lj":1,"ml":4,"bm":0,"nm":"Stroke 1","mn":"ADBE Vector Graphic - Stroke","hd":false},{"ty":"tr","p":{"a":0,"k":[0,0],"ix":2},"a":{"a":0,"k":[0,0],"ix":1},"s":{"a":0,"k":[100,100],"ix":3},"r":{"a":0,"k":0,"ix":6},"o":{"a":0,"k":100,"ix":7},"sk":{"a":0,"k":0,"ix":4},"sa":{"a":0,"k":0,"ix":5},"nm":"变换"}],"nm":"Shape 1","np":2,"cix":2,"bm":0,"ix":1,"mn":"ADBE Vector Group","hd":false},{"ty":"tm","s":{"a":1,"k":[{"i":{"x":[0.15],"y":[1]},"o":{"x":[0.715],"y":[0]},"t":32.533,"s":[0]},{"t":63.396484375,"s":[100]}],"ix":1},"e":{"a":1,"k":[{"i":{"x":[0.229],"y":[1]},"o":{"x":[0.139],"y":[0]},"t":32.249,"s":[0]},{"t":55.0908203125,"s":[100]}],"ix":2},"o":{"a":0,"k":0,"ix":3},"m":1,"ix":2,"nm":"Trim Paths 1","mn":"ADBE Vector Filter - Trim","hd":false}],"ip":32.533203125,"op":232.732421875,"st":-17.517578125,"bm":0},{"ddd":0,"ind":5,"ty":4,"nm":"Shape Layer 18","sr":1,"ks":{"o":{"a":0,"k":100,"ix":11},"r":{"a":0,"k":-180,"ix":10},"p":{"a":0,"k":[880,520,0],"ix":2},"a":{"a":0,"k":[0,0,0],"ix":1},"s":{"a":0,"k":[100,100,100],"ix":6}},"ao":0,"shapes":[{"ty":"gr","it":[{"ind":0,"ty":"sh","ix":1,"ks":{"a":0,"k":{"i":[[0,0],[0,0]],"o":[[0,0],[0,0]],"v":[[-334,82],[640,82]],"c":false},"ix":2},"nm":"路径 1","mn":"ADBE Vector Shape - Group","hd":false},{"ty":"st","c":{"a":0,"k":[1,0.247058823705,0.101960785687,1],"ix":3},"o":{"a":0,"k":100,"ix":4},"w":{"a":0,"k":2,"ix":5},"lc":1,"lj":1,"ml":4,"bm":0,"nm":"Stroke 1","mn":"ADBE Vector Graphic - Stroke","hd":false},{"ty":"tr","p":{"a":0,"k":[0,0],"ix":2},"a":{"a":0,"k":[0,0],"ix":1},"s":{"a":0,"k":[100,100],"ix":3},"r":{"a":0,"k":0,"ix":6},"o":{"a":0,"k":100,"ix":7},"sk":{"a":0,"k":0,"ix":4},"sa":{"a":0,"k":0,"ix":5},"nm":"变换"}],"nm":"Shape 1","np":2,"cix":2,"bm":0,"ix":1,"mn":"ADBE Vector Group","hd":false},{"ty":"tm","s":{"a":1,"k":[{"i":{"x":[0.15],"y":[1]},"o":{"x":[0.715],"y":[0]},"t":80.737,"s":[0]},{"t":104.2705078125,"s":[100]}],"ix":1},"e":{"a":1,"k":[{"i":{"x":[0.229],"y":[1]},"o":{"x":[0.139],"y":[0]},"t":73.123,"s":[0]},{"t":95.9638671875,"s":[100]}],"ix":2},"o":{"a":0,"k":0,"ix":3},"m":1,"ix":2,"nm":"Trim Paths 1","mn":"ADBE Vector Filter - Trim","hd":false}],"ip":23.357421875,"op":273.6064453125,"st":23.357421875,"bm":0},{"ddd":0,"ind":6,"ty":4,"nm":"Shape Layer 17","sr":1,"ks":{"o":{"a":0,"k":100,"ix":11},"r":{"a":0,"k":-180,"ix":10},"p":{"a":0,"k":[960,540,0],"ix":2},"a":{"a":0,"k":[0,0,0],"ix":1},"s":{"a":0,"k":[100,100,100],"ix":6}},"ao":0,"shapes":[{"ty":"gr","it":[{"ind":0,"ty":"sh","ix":1,"ks":{"a":0,"k":{"i":[[0,0],[0,0]],"o":[[0,0],[0,0]],"v":[[-334,82],[640,82]],"c":false},"ix":2},"nm":"路径 1","mn":"ADBE Vector Shape - Group","hd":false},{"ty":"st","c":{"a":0,"k":[0,0.654901981354,0.878431379795,1],"ix":3},"o":{"a":0,"k":100,"ix":4},"w":{"a":0,"k":2,"ix":5},"lc":1,"lj":1,"ml":4,"bm":0,"nm":"Stroke 1","mn":"ADBE Vector Graphic - Stroke","hd":false},{"ty":"tr","p":{"a":0,"k":[0,0],"ix":2},"a":{"a":0,"k":[0,0],"ix":1},"s":{"a":0,"k":[100,100],"ix":3},"r":{"a":0,"k":0,"ix":6},"o":{"a":0,"k":100,"ix":7},"sk":{"a":0,"k":0,"ix":4},"sa":{"a":0,"k":0,"ix":5},"nm":"变换"}],"nm":"Shape 1","np":2,"cix":2,"bm":0,"ix":1,"mn":"ADBE Vector Group","hd":false},{"ty":"tm","s":{"a":1,"k":[{"i":{"x":[0.15],"y":[1]},"o":{"x":[0.715],"y":[0]},"t":79.352,"s":[0]},{"t":102.88671875,"s":[100]}],"ix":1},"e":{"a":1,"k":[{"i":{"x":[0.229],"y":[1]},"o":{"x":[0.139],"y":[0]},"t":71.738,"s":[0]},{"t":94.580078125,"s":[100]}],"ix":2},"o":{"a":0,"k":0,"ix":3},"m":1,"ix":2,"nm":"Trim Paths 1","mn":"ADBE Vector Filter - Trim","hd":false}],"ip":21.6884765625,"op":271.9384765625,"st":21.6884765625,"bm":0},{"ddd":0,"ind":7,"ty":4,"nm":"Shape Layer 16","sr":1,"ks":{"o":{"a":0,"k":100,"ix":11},"r":{"a":0,"k":0,"ix":10},"p":{"a":0,"k":[1040,560,0],"ix":2},"a":{"a":0,"k":[0,0,0],"ix":1},"s":{"a":0,"k":[100,100,100],"ix":6}},"ao":0,"shapes":[{"ty":"gr","it":[{"ind":0,"ty":"sh","ix":1,"ks":{"a":0,"k":{"i":[[0,0],[0,0]],"o":[[0,0],[0,0]],"v":[[-334,82],[640,82]],"c":false},"ix":2},"nm":"路径 1","mn":"ADBE Vector Shape - Group","hd":false},{"ty":"st","c":{"a":0,"k":[1,0.247058823705,0.101960785687,1],"ix":3},"o":{"a":0,"k":100,"ix":4},"w":{"a":0,"k":2,"ix":5},"lc":1,"lj":1,"ml":4,"bm":0,"nm":"Stroke 1","mn":"ADBE Vector Graphic - Stroke","hd":false},{"ty":"tr","p":{"a":0,"k":[0,0],"ix":2},"a":{"a":0,"k":[0,0],"ix":1},"s":{"a":0,"k":[100,100],"ix":3},"r":{"a":0,"k":0,"ix":6},"o":{"a":0,"k":100,"ix":7},"sk":{"a":0,"k":0,"ix":4},"sa":{"a":0,"k":0,"ix":5},"nm":"变换"}],"nm":"Shape 1","np":2,"cix":2,"bm":0,"ix":1,"mn":"ADBE Vector Group","hd":false},{"ty":"tm","s":{"a":1,"k":[{"i":{"x":[0.15],"y":[1]},"o":{"x":[0.715],"y":[0]},"t":80.737,"s":[0]},{"t":104.2705078125,"s":[100]}],"ix":1},"e":{"a":1,"k":[{"i":{"x":[0.229],"y":[1]},"o":{"x":[0.139],"y":[0]},"t":73.123,"s":[0]},{"t":95.9638671875,"s":[100]}],"ix":2},"o":{"a":0,"k":0,"ix":3},"m":1,"ix":2,"nm":"Trim Paths 1","mn":"ADBE Vector Filter - Trim","hd":false}],"ip":23.357421875,"op":273.6064453125,"st":23.357421875,"bm":0},{"ddd":0,"ind":8,"ty":4,"nm":"Shape Layer 15","sr":1,"ks":{"o":{"a":0,"k":100,"ix":11},"r":{"a":0,"k":0,"ix":10},"p":{"a":0,"k":[960,540,0],"ix":2},"a":{"a":0,"k":[0,0,0],"ix":1},"s":{"a":0,"k":[100,100,100],"ix":6}},"ao":0,"shapes":[{"ty":"gr","it":[{"ind":0,"ty":"sh","ix":1,"ks":{"a":0,"k":{"i":[[0,0],[0,0]],"o":[[0,0],[0,0]],"v":[[-334,82],[640,82]],"c":false},"ix":2},"nm":"路径 1","mn":"ADBE Vector Shape - Group","hd":false},{"ty":"st","c":{"a":0,"k":[0,0.654901981354,0.878431379795,1],"ix":3},"o":{"a":0,"k":100,"ix":4},"w":{"a":0,"k":2,"ix":5},"lc":1,"lj":1,"ml":4,"bm":0,"nm":"Stroke 1","mn":"ADBE Vector Graphic - Stroke","hd":false},{"ty":"tr","p":{"a":0,"k":[0,0],"ix":2},"a":{"a":0,"k":[0,0],"ix":1},"s":{"a":0,"k":[100,100],"ix":3},"r":{"a":0,"k":0,"ix":6},"o":{"a":0,"k":100,"ix":7},"sk":{"a":0,"k":0,"ix":4},"sa":{"a":0,"k":0,"ix":5},"nm":"变换"}],"nm":"Shape 1","np":2,"cix":2,"bm":0,"ix":1,"mn":"ADBE Vector Group","hd":false},{"ty":"tm","s":{"a":1,"k":[{"i":{"x":[0.15],"y":[1]},"o":{"x":[0.715],"y":[0]},"t":79.352,"s":[0]},{"t":102.88671875,"s":[100]}],"ix":1},"e":{"a":1,"k":[{"i":{"x":[0.229],"y":[1]},"o":{"x":[0.139],"y":[0]},"t":71.738,"s":[0]},{"t":94.580078125,"s":[100]}],"ix":2},"o":{"a":0,"k":0,"ix":3},"m":1,"ix":2,"nm":"Trim Paths 1","mn":"ADBE Vector Filter - Trim","hd":false}],"ip":21.6884765625,"op":271.9384765625,"st":21.6884765625,"bm":0},{"ddd":0,"ind":9,"ty":4,"nm":"Shape Layer 12","sr":1,"ks":{"o":{"a":0,"k":100,"ix":11},"r":{"a":0,"k":0,"ix":10},"p":{"a":0,"k":[960,540,0],"ix":2},"a":{"a":0,"k":[0,0,0],"ix":1},"s":{"a":0,"k":[100,100,100],"ix":6}},"ao":0,"shapes":[{"ty":"gr","it":[{"ind":0,"ty":"sh","ix":1,"ks":{"a":0,"k":{"i":[[0,0],[0,0]],"o":[[0,0],[0,0]],"v":[[-974,0],[0,0]],"c":false},"ix":2},"nm":"路径 1","mn":"ADBE Vector Shape - Group","hd":false},{"ty":"st","c":{"a":0,"k":[0,0.654901981354,0.878431379795,1],"ix":3},"o":{"a":0,"k":100,"ix":4},"w":{"a":0,"k":3,"ix":5},"lc":1,"lj":1,"ml":4,"bm":0,"nm":"Stroke 1","mn":"ADBE Vector Graphic - Stroke","hd":false},{"ty":"tr","p":{"a":0,"k":[0,0],"ix":2},"a":{"a":0,"k":[0,0],"ix":1},"s":{"a":0,"k":[100,100],"ix":3},"r":{"a":0,"k":0,"ix":6},"o":{"a":0,"k":100,"ix":7},"sk":{"a":0,"k":0,"ix":4},"sa":{"a":0,"k":0,"ix":5},"nm":"变换"}],"nm":"Shape 1","np":2,"cix":2,"bm":0,"ix":1,"mn":"ADBE Vector Group","hd":false},{"ty":"tm","s":{"a":1,"k":[{"i":{"x":[0.15],"y":[1]},"o":{"x":[0.85],"y":[0]},"t":59.226,"s":[0]},{"t":87.587890625,"s":[100]}],"ix":1},"e":{"a":1,"k":[{"i":{"x":[0.828],"y":[1]},"o":{"x":[1],"y":[0]},"t":50.05,"s":[0]},{"t":77.5771484375,"s":[100]}],"ix":2},"o":{"a":0,"k":0,"ix":3},"m":1,"ix":2,"nm":"Trim Paths 1","mn":"ADBE Vector Filter - Trim","hd":false}],"ip":0,"op":250.2509765625,"st":0,"bm":0},{"ddd":0,"ind":10,"ty":4,"nm":"Shape Layer 11","sr":1,"ks":{"o":{"a":0,"k":100,"ix":11},"r":{"a":0,"k":0,"ix":10},"p":{"a":0,"k":[960,540,0],"ix":2},"a":{"a":0,"k":[0,0,0],"ix":1},"s":{"a":0,"k":[100,100,100],"ix":6}},"ao":0,"shapes":[{"ty":"gr","it":[{"ind":0,"ty":"sh","ix":1,"ks":{"a":0,"k":{"i":[[0,0],[0,0],[0,0]],"o":[[0,0],[0,0],[0,0]],"v":[[972,3],[972,0],[0,0]],"c":false},"ix":2},"nm":"路径 1","mn":"ADBE Vector Shape - Group","hd":false},{"ty":"st","c":{"a":0,"k":[0,0.654901981354,0.878431379795,1],"ix":3},"o":{"a":0,"k":100,"ix":4},"w":{"a":0,"k":3,"ix":5},"lc":1,"lj":1,"ml":4,"bm":0,"nm":"Stroke 1","mn":"ADBE Vector Graphic - Stroke","hd":false},{"ty":"tr","p":{"a":0,"k":[0,0],"ix":2},"a":{"a":0,"k":[0,0],"ix":1},"s":{"a":0,"k":[100,100],"ix":3},"r":{"a":0,"k":0,"ix":6},"o":{"a":0,"k":100,"ix":7},"sk":{"a":0,"k":0,"ix":4},"sa":{"a":0,"k":0,"ix":5},"nm":"变换"}],"nm":"Shape 1","np":2,"cix":2,"bm":0,"ix":1,"mn":"ADBE Vector Group","hd":false},{"ty":"tm","s":{"a":1,"k":[{"i":{"x":[0.15],"y":[1]},"o":{"x":[0.85],"y":[0]},"t":59.226,"s":[0]},{"t":87.587890625,"s":[100]}],"ix":1},"e":{"a":1,"k":[{"i":{"x":[0.828],"y":[1]},"o":{"x":[1],"y":[0]},"t":50.05,"s":[0]},{"t":77.5771484375,"s":[100]}],"ix":2},"o":{"a":0,"k":0,"ix":3},"m":1,"ix":2,"nm":"Trim Paths 1","mn":"ADBE Vector Filter - Trim","hd":false}],"ip":0,"op":250.2509765625,"st":0,"bm":0},{"ddd":0,"ind":11,"ty":0,"nm":" 2","refId":"comp_3","sr":1,"ks":{"o":{"a":0,"k":100,"ix":11},"r":{"a":0,"k":180,"ix":10},"p":{"a":1,"k":[{"i":{"x":0.006,"y":1},"o":{"x":0.193,"y":0},"t":72.572,"s":[960,540,0],"to":[0,-26.667,0],"ti":[0,26.667,0]},{"t":107.607421875,"s":[932,362,0]}],"ix":2},"a":{"a":0,"k":[960,540,0],"ix":1},"s":{"a":1,"k":[{"i":{"x":[0.28,0.28,0.28],"y":[1,1,1]},"o":{"x":[0.72,0.72,0.72],"y":[0,0,0]},"t":25.859,"s":[60,60,100]},{"i":{"x":[0.2,0.2,0.2],"y":[1,1,1]},"o":{"x":[0.793,0.793,0.793],"y":[0,0,0]},"t":50.05,"s":[100,100,100]},{"i":{"x":[0.2,0.2,0.2],"y":[1,1,1]},"o":{"x":[0.8,0.8,0.8],"y":[0,0,0]},"t":72.572,"s":[75.88,75.88,100]},{"t":100.9345703125,"s":[556.88,556.88,100]}],"ix":6}},"ao":0,"w":1920,"h":1080,"ip":72.572265625,"op":255.255859375,"st":5.0048828125,"bm":0},{"ddd":0,"ind":12,"ty":0,"nm":" 2","refId":"comp_3","sr":1,"ks":{"o":{"a":0,"k":100,"ix":11},"r":{"a":0,"k":0,"ix":10},"p":{"a":1,"k":[{"i":{"x":0.006,"y":1},"o":{"x":0.193,"y":0},"t":72.572,"s":[960,540,0],"to":[0,26.667,0],"ti":[0,-26.667,0]},{"t":107.607421875,"s":[960,700,0]}],"ix":2},"a":{"a":0,"k":[960,540,0],"ix":1},"s":{"a":1,"k":[{"i":{"x":[0.28,0.28,0.28],"y":[1,1,1]},"o":{"x":[0.72,0.72,0.72],"y":[0,0,0]},"t":25.859,"s":[60,60,100]},{"i":{"x":[0.2,0.2,0.2],"y":[1,1,1]},"o":{"x":[0.793,0.793,0.793],"y":[0,0,0]},"t":50.05,"s":[100,100,100]},{"i":{"x":[0.2,0.2,0.2],"y":[1,1,1]},"o":{"x":[0.8,0.8,0.8],"y":[0,0,0]},"t":72.572,"s":[75.88,75.88,100]},{"t":100.9345703125,"s":[582.88,582.88,100]}],"ix":6}},"ao":0,"w":1920,"h":1080,"ip":72.572265625,"op":250.2509765625,"st":0,"bm":0},{"ddd":0,"ind":13,"ty":0,"nm":" 2","refId":"comp_3","sr":1,"ks":{"o":{"a":0,"k":100,"ix":11},"r":{"a":0,"k":180,"ix":10},"p":{"a":1,"k":[{"i":{"x":0.006,"y":1},"o":{"x":0.193,"y":0},"t":72.572,"s":[960,540,0],"to":[0,-26.667,0],"ti":[0,26.667,0]},{"t":107.607421875,"s":[960,380,0]}],"ix":2},"a":{"a":0,"k":[960,540,0],"ix":1},"s":{"a":1,"k":[{"i":{"x":[0.28,0.28,0.28],"y":[1,1,1]},"o":{"x":[0.72,0.72,0.72],"y":[0,0,0]},"t":25.859,"s":[60,60,100]},{"i":{"x":[0.28,0.28,0.28],"y":[1,1,1]},"o":{"x":[0.72,0.72,0.72],"y":[0,0,0]},"t":50.05,"s":[100,100,100]},{"t":77.5771484375,"s":[75.2,75.2,100]}],"ix":6}},"ao":0,"w":1920,"h":1080,"ip":5.0048828125,"op":255.255859375,"st":5.0048828125,"bm":0},{"ddd":0,"ind":14,"ty":0,"nm":" 2","refId":"comp_3","sr":1,"ks":{"o":{"a":0,"k":100,"ix":11},"r":{"a":0,"k":0,"ix":10},"p":{"a":1,"k":[{"i":{"x":0.006,"y":1},"o":{"x":0.193,"y":0},"t":72.572,"s":[960,540,0],"to":[0,26.667,0],"ti":[0,-26.667,0]},{"t":107.607421875,"s":[960,700,0]}],"ix":2},"a":{"a":0,"k":[960,540,0],"ix":1},"s":{"a":1,"k":[{"i":{"x":[0.28,0.28,0.28],"y":[1,1,1]},"o":{"x":[0.72,0.72,0.72],"y":[0,0,0]},"t":25.859,"s":[60,60,100]},{"i":{"x":[0.28,0.28,0.28],"y":[1,1,1]},"o":{"x":[0.72,0.72,0.72],"y":[0,0,0]},"t":50.05,"s":[100,100,100]},{"t":77.5771484375,"s":[75.2,75.2,100]}],"ix":6}},"ao":0,"w":1920,"h":1080,"ip":0,"op":250.2509765625,"st":0,"bm":0},{"ddd":0,"ind":15,"ty":0,"nm":" 1","refId":"comp_4","sr":1,"ks":{"o":{"a":0,"k":100,"ix":11},"r":{"a":0,"k":0,"ix":10},"p":{"a":0,"k":[960,540,0],"ix":2},"a":{"a":0,"k":[960,540,0],"ix":1},"s":{"a":1,"k":[{"i":{"x":[0.11,0.11,0.11],"y":[1,1,1]},"o":{"x":[0.167,0.167,0.167],"y":[0,0,0]},"t":25.859,"s":[-85,85,100]},{"i":{"x":[0.11,0.11,0.11],"y":[1,1,1]},"o":{"x":[0.89,0.89,0.89],"y":[0,0,0]},"t":58.392,"s":[-100,100,100]},{"t":96.763671875,"s":[0,0,100]}],"ix":6}},"ao":0,"w":1920,"h":1080,"ip":1.66796875,"op":251.9189453125,"st":1.66796875,"bm":0},{"ddd":0,"ind":16,"ty":0,"nm":" 1","refId":"comp_4","sr":1,"ks":{"o":{"a":0,"k":100,"ix":11},"r":{"a":0,"k":0,"ix":10},"p":{"a":0,"k":[960,540,0],"ix":2},"a":{"a":0,"k":[960,540,0],"ix":1},"s":{"a":1,"k":[{"i":{"x":[0.11,0.11,0.11],"y":[1,1,1]},"o":{"x":[0.167,0.167,0.167],"y":[0,0,0]},"t":25.859,"s":[85,85,100]},{"i":{"x":[0.11,0.11,0.11],"y":[1,1,1]},"o":{"x":[0.89,0.89,0.89],"y":[0,0,0]},"t":58.392,"s":[100,100,100]},{"t":96.763671875,"s":[0,0,100]}],"ix":6}},"ao":0,"w":1920,"h":1080,"ip":0,"op":250.2509765625,"st":0,"bm":0},{"ddd":0,"ind":17,"ty":4,"nm":"Shape Layer 8","parent":18,"sr":1,"ks":{"o":{"a":0,"k":100,"ix":11},"r":{"a":0,"k":0,"ix":10},"p":{"a":0,"k":[0,0,0],"ix":2},"a":{"a":0,"k":[0,0,0],"ix":1},"s":{"a":0,"k":[100,100,100],"ix":6}},"ao":0,"shapes":[{"ty":"gr","it":[{"d":1,"ty":"el","s":{"a":0,"k":[794.1,794.1],"ix":2},"p":{"a":0,"k":[0,0],"ix":3},"nm":"Ellipse Path 1","mn":"ADBE Vector Shape - Ellipse","hd":false},{"ty":"st","c":{"a":0,"k":[0,0.654901981354,0.878431379795,1],"ix":3},"o":{"a":0,"k":100,"ix":4},"w":{"a":1,"k":[{"i":{"x":[0.22],"y":[1]},"o":{"x":[0.78],"y":[0]},"t":45.045,"s":[2]},{"t":65.8994140625,"s":[0]}],"ix":5},"lc":1,"lj":1,"ml":4,"bm":0,"nm":"Stroke 1","mn":"ADBE Vector Graphic - Stroke","hd":false},{"ty":"tr","p":{"a":0,"k":[0,0],"ix":2},"a":{"a":0,"k":[0,0],"ix":1},"s":{"a":0,"k":[100,100],"ix":3},"r":{"a":0,"k":0,"ix":6},"o":{"a":0,"k":100,"ix":7},"sk":{"a":0,"k":0,"ix":4},"sa":{"a":0,"k":0,"ix":5},"nm":"变换"}],"nm":"Ellipse 1","np":2,"cix":2,"bm":0,"ix":1,"mn":"ADBE Vector Group","hd":false},{"ty":"tm","s":{"a":1,"k":[{"i":{"x":[0.34],"y":[1]},"o":{"x":[0.66],"y":[0]},"t":36.703,"s":[0]},{"t":70.904296875,"s":[50]}],"ix":1},"e":{"a":1,"k":[{"i":{"x":[0.32],"y":[1]},"o":{"x":[0.68],"y":[0]},"t":10.01,"s":[0]},{"t":35.03515625,"s":[50]}],"ix":2},"o":{"a":0,"k":0,"ix":3},"m":1,"ix":2,"nm":"Trim Paths 1","mn":"ADBE Vector Filter - Trim","hd":false}],"ip":10.009765625,"op":260.2607421875,"st":10.009765625,"bm":0},{"ddd":0,"ind":18,"ty":4,"nm":"Shape Layer 7","sr":1,"ks":{"o":{"a":0,"k":100,"ix":11},"r":{"a":1,"k":[{"i":{"x":[0.32],"y":[1]},"o":{"x":[0.68],"y":[0]},"t":6.673,"s":[0]},{"t":55.0556640625,"s":[346]}],"ix":10},"p":{"a":0,"k":[960,540,0],"ix":2},"a":{"a":0,"k":[0,0,0],"ix":1},"s":{"a":1,"k":[{"i":{"x":[0.28,0.28,0.28],"y":[1,1,1]},"o":{"x":[0.72,0.72,0.72],"y":[0,0,0]},"t":29.196,"s":[65,65,100]},{"t":62.5625,"s":[201,201,100]}],"ix":6}},"ao":0,"shapes":[{"ty":"gr","it":[{"d":1,"ty":"el","s":{"a":0,"k":[794.1,794.1],"ix":2},"p":{"a":0,"k":[0,0],"ix":3},"nm":"Ellipse Path 1","mn":"ADBE Vector Shape - Ellipse","hd":false},{"ty":"st","c":{"a":0,"k":[0,0.654901981354,0.878431379795,1],"ix":3},"o":{"a":0,"k":100,"ix":4},"w":{"a":1,"k":[{"i":{"x":[0.22],"y":[1]},"o":{"x":[0.78],"y":[0]},"t":41.708,"s":[2]},{"t":62.5625,"s":[0]}],"ix":5},"lc":1,"lj":1,"ml":4,"bm":0,"nm":"Stroke 1","mn":"ADBE Vector Graphic - Stroke","hd":false},{"ty":"tr","p":{"a":0,"k":[0,0],"ix":2},"a":{"a":0,"k":[0,0],"ix":1},"s":{"a":0,"k":[100,100],"ix":3},"r":{"a":0,"k":0,"ix":6},"o":{"a":0,"k":100,"ix":7},"sk":{"a":0,"k":0,"ix":4},"sa":{"a":0,"k":0,"ix":5},"nm":"变换"}],"nm":"Ellipse 1","np":2,"cix":2,"bm":0,"ix":1,"mn":"ADBE Vector Group","hd":false},{"ty":"tm","s":{"a":1,"k":[{"i":{"x":[0.34],"y":[1]},"o":{"x":[0.66],"y":[0]},"t":33.367,"s":[50]},{"t":67.5673828125,"s":[100]}],"ix":1},"e":{"a":1,"k":[{"i":{"x":[0.32],"y":[1]},"o":{"x":[0.68],"y":[0]},"t":6.673,"s":[50]},{"t":31.6982421875,"s":[100]}],"ix":2},"o":{"a":0,"k":0,"ix":3},"m":1,"ix":2,"nm":"Trim Paths 1","mn":"ADBE Vector Filter - Trim","hd":false}],"ip":6.6728515625,"op":256.923828125,"st":6.6728515625,"bm":0},{"ddd":0,"ind":19,"ty":4,"nm":"Shape Layer 6","parent":20,"sr":1,"ks":{"o":{"a":0,"k":100,"ix":11},"r":{"a":0,"k":0,"ix":10},"p":{"a":0,"k":[0,0,0],"ix":2},"a":{"a":0,"k":[0,0,0],"ix":1},"s":{"a":0,"k":[100,100,100],"ix":6}},"ao":0,"shapes":[{"ty":"gr","it":[{"d":1,"ty":"el","s":{"a":0,"k":[794.1,794.1],"ix":2},"p":{"a":0,"k":[0,0],"ix":3},"nm":"Ellipse Path 1","mn":"ADBE Vector Shape - Ellipse","hd":false},{"ty":"st","c":{"a":0,"k":[1,0.247058823705,0.101960785687,1],"ix":3},"o":{"a":0,"k":100,"ix":4},"w":{"a":1,"k":[{"i":{"x":[0.22],"y":[1]},"o":{"x":[0.78],"y":[0]},"t":41.708,"s":[2]},{"t":62.5625,"s":[0]}],"ix":5},"lc":1,"lj":1,"ml":4,"bm":0,"nm":"Stroke 1","mn":"ADBE Vector Graphic - Stroke","hd":false},{"ty":"tr","p":{"a":0,"k":[0,0],"ix":2},"a":{"a":0,"k":[0,0],"ix":1},"s":{"a":0,"k":[100,100],"ix":3},"r":{"a":0,"k":0,"ix":6},"o":{"a":0,"k":100,"ix":7},"sk":{"a":0,"k":0,"ix":4},"sa":{"a":0,"k":0,"ix":5},"nm":"变换"}],"nm":"Ellipse 1","np":2,"cix":2,"bm":0,"ix":1,"mn":"ADBE Vector Group","hd":false},{"ty":"tm","s":{"a":1,"k":[{"i":{"x":[0.34],"y":[1]},"o":{"x":[0.66],"y":[0]},"t":33.367,"s":[0]},{"t":67.5673828125,"s":[50]}],"ix":1},"e":{"a":1,"k":[{"i":{"x":[0.32],"y":[1]},"o":{"x":[0.68],"y":[0]},"t":6.673,"s":[0]},{"t":31.6982421875,"s":[50]}],"ix":2},"o":{"a":0,"k":0,"ix":3},"m":1,"ix":2,"nm":"Trim Paths 1","mn":"ADBE Vector Filter - Trim","hd":false}],"ip":6.6728515625,"op":256.923828125,"st":6.6728515625,"bm":0},{"ddd":0,"ind":20,"ty":4,"nm":"Shape Layer 5","sr":1,"ks":{"o":{"a":0,"k":100,"ix":11},"r":{"a":1,"k":[{"i":{"x":[0.32],"y":[1]},"o":{"x":[0.68],"y":[0]},"t":3.337,"s":[0]},{"t":51.71875,"s":[346]}],"ix":10},"p":{"a":0,"k":[960,540,0],"ix":2},"a":{"a":0,"k":[0,0,0],"ix":1},"s":{"a":1,"k":[{"i":{"x":[0.28,0.28,0.28],"y":[1,1,1]},"o":{"x":[0.72,0.72,0.72],"y":[0,0,0]},"t":25.859,"s":[85,85,100]},{"t":59.2255859375,"s":[201,201,100]}],"ix":6}},"ao":0,"shapes":[{"ty":"gr","it":[{"d":1,"ty":"el","s":{"a":0,"k":[794.1,794.1],"ix":2},"p":{"a":0,"k":[0,0],"ix":3},"nm":"Ellipse Path 1","mn":"ADBE Vector Shape - Ellipse","hd":false},{"ty":"st","c":{"a":0,"k":[1,0.247058823705,0.101960785687,1],"ix":3},"o":{"a":0,"k":100,"ix":4},"w":{"a":1,"k":[{"i":{"x":[0.22],"y":[1]},"o":{"x":[0.78],"y":[0]},"t":38.372,"s":[2]},{"t":59.2255859375,"s":[0]}],"ix":5},"lc":1,"lj":1,"ml":4,"bm":0,"nm":"Stroke 1","mn":"ADBE Vector Graphic - Stroke","hd":false},{"ty":"tr","p":{"a":0,"k":[0,0],"ix":2},"a":{"a":0,"k":[0,0],"ix":1},"s":{"a":0,"k":[100,100],"ix":3},"r":{"a":0,"k":0,"ix":6},"o":{"a":0,"k":100,"ix":7},"sk":{"a":0,"k":0,"ix":4},"sa":{"a":0,"k":0,"ix":5},"nm":"变换"}],"nm":"Ellipse 1","np":2,"cix":2,"bm":0,"ix":1,"mn":"ADBE Vector Group","hd":false},{"ty":"tm","s":{"a":1,"k":[{"i":{"x":[0.34],"y":[1]},"o":{"x":[0.66],"y":[0]},"t":30.03,"s":[50]},{"t":64.23046875,"s":[100]}],"ix":1},"e":{"a":1,"k":[{"i":{"x":[0.32],"y":[1]},"o":{"x":[0.68],"y":[0]},"t":3.337,"s":[50]},{"t":28.361328125,"s":[100]}],"ix":2},"o":{"a":0,"k":0,"ix":3},"m":1,"ix":2,"nm":"Trim Paths 1","mn":"ADBE Vector Filter - Trim","hd":false}],"ip":3.3369140625,"op":253.5869140625,"st":3.3369140625,"bm":0},{"ddd":0,"ind":21,"ty":4,"nm":"Shape Layer 4","parent":22,"sr":1,"ks":{"o":{"a":0,"k":100,"ix":11},"r":{"a":0,"k":0,"ix":10},"p":{"a":0,"k":[0,0,0],"ix":2},"a":{"a":0,"k":[0,0,0],"ix":1},"s":{"a":0,"k":[100,100,100],"ix":6}},"ao":0,"shapes":[{"ty":"gr","it":[{"d":1,"ty":"el","s":{"a":0,"k":[794.1,794.1],"ix":2},"p":{"a":0,"k":[0,0],"ix":3},"nm":"Ellipse Path 1","mn":"ADBE Vector Shape - Ellipse","hd":false},{"ty":"st","c":{"a":0,"k":[0,0.654901981354,0.878431379795,1],"ix":3},"o":{"a":0,"k":100,"ix":4},"w":{"a":1,"k":[{"i":{"x":[0.22],"y":[1]},"o":{"x":[0.78],"y":[0]},"t":38.372,"s":[2]},{"t":59.2255859375,"s":[0]}],"ix":5},"lc":1,"lj":1,"ml":4,"bm":0,"nm":"Stroke 1","mn":"ADBE Vector Graphic - Stroke","hd":false},{"ty":"tr","p":{"a":0,"k":[0,0],"ix":2},"a":{"a":0,"k":[0,0],"ix":1},"s":{"a":0,"k":[100,100],"ix":3},"r":{"a":0,"k":0,"ix":6},"o":{"a":0,"k":100,"ix":7},"sk":{"a":0,"k":0,"ix":4},"sa":{"a":0,"k":0,"ix":5},"nm":"变换"}],"nm":"Ellipse 1","np":2,"cix":2,"bm":0,"ix":1,"mn":"ADBE Vector Group","hd":false},{"ty":"tm","s":{"a":1,"k":[{"i":{"x":[0.34],"y":[1]},"o":{"x":[0.66],"y":[0]},"t":30.03,"s":[0]},{"t":64.23046875,"s":[50]}],"ix":1},"e":{"a":1,"k":[{"i":{"x":[0.32],"y":[1]},"o":{"x":[0.68],"y":[0]},"t":3.337,"s":[0]},{"t":28.361328125,"s":[50]}],"ix":2},"o":{"a":0,"k":0,"ix":3},"m":1,"ix":2,"nm":"Trim Paths 1","mn":"ADBE Vector Filter - Trim","hd":false}],"ip":3.3369140625,"op":253.5869140625,"st":3.3369140625,"bm":0},{"ddd":0,"ind":22,"ty":4,"nm":"Shape Layer 2","sr":1,"ks":{"o":{"a":0,"k":100,"ix":11},"r":{"a":1,"k":[{"i":{"x":[0.32],"y":[1]},"o":{"x":[0.68],"y":[0]},"t":0,"s":[0]},{"t":48.380859375,"s":[346]}],"ix":10},"p":{"a":0,"k":[960,540,0],"ix":2},"a":{"a":0,"k":[0,0,0],"ix":1},"s":{"a":1,"k":[{"i":{"x":[0.28,0.28,0.28],"y":[1,1,1]},"o":{"x":[0.72,0.72,0.72],"y":[0,0,0]},"t":22.523,"s":[100,100,100]},{"t":55.8896484375,"s":[201,201,100]}],"ix":6}},"ao":0,"shapes":[{"ty":"gr","it":[{"d":1,"ty":"el","s":{"a":0,"k":[794.1,794.1],"ix":2},"p":{"a":0,"k":[0,0],"ix":3},"nm":"Ellipse Path 1","mn":"ADBE Vector Shape - Ellipse","hd":false},{"ty":"st","c":{"a":0,"k":[0,0.654901981354,0.878431379795,1],"ix":3},"o":{"a":0,"k":100,"ix":4},"w":{"a":1,"k":[{"i":{"x":[0.22],"y":[1]},"o":{"x":[0.78],"y":[0]},"t":35.035,"s":[2]},{"t":55.8896484375,"s":[0]}],"ix":5},"lc":1,"lj":1,"ml":4,"bm":0,"nm":"Stroke 1","mn":"ADBE Vector Graphic - Stroke","hd":false},{"ty":"tr","p":{"a":0,"k":[0,0],"ix":2},"a":{"a":0,"k":[0,0],"ix":1},"s":{"a":0,"k":[100,100],"ix":3},"r":{"a":0,"k":0,"ix":6},"o":{"a":0,"k":100,"ix":7},"sk":{"a":0,"k":0,"ix":4},"sa":{"a":0,"k":0,"ix":5},"nm":"变换"}],"nm":"Ellipse 1","np":2,"cix":2,"bm":0,"ix":1,"mn":"ADBE Vector Group","hd":false},{"ty":"tm","s":{"a":1,"k":[{"i":{"x":[0.34],"y":[1]},"o":{"x":[0.66],"y":[0]},"t":26.694,"s":[50]},{"t":60.89453125,"s":[100]}],"ix":1},"e":{"a":1,"k":[{"i":{"x":[0.32],"y":[1]},"o":{"x":[0.68],"y":[0]},"t":0,"s":[50]},{"t":25.025390625,"s":[100]}],"ix":2},"o":{"a":0,"k":0,"ix":3},"m":1,"ix":2,"nm":"Trim Paths 1","mn":"ADBE Vector Filter - Trim","hd":false}],"ip":0,"op":250.2509765625,"st":0,"bm":0},{"ddd":0,"ind":23,"ty":3,"nm":"Null 5","sr":1,"ks":{"o":{"a":0,"k":0,"ix":11},"r":{"a":1,"k":[{"i":{"x":[0.32],"y":[1]},"o":{"x":[0.68],"y":[0]},"t":15.849,"s":[0]},{"t":52.552734375,"s":[255]}],"ix":10},"p":{"a":0,"k":[960,540,0],"ix":2},"a":{"a":0,"k":[0,0,0],"ix":1},"s":{"a":0,"k":[85,85,100],"ix":6}},"ao":0,"ip":15.8486328125,"op":266.099609375,"st":15.8486328125,"bm":0},{"ddd":0,"ind":24,"ty":4,"nm":"Shape Layer 10","parent":23,"sr":1,"ks":{"o":{"a":0,"k":100,"ix":11},"r":{"a":0,"k":180,"ix":10},"p":{"a":0,"k":[0,0,0],"ix":2},"a":{"a":0,"k":[0,0,0],"ix":1},"s":{"a":0,"k":[100,100,100],"ix":6}},"ao":0,"shapes":[{"ty":"gr","it":[{"d":1,"ty":"el","s":{"a":0,"k":[800,800],"ix":2},"p":{"a":0,"k":[0,0],"ix":3},"nm":"Ellipse Path 1","mn":"ADBE Vector Shape - Ellipse","hd":false},{"ty":"st","c":{"a":0,"k":[0,0.654901981354,0.878431379795,1],"ix":3},"o":{"a":0,"k":100,"ix":4},"w":{"a":0,"k":8,"ix":5},"lc":1,"lj":1,"ml":4,"bm":0,"nm":"Stroke 1","mn":"ADBE Vector Graphic - Stroke","hd":false},{"ty":"tr","p":{"a":0,"k":[0,0],"ix":2},"a":{"a":0,"k":[0,0],"ix":1},"s":{"a":0,"k":[100,100],"ix":3},"r":{"a":0,"k":0,"ix":6},"o":{"a":0,"k":100,"ix":7},"sk":{"a":0,"k":0,"ix":4},"sa":{"a":0,"k":0,"ix":5},"nm":"变换"}],"nm":"Ellipse 1","np":2,"cix":2,"bm":0,"ix":1,"mn":"ADBE Vector Group","hd":false},{"ty":"tm","s":{"a":1,"k":[{"i":{"x":[0.27],"y":[1]},"o":{"x":[0.73],"y":[0]},"t":34.201,"s":[0]},{"t":54.220703125,"s":[8]}],"ix":1},"e":{"a":1,"k":[{"i":{"x":[0.22],"y":[1]},"o":{"x":[0.78],"y":[0]},"t":15.849,"s":[0]},{"t":34.201171875,"s":[8]}],"ix":2},"o":{"a":0,"k":0,"ix":3},"m":1,"ix":2,"nm":"Trim Paths 1","mn":"ADBE Vector Filter - Trim","hd":false}],"ip":15.8486328125,"op":266.099609375,"st":15.8486328125,"bm":0},{"ddd":0,"ind":25,"ty":4,"nm":"Shape Layer 9","parent":23,"sr":1,"ks":{"o":{"a":0,"k":100,"ix":11},"r":{"a":0,"k":0,"ix":10},"p":{"a":0,"k":[0,0,0],"ix":2},"a":{"a":0,"k":[0,0,0],"ix":1},"s":{"a":0,"k":[100,100,100],"ix":6}},"ao":0,"shapes":[{"ty":"gr","it":[{"d":1,"ty":"el","s":{"a":0,"k":[800,800],"ix":2},"p":{"a":0,"k":[0,0],"ix":3},"nm":"Ellipse Path 1","mn":"ADBE Vector Shape - Ellipse","hd":false},{"ty":"st","c":{"a":0,"k":[0,0.654901981354,0.878431379795,1],"ix":3},"o":{"a":0,"k":100,"ix":4},"w":{"a":0,"k":8,"ix":5},"lc":1,"lj":1,"ml":4,"bm":0,"nm":"Stroke 1","mn":"ADBE Vector Graphic - Stroke","hd":false},{"ty":"tr","p":{"a":0,"k":[0,0],"ix":2},"a":{"a":0,"k":[0,0],"ix":1},"s":{"a":0,"k":[100,100],"ix":3},"r":{"a":0,"k":0,"ix":6},"o":{"a":0,"k":100,"ix":7},"sk":{"a":0,"k":0,"ix":4},"sa":{"a":0,"k":0,"ix":5},"nm":"变换"}],"nm":"Ellipse 1","np":2,"cix":2,"bm":0,"ix":1,"mn":"ADBE Vector Group","hd":false},{"ty":"tm","s":{"a":1,"k":[{"i":{"x":[0.27],"y":[1]},"o":{"x":[0.73],"y":[0]},"t":34.201,"s":[0]},{"t":54.220703125,"s":[8]}],"ix":1},"e":{"a":1,"k":[{"i":{"x":[0.22],"y":[1]},"o":{"x":[0.78],"y":[0]},"t":15.849,"s":[0]},{"t":34.201171875,"s":[8]}],"ix":2},"o":{"a":0,"k":0,"ix":3},"m":1,"ix":2,"nm":"Trim Paths 1","mn":"ADBE Vector Filter - Trim","hd":false}],"ip":15.8486328125,"op":266.099609375,"st":15.8486328125,"bm":0},{"ddd":0,"ind":26,"ty":3,"nm":"Null 5","sr":1,"ks":{"o":{"a":0,"k":0,"ix":11},"r":{"a":1,"k":[{"i":{"x":[0.32],"y":[1]},"o":{"x":[0.68],"y":[0]},"t":9.176,"s":[0]},{"t":45.87890625,"s":[255]}],"ix":10},"p":{"a":0,"k":[960,540,0],"ix":2},"a":{"a":0,"k":[0,0,0],"ix":1},"s":{"a":0,"k":[100,100,100],"ix":6}},"ao":0,"ip":9.17578125,"op":259.4267578125,"st":9.17578125,"bm":0},{"ddd":0,"ind":27,"ty":4,"nm":"Shape Layer 3","parent":26,"sr":1,"ks":{"o":{"a":0,"k":100,"ix":11},"r":{"a":0,"k":180,"ix":10},"p":{"a":0,"k":[0,0,0],"ix":2},"a":{"a":0,"k":[0,0,0],"ix":1},"s":{"a":0,"k":[100,100,100],"ix":6}},"ao":0,"shapes":[{"ty":"gr","it":[{"d":1,"ty":"el","s":{"a":0,"k":[800,800],"ix":2},"p":{"a":0,"k":[0,0],"ix":3},"nm":"Ellipse Path 1","mn":"ADBE Vector Shape - Ellipse","hd":false},{"ty":"st","c":{"a":0,"k":[1,0.247058823705,0.101960785687,1],"ix":3},"o":{"a":0,"k":100,"ix":4},"w":{"a":0,"k":8,"ix":5},"lc":1,"lj":1,"ml":4,"bm":0,"nm":"Stroke 1","mn":"ADBE Vector Graphic - Stroke","hd":false},{"ty":"tr","p":{"a":0,"k":[0,0],"ix":2},"a":{"a":0,"k":[0,0],"ix":1},"s":{"a":0,"k":[100,100],"ix":3},"r":{"a":0,"k":0,"ix":6},"o":{"a":0,"k":100,"ix":7},"sk":{"a":0,"k":0,"ix":4},"sa":{"a":0,"k":0,"ix":5},"nm":"变换"}],"nm":"Ellipse 1","np":2,"cix":2,"bm":0,"ix":1,"mn":"ADBE Vector Group","hd":false},{"ty":"tm","s":{"a":1,"k":[{"i":{"x":[0.27],"y":[1]},"o":{"x":[0.73],"y":[0]},"t":27.528,"s":[0]},{"t":47.546875,"s":[8]}],"ix":1},"e":{"a":1,"k":[{"i":{"x":[0.22],"y":[1]},"o":{"x":[0.78],"y":[0]},"t":9.176,"s":[0]},{"t":27.52734375,"s":[8]}],"ix":2},"o":{"a":0,"k":0,"ix":3},"m":1,"ix":2,"nm":"Trim Paths 1","mn":"ADBE Vector Filter - Trim","hd":false}],"ip":9.17578125,"op":259.4267578125,"st":9.17578125,"bm":0},{"ddd":0,"ind":28,"ty":4,"nm":"Shape Layer 1","parent":26,"sr":1,"ks":{"o":{"a":0,"k":100,"ix":11},"r":{"a":0,"k":0,"ix":10},"p":{"a":0,"k":[0,0,0],"ix":2},"a":{"a":0,"k":[0,0,0],"ix":1},"s":{"a":0,"k":[100,100,100],"ix":6}},"ao":0,"shapes":[{"ty":"gr","it":[{"d":1,"ty":"el","s":{"a":0,"k":[800,800],"ix":2},"p":{"a":0,"k":[0,0],"ix":3},"nm":"Ellipse Path 1","mn":"ADBE Vector Shape - Ellipse","hd":false},{"ty":"st","c":{"a":0,"k":[1,0.247058823705,0.101960785687,1],"ix":3},"o":{"a":0,"k":100,"ix":4},"w":{"a":0,"k":8,"ix":5},"lc":1,"lj":1,"ml":4,"bm":0,"nm":"Stroke 1","mn":"ADBE Vector Graphic - Stroke","hd":false},{"ty":"tr","p":{"a":0,"k":[0,0],"ix":2},"a":{"a":0,"k":[0,0],"ix":1},"s":{"a":0,"k":[100,100],"ix":3},"r":{"a":0,"k":0,"ix":6},"o":{"a":0,"k":100,"ix":7},"sk":{"a":0,"k":0,"ix":4},"sa":{"a":0,"k":0,"ix":5},"nm":"变换"}],"nm":"Ellipse 1","np":2,"cix":2,"bm":0,"ix":1,"mn":"ADBE Vector Group","hd":false},{"ty":"tm","s":{"a":1,"k":[{"i":{"x":[0.27],"y":[1]},"o":{"x":[0.73],"y":[0]},"t":27.528,"s":[0]},{"t":47.546875,"s":[8]}],"ix":1},"e":{"a":1,"k":[{"i":{"x":[0.22],"y":[1]},"o":{"x":[0.78],"y":[0]},"t":9.176,"s":[0]},{"t":27.52734375,"s":[8]}],"ix":2},"o":{"a":0,"k":0,"ix":3},"m":1,"ix":2,"nm":"Trim Paths 1","mn":"ADBE Vector Filter - Trim","hd":false}],"ip":9.17578125,"op":259.4267578125,"st":9.17578125,"bm":0},{"ddd":0,"ind":29,"ty":3,"nm":"Colors","sr":1,"ks":{"o":{"a":0,"k":100,"ix":11},"r":{"a":0,"k":0,"ix":10},"p":{"a":0,"k":[960,540,0],"ix":2},"a":{"a":0,"k":[960,540,0],"ix":1},"s":{"a":0,"k":[100,100,100],"ix":6}},"ao":0,"ip":0,"op":250.2509765625,"st":0,"bm":0}]},{"id":"comp_3","layers":[{"ddd":0,"ind":1,"ty":4,"nm":"Shape Layer 16","sr":1,"ks":{"o":{"a":0,"k":100,"ix":11},"r":{"a":1,"k":[{"i":{"x":[0.17],"y":[1]},"o":{"x":[0.83],"y":[0]},"t":37.537,"s":[90]},{"t":73.40625,"s":[180]}],"ix":10},"p":{"a":1,"k":[{"i":{"x":0.17,"y":1},"o":{"x":0.061,"y":0},"t":67.568,"s":[960,540,0],"to":[0,-81.333,0],"ti":[0,81.333,0]},{"t":90.0908203125,"s":[960,52,0]}],"ix":2},"a":{"a":0,"k":[0,0,0],"ix":1},"s":{"a":1,"k":[{"i":{"x":[0.27,0.27,0.27],"y":[1,1,1]},"o":{"x":[0.73,0.73,0.73],"y":[0,0,0]},"t":26.694,"s":[0,0,100]},{"t":45.87890625,"s":[112,112,100]}],"ix":6}},"ao":0,"shapes":[{"ty":"gr","it":[{"ty":"rc","d":1,"s":{"a":0,"k":[400,400],"ix":2},"p":{"a":0,"k":[0,0],"ix":3},"r":{"a":0,"k":0,"ix":4},"nm":"Rectangle Path 1","mn":"ADBE Vector Shape - Rect","hd":false},{"ty":"st","c":{"a":0,"k":[0,0.654901981354,0.878431379795,1],"ix":3},"o":{"a":0,"k":100,"ix":4},"w":{"a":0,"k":8,"ix":5},"lc":1,"lj":1,"ml":4,"bm":0,"nm":"Stroke 1","mn":"ADBE Vector Graphic - Stroke","hd":false},{"ty":"tr","p":{"a":0,"k":[0,0],"ix":2},"a":{"a":0,"k":[0,0],"ix":1},"s":{"a":0,"k":[100,100],"ix":3},"r":{"a":0,"k":45,"ix":6},"o":{"a":0,"k":100,"ix":7},"sk":{"a":0,"k":0,"ix":4},"sa":{"a":0,"k":0,"ix":5},"nm":"变换"}],"nm":"Rectangle 1","np":2,"cix":2,"bm":0,"ix":1,"mn":"ADBE Vector Group","hd":false},{"ty":"tm","s":{"a":0,"k":20,"ix":1},"e":{"a":0,"k":30,"ix":2},"o":{"a":0,"k":0,"ix":3},"m":1,"ix":2,"nm":"Trim Paths 1","mn":"ADBE Vector Filter - Trim","hd":false}],"ip":-5.0048828125,"op":245.2451171875,"st":-5.0048828125,"bm":0},{"ddd":0,"ind":2,"ty":4,"nm":"Shape Layer 15","parent":1,"sr":1,"ks":{"o":{"a":0,"k":100,"ix":11},"r":{"a":0,"k":0,"ix":10},"p":{"a":0,"k":[0,0,0],"ix":2},"a":{"a":0,"k":[0,0,0],"ix":1},"s":{"a":1,"k":[{"i":{"x":[0.27,0.27,0.27],"y":[1,1,1]},"o":{"x":[0.73,0.73,0.73],"y":[0,0,0]},"t":23.357,"s":[0,0,100]},{"t":42.5419921875,"s":[100,100,100]}],"ix":6}},"ao":0,"shapes":[{"ty":"gr","it":[{"ty":"rc","d":1,"s":{"a":0,"k":[400,400],"ix":2},"p":{"a":0,"k":[0,0],"ix":3},"r":{"a":0,"k":0,"ix":4},"nm":"Rectangle Path 1","mn":"ADBE Vector Shape - Rect","hd":false},{"ty":"st","c":{"a":0,"k":[0,0.654901981354,0.878431379795,1],"ix":3},"o":{"a":0,"k":100,"ix":4},"w":{"a":0,"k":5,"ix":5},"lc":1,"lj":1,"ml":4,"bm":0,"nm":"Stroke 1","mn":"ADBE Vector Graphic - Stroke","hd":false},{"ty":"tr","p":{"a":0,"k":[0,0],"ix":2},"a":{"a":0,"k":[0,0],"ix":1},"s":{"a":0,"k":[100,100],"ix":3},"r":{"a":0,"k":45,"ix":6},"o":{"a":0,"k":100,"ix":7},"sk":{"a":0,"k":0,"ix":4},"sa":{"a":0,"k":0,"ix":5},"nm":"变换"}],"nm":"Rectangle 1","np":2,"cix":2,"bm":0,"ix":1,"mn":"ADBE Vector Group","hd":false},{"ty":"tm","s":{"a":0,"k":20,"ix":1},"e":{"a":0,"k":30,"ix":2},"o":{"a":0,"k":0,"ix":3},"m":1,"ix":2,"nm":"Trim Paths 1","mn":"ADBE Vector Filter - Trim","hd":false}],"ip":-8.341796875,"op":241.908203125,"st":-8.341796875,"bm":0},{"ddd":0,"ind":3,"ty":4,"nm":"Shape Layer 14","parent":1,"sr":1,"ks":{"o":{"a":0,"k":100,"ix":11},"r":{"a":0,"k":0,"ix":10},"p":{"a":0,"k":[0,0,0],"ix":2},"a":{"a":0,"k":[0,0,0],"ix":1},"s":{"a":1,"k":[{"i":{"x":[0.27,0.27,0.27],"y":[1,1,1]},"o":{"x":[0.73,0.73,0.73],"y":[0,0,0]},"t":20.854,"s":[0,0,100]},{"t":40.0400390625,"s":[100,100,100]}],"ix":6}},"ao":0,"shapes":[{"ty":"gr","it":[{"ty":"rc","d":1,"s":{"a":0,"k":[400,400],"ix":2},"p":{"a":0,"k":[0,0],"ix":3},"r":{"a":0,"k":0,"ix":4},"nm":"Rectangle Path 1","mn":"ADBE Vector Shape - Rect","hd":false},{"ty":"st","c":{"a":0,"k":[0,0.654901981354,0.878431379795,1],"ix":3},"o":{"a":0,"k":100,"ix":4},"w":{"a":0,"k":4,"ix":5},"lc":1,"lj":1,"ml":4,"bm":0,"nm":"Stroke 1","mn":"ADBE Vector Graphic - Stroke","hd":false},{"ty":"tr","p":{"a":0,"k":[0,0],"ix":2},"a":{"a":0,"k":[0,0],"ix":1},"s":{"a":0,"k":[100,100],"ix":3},"r":{"a":0,"k":45,"ix":6},"o":{"a":0,"k":100,"ix":7},"sk":{"a":0,"k":0,"ix":4},"sa":{"a":0,"k":0,"ix":5},"nm":"变换"}],"nm":"Rectangle 1","np":2,"cix":2,"bm":0,"ix":1,"mn":"ADBE Vector Group","hd":false},{"ty":"tm","s":{"a":0,"k":20,"ix":1},"e":{"a":0,"k":30,"ix":2},"o":{"a":0,"k":0,"ix":3},"m":1,"ix":2,"nm":"Trim Paths 1","mn":"ADBE Vector Filter - Trim","hd":false}],"ip":-10.84375,"op":239.40625,"st":-10.84375,"bm":0},{"ddd":0,"ind":4,"ty":4,"nm":"Shape Layer 13","parent":1,"sr":1,"ks":{"o":{"a":0,"k":100,"ix":11},"r":{"a":0,"k":0,"ix":10},"p":{"a":0,"k":[0,0,0],"ix":2},"a":{"a":0,"k":[0,0,0],"ix":1},"s":{"a":1,"k":[{"i":{"x":[0.27,0.27,0.27],"y":[1,1,1]},"o":{"x":[0.73,0.73,0.73],"y":[0,0,0]},"t":19.186,"s":[0,0,100]},{"t":38.37109375,"s":[100,100,100]}],"ix":6}},"ao":0,"shapes":[{"ty":"gr","it":[{"ty":"rc","d":1,"s":{"a":0,"k":[400,400],"ix":2},"p":{"a":0,"k":[0,0],"ix":3},"r":{"a":0,"k":0,"ix":4},"nm":"Rectangle Path 1","mn":"ADBE Vector Shape - Rect","hd":false},{"ty":"st","c":{"a":0,"k":[0,0.654901981354,0.878431379795,1],"ix":3},"o":{"a":0,"k":100,"ix":4},"w":{"a":0,"k":2,"ix":5},"lc":1,"lj":1,"ml":4,"bm":0,"nm":"Stroke 1","mn":"ADBE Vector Graphic - Stroke","hd":false},{"ty":"tr","p":{"a":0,"k":[0,0],"ix":2},"a":{"a":0,"k":[0,0],"ix":1},"s":{"a":0,"k":[100,100],"ix":3},"r":{"a":0,"k":45,"ix":6},"o":{"a":0,"k":100,"ix":7},"sk":{"a":0,"k":0,"ix":4},"sa":{"a":0,"k":0,"ix":5},"nm":"变换"}],"nm":"Rectangle 1","np":2,"cix":2,"bm":0,"ix":1,"mn":"ADBE Vector Group","hd":false},{"ty":"tm","s":{"a":0,"k":20,"ix":1},"e":{"a":0,"k":30,"ix":2},"o":{"a":0,"k":0,"ix":3},"m":1,"ix":2,"nm":"Trim Paths 1","mn":"ADBE Vector Filter - Trim","hd":false}],"ip":-12.51171875,"op":237.7373046875,"st":-12.51171875,"bm":0},{"ddd":0,"ind":5,"ty":4,"nm":"Shape Layer 12","sr":1,"ks":{"o":{"a":0,"k":100,"ix":11},"r":{"a":0,"k":0,"ix":10},"p":{"a":0,"k":[960,540,0],"ix":2},"a":{"a":0,"k":[0,0,0],"ix":1},"s":{"a":0,"k":[100,100,100],"ix":6}},"ao":0,"shapes":[{"ty":"gr","it":[{"ty":"rc","d":1,"s":{"a":0,"k":[356,356],"ix":2},"p":{"a":0,"k":[0,0],"ix":3},"r":{"a":0,"k":0,"ix":4},"nm":"Rectangle Path 1","mn":"ADBE Vector Shape - Rect","hd":false},{"ty":"st","c":{"a":0,"k":[1,0.247058823705,0.101960785687,1],"ix":3},"o":{"a":0,"k":100,"ix":4},"w":{"a":1,"k":[{"i":{"x":[0.667],"y":[1]},"o":{"x":[0.333],"y":[0]},"t":76.743,"s":[2]},{"t":102.6025390625,"s":[0]}],"ix":5},"lc":1,"lj":1,"ml":4,"bm":0,"nm":"Stroke 1","mn":"ADBE Vector Graphic - Stroke","hd":false},{"ty":"tr","p":{"a":0,"k":[0,0],"ix":2},"a":{"a":0,"k":[0,0],"ix":1},"s":{"a":0,"k":[100,100],"ix":3},"r":{"a":0,"k":45,"ix":6},"o":{"a":0,"k":100,"ix":7},"sk":{"a":0,"k":0,"ix":4},"sa":{"a":0,"k":0,"ix":5},"nm":"变换"}],"nm":"Rectangle 1","np":2,"cix":2,"bm":0,"ix":1,"mn":"ADBE Vector Group","hd":false},{"ty":"tm","s":{"a":1,"k":[{"i":{"x":[0.27],"y":[1]},"o":{"x":[0.73],"y":[0]},"t":25.025,"s":[50]},{"t":50.05078125,"s":[0]}],"ix":1},"e":{"a":0,"k":50,"ix":2},"o":{"a":0,"k":0,"ix":3},"m":1,"ix":2,"nm":"Trim Paths 1","mn":"ADBE Vector Filter - Trim","hd":false}],"ip":0,"op":250.2509765625,"st":0,"bm":0},{"ddd":0,"ind":6,"ty":4,"nm":"Shape Layer 11","sr":1,"ks":{"o":{"a":0,"k":100,"ix":11},"r":{"a":0,"k":0,"ix":10},"p":{"a":0,"k":[960,540,0],"ix":2},"a":{"a":0,"k":[0,0,0],"ix":1},"s":{"a":0,"k":[100,100,100],"ix":6}},"ao":0,"shapes":[{"ty":"gr","it":[{"ty":"rc","d":1,"s":{"a":0,"k":[400,400],"ix":2},"p":{"a":0,"k":[0,0],"ix":3},"r":{"a":0,"k":0,"ix":4},"nm":"Rectangle Path 1","mn":"ADBE Vector Shape - Rect","hd":false},{"ty":"st","c":{"a":0,"k":[0,0.654901981354,0.878431379795,1],"ix":3},"o":{"a":0,"k":100,"ix":4},"w":{"a":1,"k":[{"i":{"x":[0.667],"y":[1]},"o":{"x":[0.333],"y":[0]},"t":76.743,"s":[2]},{"t":102.6025390625,"s":[0]}],"ix":5},"lc":1,"lj":1,"ml":4,"bm":0,"nm":"Stroke 1","mn":"ADBE Vector Graphic - Stroke","hd":false},{"ty":"tr","p":{"a":0,"k":[0,0],"ix":2},"a":{"a":0,"k":[0,0],"ix":1},"s":{"a":0,"k":[100,100],"ix":3},"r":{"a":0,"k":45,"ix":6},"o":{"a":0,"k":100,"ix":7},"sk":{"a":0,"k":0,"ix":4},"sa":{"a":0,"k":0,"ix":5},"nm":"变换"}],"nm":"Rectangle 1","np":2,"cix":2,"bm":0,"ix":1,"mn":"ADBE Vector Group","hd":false},{"ty":"tm","s":{"a":0,"k":0,"ix":1},"e":{"a":1,"k":[{"i":{"x":[0.27],"y":[1]},"o":{"x":[0.73],"y":[0]},"t":25.025,"s":[0]},{"t":50.05078125,"s":[50]}],"ix":2},"o":{"a":0,"k":0,"ix":3},"m":1,"ix":2,"nm":"Trim Paths 1","mn":"ADBE Vector Filter - Trim","hd":false}],"ip":0,"op":250.2509765625,"st":0,"bm":0}]},{"id":"comp_4","layers":[{"ddd":0,"ind":1,"ty":4,"nm":"Shape Layer 13","sr":1,"ks":{"o":{"a":0,"k":100,"ix":11},"r":{"a":1,"k":[{"i":{"x":[0.24],"y":[1]},"o":{"x":[0.76],"y":[0]},"t":25.025,"s":[-242]},{"t":50.05078125,"s":[45]}],"ix":10},"p":{"a":1,"k":[{"i":{"x":0.24,"y":1},"o":{"x":0.76,"y":0},"t":25.025,"s":[960,540,0],"to":[-100,0,0],"ti":[100,0,0]},{"t":50.05078125,"s":[360,540,0]}],"ix":2},"a":{"a":0,"k":[0,0,0],"ix":1},"s":{"a":1,"k":[{"i":{"x":[0.24,0.24,0.24],"y":[1,1,1]},"o":{"x":[0.76,0.76,0.76],"y":[0,0,0]},"t":25.025,"s":[7,7,100]},{"t":50.05078125,"s":[61,61,100]}],"ix":6}},"ao":0,"shapes":[{"ty":"gr","it":[{"ty":"rc","d":1,"s":{"a":0,"k":[30,30],"ix":2},"p":{"a":0,"k":[0,0],"ix":3},"r":{"a":0,"k":0,"ix":4},"nm":"Rectangle Path 1","mn":"ADBE Vector Shape - Rect","hd":false},{"ty":"st","c":{"a":0,"k":[1,0.247058823705,0.101960785687,1],"ix":3},"o":{"a":0,"k":100,"ix":4},"w":{"a":0,"k":0,"ix":5},"lc":1,"lj":1,"ml":4,"bm":0,"nm":"Stroke 1","mn":"ADBE Vector Graphic - Stroke","hd":false},{"ty":"fl","c":{"a":0,"k":[1,0.247058823705,0.101960785687,1],"ix":4},"o":{"a":0,"k":100,"ix":5},"r":1,"bm":0,"nm":"Fill 1","mn":"ADBE Vector Graphic - Fill","hd":false},{"ty":"tr","p":{"a":0,"k":[0,0],"ix":2},"a":{"a":0,"k":[0,0],"ix":1},"s":{"a":0,"k":[100,100],"ix":3},"r":{"a":0,"k":0,"ix":6},"o":{"a":0,"k":100,"ix":7},"sk":{"a":0,"k":0,"ix":4},"sa":{"a":0,"k":0,"ix":5},"nm":"变换"}],"nm":"Rectangle 1","np":3,"cix":2,"bm":0,"ix":1,"mn":"ADBE Vector Group","hd":false}],"ip":0,"op":250.2509765625,"st":0,"bm":0},{"ddd":0,"ind":2,"ty":4,"nm":"Shape Layer 12","sr":1,"ks":{"o":{"a":0,"k":100,"ix":11},"r":{"a":1,"k":[{"i":{"x":[0.24],"y":[1]},"o":{"x":[0.76],"y":[0]},"t":26.694,"s":[-242]},{"t":51.71875,"s":[45]}],"ix":10},"p":{"a":1,"k":[{"i":{"x":0.24,"y":1},"o":{"x":0.76,"y":0},"t":26.694,"s":[960,540,0],"to":[-66.667,0,0],"ti":[66.667,0,0]},{"t":51.71875,"s":[560,540,0]}],"ix":2},"a":{"a":0,"k":[0,0,0],"ix":1},"s":{"a":1,"k":[{"i":{"x":[0.24,0.24,0.24],"y":[1,1,1]},"o":{"x":[0.76,0.76,0.76],"y":[0,0,0]},"t":26.694,"s":[7,7,100]},{"t":50.05078125,"s":[51,51,100]}],"ix":6}},"ao":0,"shapes":[{"ty":"gr","it":[{"ty":"rc","d":1,"s":{"a":0,"k":[30,30],"ix":2},"p":{"a":0,"k":[0,0],"ix":3},"r":{"a":0,"k":0,"ix":4},"nm":"Rectangle Path 1","mn":"ADBE Vector Shape - Rect","hd":false},{"ty":"st","c":{"a":0,"k":[0,0.654901981354,0.878431379795,1],"ix":3},"o":{"a":0,"k":100,"ix":4},"w":{"a":0,"k":0,"ix":5},"lc":1,"lj":1,"ml":4,"bm":0,"nm":"Stroke 1","mn":"ADBE Vector Graphic - Stroke","hd":false},{"ty":"fl","c":{"a":0,"k":[0,0.654901981354,0.878431379795,1],"ix":4},"o":{"a":0,"k":100,"ix":5},"r":1,"bm":0,"nm":"Fill 1","mn":"ADBE Vector Graphic - Fill","hd":false},{"ty":"tr","p":{"a":0,"k":[0,0],"ix":2},"a":{"a":0,"k":[0,0],"ix":1},"s":{"a":0,"k":[100,100],"ix":3},"r":{"a":0,"k":0,"ix":6},"o":{"a":0,"k":100,"ix":7},"sk":{"a":0,"k":0,"ix":4},"sa":{"a":0,"k":0,"ix":5},"nm":"变换"}],"nm":"Rectangle 1","np":3,"cix":2,"bm":0,"ix":1,"mn":"ADBE Vector Group","hd":false}],"ip":1.66796875,"op":251.9189453125,"st":1.66796875,"bm":0},{"ddd":0,"ind":3,"ty":4,"nm":"Shape Layer 11","sr":1,"ks":{"o":{"a":0,"k":100,"ix":11},"r":{"a":1,"k":[{"i":{"x":[0.24],"y":[1]},"o":{"x":[0.76],"y":[0]},"t":29.196,"s":[-242]},{"t":54.220703125,"s":[45]}],"ix":10},"p":{"a":1,"k":[{"i":{"x":0.24,"y":1},"o":{"x":0.76,"y":0},"t":29.196,"s":[960,540,0],"to":[-33.333,0,0],"ti":[33.333,0,0]},{"t":54.220703125,"s":[760,540,0]}],"ix":2},"a":{"a":0,"k":[0,0,0],"ix":1},"s":{"a":1,"k":[{"i":{"x":[0.24,0.24,0.24],"y":[1,1,1]},"o":{"x":[0.76,0.76,0.76],"y":[0,0,0]},"t":29.196,"s":[7,7,100]},{"t":50.05078125,"s":[41,41,100]}],"ix":6}},"ao":0,"shapes":[{"ty":"gr","it":[{"ty":"rc","d":1,"s":{"a":0,"k":[30,30],"ix":2},"p":{"a":0,"k":[0,0],"ix":3},"r":{"a":0,"k":0,"ix":4},"nm":"Rectangle Path 1","mn":"ADBE Vector Shape - Rect","hd":false},{"ty":"st","c":{"a":0,"k":[1,0.247058823705,0.101960785687,1],"ix":3},"o":{"a":0,"k":100,"ix":4},"w":{"a":0,"k":0,"ix":5},"lc":1,"lj":1,"ml":4,"bm":0,"nm":"Stroke 1","mn":"ADBE Vector Graphic - Stroke","hd":false},{"ty":"fl","c":{"a":0,"k":[1,0.247058823705,0.101960785687,1],"ix":4},"o":{"a":0,"k":100,"ix":5},"r":1,"bm":0,"nm":"Fill 1","mn":"ADBE Vector Graphic - Fill","hd":false},{"ty":"tr","p":{"a":0,"k":[0,0],"ix":2},"a":{"a":0,"k":[0,0],"ix":1},"s":{"a":0,"k":[100,100],"ix":3},"r":{"a":0,"k":0,"ix":6},"o":{"a":0,"k":100,"ix":7},"sk":{"a":0,"k":0,"ix":4},"sa":{"a":0,"k":0,"ix":5},"nm":"变换"}],"nm":"Rectangle 1","np":3,"cix":2,"bm":0,"ix":1,"mn":"ADBE Vector Group","hd":false}],"ip":4.1708984375,"op":254.421875,"st":4.1708984375,"bm":0}]},{"id":"comp_5","layers":[{"ddd":0,"ind":1,"ty":2,"nm":"动_00000.jpg","cl":"jpg","refId":"image_6","sr":1,"ks":{"o":{"a":0,"k":100,"ix":11},"r":{"a":0,"k":0,"ix":10},"p":{"a":0,"k":[300,205.5,0],"ix":2},"a":{"a":0,"k":[300,205.5,0],"ix":1},"s":{"a":0,"k":[100,100,100],"ix":6}},"ao":0,"ip":0,"op":2.5,"st":0,"bm":0},{"ddd":0,"ind":2,"ty":2,"nm":"动_00001.jpg","cl":"jpg","refId":"image_7","sr":1,"ks":{"o":{"a":0,"k":100,"ix":11},"r":{"a":0,"k":0,"ix":10},"p":{"a":0,"k":[300,205.5,0],"ix":2},"a":{"a":0,"k":[300,205.5,0],"ix":1},"s":{"a":0,"k":[100,100,100],"ix":6}},"ao":0,"ip":2.5,"op":5,"st":2.5,"bm":0},{"ddd":0,"ind":3,"ty":2,"nm":"动_00002.jpg","cl":"jpg","refId":"image_8","sr":1,"ks":{"o":{"a":0,"k":100,"ix":11},"r":{"a":0,"k":0,"ix":10},"p":{"a":0,"k":[300,205.5,0],"ix":2},"a":{"a":0,"k":[300,205.5,0],"ix":1},"s":{"a":0,"k":[100,100,100],"ix":6}},"ao":0,"ip":5,"op":7.5,"st":5,"bm":0},{"ddd":0,"ind":4,"ty":2,"nm":"动_00003.jpg","cl":"jpg","refId":"image_9","sr":1,"ks":{"o":{"a":0,"k":100,"ix":11},"r":{"a":0,"k":0,"ix":10},"p":{"a":0,"k":[300,205.5,0],"ix":2},"a":{"a":0,"k":[300,205.5,0],"ix":1},"s":{"a":0,"k":[100,100,100],"ix":6}},"ao":0,"ip":7.5,"op":10,"st":7.5,"bm":0},{"ddd":0,"ind":5,"ty":2,"nm":"动_00004.jpg","cl":"jpg","refId":"image_10","sr":1,"ks":{"o":{"a":0,"k":100,"ix":11},"r":{"a":0,"k":0,"ix":10},"p":{"a":0,"k":[300,205.5,0],"ix":2},"a":{"a":0,"k":[300,205.5,0],"ix":1},"s":{"a":0,"k":[100,100,100],"ix":6}},"ao":0,"ip":10,"op":12.5,"st":10,"bm":0},{"ddd":0,"ind":6,"ty":2,"nm":"动_00005.jpg","cl":"jpg","refId":"image_11","sr":1,"ks":{"o":{"a":0,"k":100,"ix":11},"r":{"a":0,"k":0,"ix":10},"p":{"a":0,"k":[300,205.5,0],"ix":2},"a":{"a":0,"k":[300,205.5,0],"ix":1},"s":{"a":0,"k":[100,100,100],"ix":6}},"ao":0,"ip":12.5,"op":15,"st":12.5,"bm":0},{"ddd":0,"ind":7,"ty":2,"nm":"动_00006.jpg","cl":"jpg","refId":"image_12","sr":1,"ks":{"o":{"a":0,"k":100,"ix":11},"r":{"a":0,"k":0,"ix":10},"p":{"a":0,"k":[300,205.5,0],"ix":2},"a":{"a":0,"k":[300,205.5,0],"ix":1},"s":{"a":0,"k":[100,100,100],"ix":6}},"ao":0,"ip":15,"op":17.5,"st":15,"bm":0},{"ddd":0,"ind":8,"ty":2,"nm":"动_00007.jpg","cl":"jpg","refId":"image_13","sr":1,"ks":{"o":{"a":0,"k":100,"ix":11},"r":{"a":0,"k":0,"ix":10},"p":{"a":0,"k":[300,205.5,0],"ix":2},"a":{"a":0,"k":[300,205.5,0],"ix":1},"s":{"a":0,"k":[100,100,100],"ix":6}},"ao":0,"ip":17.5,"op":20,"st":17.5,"bm":0},{"ddd":0,"ind":9,"ty":2,"nm":"动_00008.jpg","cl":"jpg","refId":"image_14","sr":1,"ks":{"o":{"a":0,"k":100,"ix":11},"r":{"a":0,"k":0,"ix":10},"p":{"a":0,"k":[300,205.5,0],"ix":2},"a":{"a":0,"k":[300,205.5,0],"ix":1},"s":{"a":0,"k":[100,100,100],"ix":6}},"ao":0,"ip":20,"op":22.5,"st":20,"bm":0},{"ddd":0,"ind":10,"ty":2,"nm":"动_00009.jpg","cl":"jpg","refId":"image_15","sr":1,"ks":{"o":{"a":0,"k":100,"ix":11},"r":{"a":0,"k":0,"ix":10},"p":{"a":0,"k":[300,205.5,0],"ix":2},"a":{"a":0,"k":[300,205.5,0],"ix":1},"s":{"a":0,"k":[100,100,100],"ix":6}},"ao":0,"ip":22.5,"op":25,"st":22.5,"bm":0},{"ddd":0,"ind":11,"ty":2,"nm":"动_00010.jpg","cl":"jpg","refId":"image_16","sr":1,"ks":{"o":{"a":0,"k":100,"ix":11},"r":{"a":0,"k":0,"ix":10},"p":{"a":0,"k":[300,205.5,0],"ix":2},"a":{"a":0,"k":[300,205.5,0],"ix":1},"s":{"a":0,"k":[100,100,100],"ix":6}},"ao":0,"ip":25,"op":27.5,"st":25,"bm":0},{"ddd":0,"ind":12,"ty":2,"nm":"动_00011.jpg","cl":"jpg","refId":"image_17","sr":1,"ks":{"o":{"a":0,"k":100,"ix":11},"r":{"a":0,"k":0,"ix":10},"p":{"a":0,"k":[300,205.5,0],"ix":2},"a":{"a":0,"k":[300,205.5,0],"ix":1},"s":{"a":0,"k":[100,100,100],"ix":6}},"ao":0,"ip":27.5,"op":30,"st":27.5,"bm":0},{"ddd":0,"ind":13,"ty":2,"nm":"动_00012.jpg","cl":"jpg","refId":"image_18","sr":1,"ks":{"o":{"a":0,"k":100,"ix":11},"r":{"a":0,"k":0,"ix":10},"p":{"a":0,"k":[300,205.5,0],"ix":2},"a":{"a":0,"k":[300,205.5,0],"ix":1},"s":{"a":0,"k":[100,100,100],"ix":6}},"ao":0,"ip":30,"op":32.5,"st":30,"bm":0},{"ddd":0,"ind":14,"ty":2,"nm":"动_00013.jpg","cl":"jpg","refId":"image_19","sr":1,"ks":{"o":{"a":0,"k":100,"ix":11},"r":{"a":0,"k":0,"ix":10},"p":{"a":0,"k":[300,205.5,0],"ix":2},"a":{"a":0,"k":[300,205.5,0],"ix":1},"s":{"a":0,"k":[100,100,100],"ix":6}},"ao":0,"ip":32.5,"op":35,"st":32.5,"bm":0},{"ddd":0,"ind":15,"ty":2,"nm":"动_00014.jpg","cl":"jpg","refId":"image_20","sr":1,"ks":{"o":{"a":0,"k":100,"ix":11},"r":{"a":0,"k":0,"ix":10},"p":{"a":0,"k":[300,205.5,0],"ix":2},"a":{"a":0,"k":[300,205.5,0],"ix":1},"s":{"a":0,"k":[100,100,100],"ix":6}},"ao":0,"ip":35,"op":37.5,"st":35,"bm":0},{"ddd":0,"ind":16,"ty":2,"nm":"动_00015.jpg","cl":"jpg","refId":"image_21","sr":1,"ks":{"o":{"a":0,"k":100,"ix":11},"r":{"a":0,"k":0,"ix":10},"p":{"a":0,"k":[300,205.5,0],"ix":2},"a":{"a":0,"k":[300,205.5,0],"ix":1},"s":{"a":0,"k":[100,100,100],"ix":6}},"ao":0,"ip":37.5,"op":40,"st":37.5,"bm":0},{"ddd":0,"ind":17,"ty":2,"nm":"动_00016.jpg","cl":"jpg","refId":"image_22","sr":1,"ks":{"o":{"a":0,"k":100,"ix":11},"r":{"a":0,"k":0,"ix":10},"p":{"a":0,"k":[300,205.5,0],"ix":2},"a":{"a":0,"k":[300,205.5,0],"ix":1},"s":{"a":0,"k":[100,100,100],"ix":6}},"ao":0,"ip":40,"op":42.5,"st":40,"bm":0},{"ddd":0,"ind":18,"ty":2,"nm":"动_00017.jpg","cl":"jpg","refId":"image_23","sr":1,"ks":{"o":{"a":0,"k":100,"ix":11},"r":{"a":0,"k":0,"ix":10},"p":{"a":0,"k":[300,205.5,0],"ix":2},"a":{"a":0,"k":[300,205.5,0],"ix":1},"s":{"a":0,"k":[100,100,100],"ix":6}},"ao":0,"ip":42.5,"op":45,"st":42.5,"bm":0},{"ddd":0,"ind":19,"ty":2,"nm":"动_00018.jpg","cl":"jpg","refId":"image_24","sr":1,"ks":{"o":{"a":0,"k":100,"ix":11},"r":{"a":0,"k":0,"ix":10},"p":{"a":0,"k":[300,205.5,0],"ix":2},"a":{"a":0,"k":[300,205.5,0],"ix":1},"s":{"a":0,"k":[100,100,100],"ix":6}},"ao":0,"ip":45,"op":47.5,"st":45,"bm":0},{"ddd":0,"ind":20,"ty":2,"nm":"动_00019.jpg","cl":"jpg","refId":"image_25","sr":1,"ks":{"o":{"a":0,"k":100,"ix":11},"r":{"a":0,"k":0,"ix":10},"p":{"a":0,"k":[300,205.5,0],"ix":2},"a":{"a":0,"k":[300,205.5,0],"ix":1},"s":{"a":0,"k":[100,100,100],"ix":6}},"ao":0,"ip":47.5,"op":50,"st":47.5,"bm":0},{"ddd":0,"ind":21,"ty":2,"nm":"动_00024.jpg","cl":"jpg","refId":"image_26","sr":1,"ks":{"o":{"a":0,"k":100,"ix":11},"r":{"a":0,"k":0,"ix":10},"p":{"a":0,"k":[300,205.5,0],"ix":2},"a":{"a":0,"k":[300,205.5,0],"ix":1},"s":{"a":0,"k":[100,100,100],"ix":6}},"ao":0,"ip":50,"op":52.5,"st":50,"bm":0},{"ddd":0,"ind":22,"ty":2,"nm":"动_00025.jpg","cl":"jpg","refId":"image_27","sr":1,"ks":{"o":{"a":0,"k":100,"ix":11},"r":{"a":0,"k":0,"ix":10},"p":{"a":0,"k":[300,205.5,0],"ix":2},"a":{"a":0,"k":[300,205.5,0],"ix":1},"s":{"a":0,"k":[100,100,100],"ix":6}},"ao":0,"ip":52.5,"op":55,"st":52.5,"bm":0},{"ddd":0,"ind":23,"ty":2,"nm":"动_00026.jpg","cl":"jpg","refId":"image_28","sr":1,"ks":{"o":{"a":0,"k":100,"ix":11},"r":{"a":0,"k":0,"ix":10},"p":{"a":0,"k":[300,205.5,0],"ix":2},"a":{"a":0,"k":[300,205.5,0],"ix":1},"s":{"a":0,"k":[100,100,100],"ix":6}},"ao":0,"ip":55,"op":57.5,"st":55,"bm":0},{"ddd":0,"ind":24,"ty":2,"nm":"动_00027.jpg","cl":"jpg","refId":"image_29","sr":1,"ks":{"o":{"a":0,"k":100,"ix":11},"r":{"a":0,"k":0,"ix":10},"p":{"a":0,"k":[300,205.5,0],"ix":2},"a":{"a":0,"k":[300,205.5,0],"ix":1},"s":{"a":0,"k":[100,100,100],"ix":6}},"ao":0,"ip":57.5,"op":60,"st":57.5,"bm":0},{"ddd":0,"ind":25,"ty":2,"nm":"动_00028.jpg","cl":"jpg","refId":"image_30","sr":1,"ks":{"o":{"a":0,"k":100,"ix":11},"r":{"a":0,"k":0,"ix":10},"p":{"a":0,"k":[300,205.5,0],"ix":2},"a":{"a":0,"k":[300,205.5,0],"ix":1},"s":{"a":0,"k":[100,100,100],"ix":6}},"ao":0,"ip":60,"op":62.5,"st":60,"bm":0},{"ddd":0,"ind":26,"ty":2,"nm":"动_00029.jpg","cl":"jpg","refId":"image_31","sr":1,"ks":{"o":{"a":0,"k":100,"ix":11},"r":{"a":0,"k":0,"ix":10},"p":{"a":0,"k":[300,205.5,0],"ix":2},"a":{"a":0,"k":[300,205.5,0],"ix":1},"s":{"a":0,"k":[100,100,100],"ix":6}},"ao":0,"ip":62.5,"op":65,"st":62.5,"bm":0},{"ddd":0,"ind":27,"ty":2,"nm":"动_000030.jpg","cl":"jpg","refId":"image_32","sr":1,"ks":{"o":{"a":0,"k":100,"ix":11},"r":{"a":0,"k":0,"ix":10},"p":{"a":0,"k":[300,205.5,0],"ix":2},"a":{"a":0,"k":[300,205.5,0],"ix":1},"s":{"a":0,"k":[100,100,100],"ix":6}},"ao":0,"ip":65,"op":67.5,"st":65,"bm":0},{"ddd":0,"ind":28,"ty":2,"nm":"动_000031.jpg","cl":"jpg","refId":"image_33","sr":1,"ks":{"o":{"a":0,"k":100,"ix":11},"r":{"a":0,"k":0,"ix":10},"p":{"a":0,"k":[300,205.5,0],"ix":2},"a":{"a":0,"k":[300,205.5,0],"ix":1},"s":{"a":0,"k":[100,100,100],"ix":6}},"ao":0,"ip":67.5,"op":70,"st":67.5,"bm":0},{"ddd":0,"ind":29,"ty":2,"nm":"动_000032.jpg","cl":"jpg","refId":"image_34","sr":1,"ks":{"o":{"a":0,"k":100,"ix":11},"r":{"a":0,"k":0,"ix":10},"p":{"a":0,"k":[300,205.5,0],"ix":2},"a":{"a":0,"k":[300,205.5,0],"ix":1},"s":{"a":0,"k":[100,100,100],"ix":6}},"ao":0,"ip":70,"op":72.5,"st":70,"bm":0},{"ddd":0,"ind":30,"ty":2,"nm":"动_000033.jpg","cl":"jpg","refId":"image_35","sr":1,"ks":{"o":{"a":0,"k":100,"ix":11},"r":{"a":0,"k":0,"ix":10},"p":{"a":0,"k":[300,205.5,0],"ix":2},"a":{"a":0,"k":[300,205.5,0],"ix":1},"s":{"a":0,"k":[100,100,100],"ix":6}},"ao":0,"ip":72.5,"op":75,"st":72.5,"bm":0},{"ddd":0,"ind":31,"ty":2,"nm":"动_000034.jpg","cl":"jpg","refId":"image_36","sr":1,"ks":{"o":{"a":0,"k":100,"ix":11},"r":{"a":0,"k":0,"ix":10},"p":{"a":0,"k":[300,205.5,0],"ix":2},"a":{"a":0,"k":[300,205.5,0],"ix":1},"s":{"a":0,"k":[100,100,100],"ix":6}},"ao":0,"ip":75,"op":77.5,"st":75,"bm":0},{"ddd":0,"ind":32,"ty":2,"nm":"动_00035.jpg","cl":"jpg","refId":"image_37","sr":1,"ks":{"o":{"a":0,"k":100,"ix":11},"r":{"a":0,"k":0,"ix":10},"p":{"a":0,"k":[300,205.5,0],"ix":2},"a":{"a":0,"k":[300,205.5,0],"ix":1},"s":{"a":0,"k":[100,100,100],"ix":6}},"ao":0,"ip":77.5,"op":80,"st":77.5,"bm":0},{"ddd":0,"ind":33,"ty":2,"nm":"动_000036.jpg","cl":"jpg","refId":"image_38","sr":1,"ks":{"o":{"a":0,"k":100,"ix":11},"r":{"a":0,"k":0,"ix":10},"p":{"a":0,"k":[300,205.5,0],"ix":2},"a":{"a":0,"k":[300,205.5,0],"ix":1},"s":{"a":0,"k":[100,100,100],"ix":6}},"ao":0,"ip":80,"op":82.5,"st":80,"bm":0},{"ddd":0,"ind":34,"ty":2,"nm":"动_000037.jpg","cl":"jpg","refId":"image_39","sr":1,"ks":{"o":{"a":0,"k":100,"ix":11},"r":{"a":0,"k":0,"ix":10},"p":{"a":0,"k":[300,205.5,0],"ix":2},"a":{"a":0,"k":[300,205.5,0],"ix":1},"s":{"a":0,"k":[100,100,100],"ix":6}},"ao":0,"ip":82.5,"op":85,"st":82.5,"bm":0},{"ddd":0,"ind":35,"ty":2,"nm":"动_000038.jpg","cl":"jpg","refId":"image_40","sr":1,"ks":{"o":{"a":0,"k":100,"ix":11},"r":{"a":0,"k":0,"ix":10},"p":{"a":0,"k":[300,205.5,0],"ix":2},"a":{"a":0,"k":[300,205.5,0],"ix":1},"s":{"a":0,"k":[100,100,100],"ix":6}},"ao":0,"ip":85,"op":87.5,"st":85,"bm":0},{"ddd":0,"ind":36,"ty":2,"nm":"动_000039.jpg","cl":"jpg","refId":"image_41","sr":1,"ks":{"o":{"a":0,"k":100,"ix":11},"r":{"a":0,"k":0,"ix":10},"p":{"a":0,"k":[300,205.5,0],"ix":2},"a":{"a":0,"k":[300,205.5,0],"ix":1},"s":{"a":0,"k":[100,100,100],"ix":6}},"ao":0,"ip":87.5,"op":90,"st":87.5,"bm":0},{"ddd":0,"ind":37,"ty":2,"nm":"动_000040.jpg","cl":"jpg","refId":"image_42","sr":1,"ks":{"o":{"a":0,"k":100,"ix":11},"r":{"a":0,"k":0,"ix":10},"p":{"a":0,"k":[300,205.5,0],"ix":2},"a":{"a":0,"k":[300,205.5,0],"ix":1},"s":{"a":0,"k":[100,100,100],"ix":6}},"ao":0,"ip":90,"op":92.5,"st":90,"bm":0},{"ddd":0,"ind":38,"ty":2,"nm":"动_000041.jpg","cl":"jpg","refId":"image_43","sr":1,"ks":{"o":{"a":0,"k":100,"ix":11},"r":{"a":0,"k":0,"ix":10},"p":{"a":0,"k":[300,205.5,0],"ix":2},"a":{"a":0,"k":[300,205.5,0],"ix":1},"s":{"a":0,"k":[100,100,100],"ix":6}},"ao":0,"ip":92.5,"op":95,"st":92.5,"bm":0},{"ddd":0,"ind":39,"ty":2,"nm":"动_000042.jpg","cl":"jpg","refId":"image_44","sr":1,"ks":{"o":{"a":0,"k":100,"ix":11},"r":{"a":0,"k":0,"ix":10},"p":{"a":0,"k":[300,205.5,0],"ix":2},"a":{"a":0,"k":[300,205.5,0],"ix":1},"s":{"a":0,"k":[100,100,100],"ix":6}},"ao":0,"ip":95,"op":97.5,"st":95,"bm":0},{"ddd":0,"ind":40,"ty":2,"nm":"动_000043.jpg","cl":"jpg","refId":"image_45","sr":1,"ks":{"o":{"a":0,"k":100,"ix":11},"r":{"a":0,"k":0,"ix":10},"p":{"a":0,"k":[300,205.5,0],"ix":2},"a":{"a":0,"k":[300,205.5,0],"ix":1},"s":{"a":0,"k":[100,100,100],"ix":6}},"ao":0,"ip":97.5,"op":100,"st":97.5,"bm":0},{"ddd":0,"ind":41,"ty":2,"nm":"动_000044.jpg","cl":"jpg","refId":"image_46","sr":1,"ks":{"o":{"a":0,"k":100,"ix":11},"r":{"a":0,"k":0,"ix":10},"p":{"a":0,"k":[300,205.5,0],"ix":2},"a":{"a":0,"k":[300,205.5,0],"ix":1},"s":{"a":0,"k":[100,100,100],"ix":6}},"ao":0,"ip":100,"op":102,"st":100,"bm":0},{"ddd":0,"ind":42,"ty":2,"nm":"动_00000.jpg 2","cl":"jpg","refId":"image_6","sr":1,"ks":{"o":{"a":0,"k":100,"ix":11},"r":{"a":0,"k":0,"ix":10},"p":{"a":0,"k":[300,205.5,0],"ix":2},"a":{"a":0,"k":[300,205.5,0],"ix":1},"s":{"a":0,"k":[100,100,100],"ix":6}},"ao":0,"ip":102,"op":104.5,"st":102,"bm":0},{"ddd":0,"ind":43,"ty":2,"nm":"动_00001.jpg 2","cl":"jpg","refId":"image_7","sr":1,"ks":{"o":{"a":0,"k":100,"ix":11},"r":{"a":0,"k":0,"ix":10},"p":{"a":0,"k":[300,205.5,0],"ix":2},"a":{"a":0,"k":[300,205.5,0],"ix":1},"s":{"a":0,"k":[100,100,100],"ix":6}},"ao":0,"ip":104.5,"op":107,"st":104.5,"bm":0},{"ddd":0,"ind":44,"ty":2,"nm":"动_00002.jpg 2","cl":"jpg","refId":"image_8","sr":1,"ks":{"o":{"a":0,"k":100,"ix":11},"r":{"a":0,"k":0,"ix":10},"p":{"a":0,"k":[300,205.5,0],"ix":2},"a":{"a":0,"k":[300,205.5,0],"ix":1},"s":{"a":0,"k":[100,100,100],"ix":6}},"ao":0,"ip":107,"op":109.5,"st":107,"bm":0},{"ddd":0,"ind":45,"ty":2,"nm":"动_00003.jpg 2","cl":"jpg","refId":"image_9","sr":1,"ks":{"o":{"a":0,"k":100,"ix":11},"r":{"a":0,"k":0,"ix":10},"p":{"a":0,"k":[300,205.5,0],"ix":2},"a":{"a":0,"k":[300,205.5,0],"ix":1},"s":{"a":0,"k":[100,100,100],"ix":6}},"ao":0,"ip":109.5,"op":112,"st":109.5,"bm":0},{"ddd":0,"ind":46,"ty":2,"nm":"动_00004.jpg 2","cl":"jpg","refId":"image_10","sr":1,"ks":{"o":{"a":0,"k":100,"ix":11},"r":{"a":0,"k":0,"ix":10},"p":{"a":0,"k":[300,205.5,0],"ix":2},"a":{"a":0,"k":[300,205.5,0],"ix":1},"s":{"a":0,"k":[100,100,100],"ix":6}},"ao":0,"ip":112,"op":114.5,"st":112,"bm":0},{"ddd":0,"ind":47,"ty":2,"nm":"动_00005.jpg 2","cl":"jpg","refId":"image_11","sr":1,"ks":{"o":{"a":0,"k":100,"ix":11},"r":{"a":0,"k":0,"ix":10},"p":{"a":0,"k":[300,205.5,0],"ix":2},"a":{"a":0,"k":[300,205.5,0],"ix":1},"s":{"a":0,"k":[100,100,100],"ix":6}},"ao":0,"ip":114.5,"op":117,"st":114.5,"bm":0},{"ddd":0,"ind":48,"ty":2,"nm":"动_00006.jpg 2","cl":"jpg","refId":"image_12","sr":1,"ks":{"o":{"a":0,"k":100,"ix":11},"r":{"a":0,"k":0,"ix":10},"p":{"a":0,"k":[300,205.5,0],"ix":2},"a":{"a":0,"k":[300,205.5,0],"ix":1},"s":{"a":0,"k":[100,100,100],"ix":6}},"ao":0,"ip":117,"op":119.5,"st":117,"bm":0},{"ddd":0,"ind":49,"ty":2,"nm":"动_00007.jpg 2","cl":"jpg","refId":"image_13","sr":1,"ks":{"o":{"a":0,"k":100,"ix":11},"r":{"a":0,"k":0,"ix":10},"p":{"a":0,"k":[300,205.5,0],"ix":2},"a":{"a":0,"k":[300,205.5,0],"ix":1},"s":{"a":0,"k":[100,100,100],"ix":6}},"ao":0,"ip":119.5,"op":122,"st":119.5,"bm":0},{"ddd":0,"ind":50,"ty":2,"nm":"动_00008.jpg 2","cl":"jpg","refId":"image_14","sr":1,"ks":{"o":{"a":0,"k":100,"ix":11},"r":{"a":0,"k":0,"ix":10},"p":{"a":0,"k":[300,205.5,0],"ix":2},"a":{"a":0,"k":[300,205.5,0],"ix":1},"s":{"a":0,"k":[100,100,100],"ix":6}},"ao":0,"ip":122,"op":124.5,"st":122,"bm":0},{"ddd":0,"ind":51,"ty":2,"nm":"动_00009.jpg 2","cl":"jpg","refId":"image_15","sr":1,"ks":{"o":{"a":0,"k":100,"ix":11},"r":{"a":0,"k":0,"ix":10},"p":{"a":0,"k":[300,205.5,0],"ix":2},"a":{"a":0,"k":[300,205.5,0],"ix":1},"s":{"a":0,"k":[100,100,100],"ix":6}},"ao":0,"ip":124.5,"op":127,"st":124.5,"bm":0},{"ddd":0,"ind":52,"ty":2,"nm":"动_00010.jpg 2","cl":"jpg","refId":"image_16","sr":1,"ks":{"o":{"a":0,"k":100,"ix":11},"r":{"a":0,"k":0,"ix":10},"p":{"a":0,"k":[300,205.5,0],"ix":2},"a":{"a":0,"k":[300,205.5,0],"ix":1},"s":{"a":0,"k":[100,100,100],"ix":6}},"ao":0,"ip":127,"op":129.5,"st":127,"bm":0},{"ddd":0,"ind":53,"ty":2,"nm":"动_00011.jpg 2","cl":"jpg","refId":"image_17","sr":1,"ks":{"o":{"a":0,"k":100,"ix":11},"r":{"a":0,"k":0,"ix":10},"p":{"a":0,"k":[300,205.5,0],"ix":2},"a":{"a":0,"k":[300,205.5,0],"ix":1},"s":{"a":0,"k":[100,100,100],"ix":6}},"ao":0,"ip":129.5,"op":132,"st":129.5,"bm":0},{"ddd":0,"ind":54,"ty":2,"nm":"动_00013.jpg 2","cl":"jpg","refId":"image_19","sr":1,"ks":{"o":{"a":0,"k":100,"ix":11},"r":{"a":0,"k":0,"ix":10},"p":{"a":0,"k":[300,205.5,0],"ix":2},"a":{"a":0,"k":[300,205.5,0],"ix":1},"s":{"a":0,"k":[100,100,100],"ix":6}},"ao":0,"ip":134.5,"op":137,"st":134.5,"bm":0},{"ddd":0,"ind":55,"ty":2,"nm":"动_00014.jpg 2","cl":"jpg","refId":"image_20","sr":1,"ks":{"o":{"a":0,"k":100,"ix":11},"r":{"a":0,"k":0,"ix":10},"p":{"a":0,"k":[300,205.5,0],"ix":2},"a":{"a":0,"k":[300,205.5,0],"ix":1},"s":{"a":0,"k":[100,100,100],"ix":6}},"ao":0,"ip":137,"op":139.5,"st":137,"bm":0},{"ddd":0,"ind":56,"ty":2,"nm":"动_00012.jpg 2","cl":"jpg","refId":"image_18","sr":1,"ks":{"o":{"a":0,"k":100,"ix":11},"r":{"a":0,"k":0,"ix":10},"p":{"a":0,"k":[300,205.5,0],"ix":2},"a":{"a":0,"k":[300,205.5,0],"ix":1},"s":{"a":0,"k":[100,100,100],"ix":6}},"ao":0,"ip":132,"op":134.5,"st":132,"bm":0},{"ddd":0,"ind":57,"ty":2,"nm":"动_00015.jpg 2","cl":"jpg","refId":"image_21","sr":1,"ks":{"o":{"a":0,"k":100,"ix":11},"r":{"a":0,"k":0,"ix":10},"p":{"a":0,"k":[300,205.5,0],"ix":2},"a":{"a":0,"k":[300,205.5,0],"ix":1},"s":{"a":0,"k":[100,100,100],"ix":6}},"ao":0,"ip":139.5,"op":142,"st":139.5,"bm":0},{"ddd":0,"ind":58,"ty":2,"nm":"动_00016.jpg 2","cl":"jpg","refId":"image_22","sr":1,"ks":{"o":{"a":0,"k":100,"ix":11},"r":{"a":0,"k":0,"ix":10},"p":{"a":0,"k":[300,205.5,0],"ix":2},"a":{"a":0,"k":[300,205.5,0],"ix":1},"s":{"a":0,"k":[100,100,100],"ix":6}},"ao":0,"ip":142,"op":144.5,"st":142,"bm":0},{"ddd":0,"ind":59,"ty":2,"nm":"动_00017.jpg 2","cl":"jpg","refId":"image_23","sr":1,"ks":{"o":{"a":0,"k":100,"ix":11},"r":{"a":0,"k":0,"ix":10},"p":{"a":0,"k":[300,205.5,0],"ix":2},"a":{"a":0,"k":[300,205.5,0],"ix":1},"s":{"a":0,"k":[100,100,100],"ix":6}},"ao":0,"ip":144.5,"op":150,"st":144.5,"bm":0}]}],"layers":[{"ddd":0,"ind":1,"ty":2,"nm":"m (1).png","cl":"png","refId":"image_0","sr":1,"ks":{"o":{"a":0,"k":100,"ix":11},"r":{"a":0,"k":0,"ix":10},"p":{"a":0,"k":[544,756,0],"ix":2},"a":{"a":0,"k":[400,50,0],"ix":1},"s":{"a":0,"k":[150,150,100],"ix":6}},"ao":0,"ip":0,"op":149,"st":0,"bm":0},{"ddd":0,"ind":2,"ty":2,"nm":"m.png","cl":"png","refId":"image_1","sr":1,"ks":{"o":{"a":0,"k":100,"ix":11},"r":{"a":0,"k":0,"ix":10},"p":{"a":0,"k":[542,356,0],"ix":2},"a":{"a":0,"k":[400,50,0],"ix":1},"s":{"a":0,"k":[100,100,100],"ix":6}},"ao":0,"ip":0,"op":149,"st":0,"bm":0},{"ddd":0,"ind":3,"ty":0,"nm":"QQ909125644","refId":"comp_0","sr":1,"ks":{"o":{"a":0,"k":100,"ix":11},"r":{"a":0,"k":0,"ix":10},"p":{"a":0,"k":[540,1170,0],"ix":2},"a":{"a":0,"k":[540,1170,0],"ix":1},"s":{"a":0,"k":[100,100,100],"ix":6}},"ao":0,"w":1080,"h":2340,"ip":0,"op":149,"st":0,"bm":0},{"ddd":0,"ind":4,"ty":0,"nm":"头像","refId":"comp_2","sr":1,"ks":{"o":{"a":0,"k":100,"ix":11},"r":{"a":0,"k":0,"ix":10},"p":{"a":0,"k":[540,1505,0],"ix":2},"a":{"a":0,"k":[960,540,0],"ix":1},"s":{"a":0,"k":[18,18,100],"ix":6}},"ao":0,"w":1920,"h":1080,"ip":0,"op":4166.25,"st":0,"bm":0},{"ddd":0,"ind":5,"ty":0,"nm":"动_00000","refId":"comp_5","sr":1,"ks":{"o":{"a":0,"k":100,"ix":11},"r":{"a":0,"k":0,"ix":10},"p":{"a":0,"k":[540,1920,0],"ix":2},"a":{"a":0,"k":[300,205.5,0],"ix":1},"s":{"a":0,"k":[181,181,100],"ix":6}},"ao":0,"w":600,"h":411,"ip":0,"op":149,"st":0,"bm":0},{"ddd":0,"ind":6,"ty":1,"nm":"空 2","sr":1,"ks":{"o":{"a":0,"k":0,"ix":11},"r":{"a":0,"k":0,"ix":10},"p":{"a":0,"k":[540,1170,0],"ix":2},"a":{"a":0,"k":[50,50,0],"ix":1},"s":{"a":0,"k":[100,100,100],"ix":6}},"ao":0,"sw":100,"sh":100,"sc":"#ffffff","ip":0,"op":325,"st":0,"bm":0},{"ddd":0,"ind":7,"ty":2,"nm":"框.png","cl":"png","refId":"image_47","sr":1,"ks":{"o":{"a":1,"k":[{"i":{"x":[0.833],"y":[0.833]},"o":{"x":[0.167],"y":[0.167]},"t":0,"s":[100]},{"i":{"x":[0.833],"y":[0.833]},"o":{"x":[0.167],"y":[0.167]},"t":25,"s":[0]},{"i":{"x":[0.833],"y":[0.833]},"o":{"x":[0.167],"y":[0.167]},"t":50,"s":[100]},{"i":{"x":[0.833],"y":[0.833]},"o":{"x":[0.167],"y":[0.167]},"t":75,"s":[0]},{"i":{"x":[0.833],"y":[0.833]},"o":{"x":[0.167],"y":[0.167]},"t":100,"s":[100]},{"i":{"x":[0.833],"y":[0.833]},"o":{"x":[0.167],"y":[0.167]},"t":114,"s":[0]},{"t":125,"s":[100]}],"ix":11},"r":{"a":0,"k":0,"ix":10},"p":{"a":0,"k":[540,1170,0],"ix":2},"a":{"a":0,"k":[540,1170,0],"ix":1},"s":{"a":0,"k":[100,100,100],"ix":6}},"ao":0,"ip":0,"op":149,"st":0,"bm":0},{"ddd":0,"ind":8,"ty":2,"nm":"底图S2.png","cl":"png","refId":"image_48","sr":1,"ks":{"o":{"a":0,"k":100,"ix":11},"r":{"a":0,"k":0,"ix":10},"p":{"a":0,"k":[540,1170,0],"ix":2},"a":{"a":0,"k":[540,1170,0],"ix":1},"s":{"a":0,"k":[100,100,100],"ix":6}},"ao":0,"ip":0,"op":149,"st":0,"bm":0}],"markers":[]}