{"v":"5.6.6","fr":11,"ip":0,"op":106.6,"w":425,"h":756,"nm":"QQ799288255_00000","ddd":0,"assets":[{"id":"image_0","w":425,"h":756,"u":"images/","p":"img_0.png","e":0},{"id":"image_1","w":425,"h":756,"u":"images/","p":"img_1.png","e":0},{"id":"image_2","w":425,"h":756,"u":"images/","p":"img_2.png","e":0},{"id":"image_3","w":425,"h":756,"u":"images/","p":"img_3.png","e":0},{"id":"image_4","w":425,"h":756,"u":"images/","p":"img_4.png","e":0},{"id":"image_5","w":425,"h":756,"u":"images/","p":"img_5.png","e":0},{"id":"image_6","w":425,"h":756,"u":"images/","p":"img_6.png","e":0},{"id":"image_7","w":425,"h":756,"u":"images/","p":"img_7.png","e":0},{"id":"image_8","w":425,"h":756,"u":"images/","p":"img_8.png","e":0},{"id":"image_9","w":425,"h":756,"u":"images/","p":"img_9.png","e":0},{"id":"image_10","w":425,"h":756,"u":"images/","p":"img_10.png","e":0},{"id":"image_11","w":425,"h":756,"u":"images/","p":"img_11.png","e":0},{"id":"image_12","w":425,"h":756,"u":"images/","p":"img_12.png","e":0},{"id":"image_13","w":425,"h":756,"u":"images/","p":"img_13.png","e":0},{"id":"image_14","w":425,"h":756,"u":"images/","p":"img_14.png","e":0},{"id":"image_15","w":425,"h":756,"u":"images/","p":"img_15.png","e":0},{"id":"image_16","w":425,"h":756,"u":"images/","p":"img_16.png","e":0},{"id":"image_17","w":425,"h":756,"u":"images/","p":"img_17.png","e":0},{"id":"image_18","w":425,"h":756,"u":"images/","p":"img_18.png","e":0},{"id":"image_19","w":425,"h":756,"u":"images/","p":"img_19.png","e":0},{"id":"image_20","w":425,"h":756,"u":"images/","p":"img_20.png","e":0},{"id":"image_21","w":425,"h":756,"u":"images/","p":"img_21.png","e":0},{"id":"image_22","w":425,"h":756,"u":"images/","p":"img_22.png","e":0},{"id":"image_23","w":425,"h":756,"u":"images/","p":"img_23.png","e":0},{"id":"image_24","w":425,"h":756,"u":"images/","p":"img_24.png","e":0},{"id":"image_25","w":425,"h":756,"u":"images/","p":"img_25.png","e":0},{"id":"image_26","w":425,"h":756,"u":"images/","p":"img_26.png","e":0},{"id":"image_27","w":425,"h":756,"u":"images/","p":"img_27.png","e":0},{"id":"image_28","w":425,"h":756,"u":"images/","p":"img_28.png","e":0},{"id":"image_29","w":425,"h":756,"u":"images/","p":"img_29.png","e":0},{"id":"image_30","w":425,"h":756,"u":"images/","p":"img_30.png","e":0},{"id":"image_31","w":425,"h":756,"u":"images/","p":"img_31.png","e":0},{"id":"image_32","w":425,"h":756,"u":"images/","p":"img_32.png","e":0},{"id":"image_33","w":425,"h":756,"u":"images/","p":"img_33.png","e":0},{"id":"image_34","w":425,"h":756,"u":"images/","p":"img_34.png","e":0},{"id":"image_35","w":425,"h":756,"u":"images/","p":"img_35.png","e":0},{"id":"image_36","w":425,"h":756,"u":"images/","p":"img_36.png","e":0},{"id":"image_37","w":425,"h":756,"u":"images/","p":"img_37.png","e":0},{"id":"image_38","w":425,"h":756,"u":"images/","p":"img_38.png","e":0},{"id":"image_39","w":425,"h":756,"u":"images/","p":"img_39.png","e":0},{"id":"image_40","w":425,"h":756,"u":"images/","p":"img_40.png","e":0},{"id":"image_41","w":425,"h":756,"u":"images/","p":"img_41.png","e":0},{"id":"image_42","w":425,"h":756,"u":"images/","p":"img_42.png","e":0},{"id":"image_43","w":425,"h":756,"u":"images/","p":"img_43.png","e":0},{"id":"image_44","w":425,"h":756,"u":"images/","p":"img_44.png","e":0},{"id":"image_45","w":425,"h":756,"u":"images/","p":"img_45.png","e":0},{"id":"image_46","w":425,"h":756,"u":"images/","p":"img_46.png","e":0},{"id":"image_47","w":425,"h":756,"u":"images/","p":"img_47.png","e":0},{"id":"image_48","w":425,"h":756,"u":"images/","p":"img_48.png","e":0},{"id":"image_49","w":425,"h":756,"u":"images/","p":"img_49.png","e":0},{"id":"image_50","w":425,"h":756,"u":"images/","p":"img_50.png","e":0},{"id":"image_51","w":425,"h":756,"u":"images/","p":"img_51.png","e":0},{"id":"image_52","w":425,"h":756,"u":"images/","p":"img_52.png","e":0},{"id":"image_53","w":425,"h":756,"u":"images/","p":"img_53.png","e":0},{"id":"image_54","w":425,"h":756,"u":"images/","p":"img_54.png","e":0},{"id":"image_55","w":425,"h":756,"u":"images/","p":"img_55.png","e":0},{"id":"image_56","w":425,"h":756,"u":"images/","p":"img_56.png","e":0},{"id":"image_57","w":425,"h":756,"u":"images/","p":"img_57.png","e":0},{"id":"image_58","w":425,"h":756,"u":"images/","p":"img_58.png","e":0},{"id":"image_59","w":425,"h":756,"u":"images/","p":"img_59.png","e":0},{"id":"image_60","w":425,"h":756,"u":"images/","p":"img_60.png","e":0},{"id":"image_61","w":425,"h":756,"u":"images/","p":"img_61.png","e":0},{"id":"image_62","w":425,"h":756,"u":"images/","p":"img_62.png","e":0},{"id":"image_63","w":425,"h":756,"u":"images/","p":"img_63.png","e":0},{"id":"image_64","w":425,"h":756,"u":"images/","p":"img_64.png","e":0},{"id":"image_65","w":425,"h":756,"u":"images/","p":"img_65.png","e":0},{"id":"image_66","w":425,"h":756,"u":"images/","p":"img_66.png","e":0},{"id":"image_67","w":425,"h":756,"u":"images/","p":"img_67.png","e":0},{"id":"image_68","w":425,"h":756,"u":"images/","p":"img_68.png","e":0},{"id":"image_69","w":425,"h":756,"u":"images/","p":"img_69.png","e":0},{"id":"image_70","w":425,"h":756,"u":"images/","p":"img_70.png","e":0},{"id":"image_71","w":425,"h":756,"u":"images/","p":"img_71.png","e":0},{"id":"image_72","w":425,"h":756,"u":"images/","p":"img_72.png","e":0},{"id":"image_73","w":425,"h":756,"u":"images/","p":"img_73.png","e":0},{"id":"image_74","w":425,"h":756,"u":"images/","p":"img_74.png","e":0},{"id":"image_75","w":425,"h":756,"u":"images/","p":"img_75.png","e":0},{"id":"image_76","w":425,"h":756,"u":"images/","p":"img_76.png","e":0},{"id":"image_77","w":425,"h":756,"u":"images/","p":"img_77.png","e":0},{"id":"image_78","w":425,"h":756,"u":"images/","p":"img_78.png","e":0},{"id":"image_79","w":425,"h":756,"u":"images/","p":"img_79.png","e":0},{"id":"image_80","w":425,"h":756,"u":"images/","p":"img_80.png","e":0},{"id":"image_81","w":425,"h":756,"u":"images/","p":"img_81.png","e":0}],"layers":[{"ddd":0,"ind":1,"ty":2,"nm":"QQ799288255_00000.png","cl":"png","refId":"image_0","sr":1,"ks":{"o":{"a":0,"k":100,"ix":11},"r":{"a":0,"k":0,"ix":10},"p":{"a":0,"k":[135,240,0],"ix":2},"a":{"a":0,"k":[135,240,0],"ix":1},"s":{"a":0,"k":[100,100,100],"ix":6}},"ao":0,"ip":0,"op":1.3,"st":0,"bm":0},{"ddd":0,"ind":2,"ty":2,"nm":"QQ799288255_00001.png","cl":"png","refId":"image_1","sr":1,"ks":{"o":{"a":0,"k":100,"ix":11},"r":{"a":0,"k":0,"ix":10},"p":{"a":0,"k":[135,240,0],"ix":2},"a":{"a":0,"k":[135,240,0],"ix":1},"s":{"a":0,"k":[100,100,100],"ix":6}},"ao":0,"ip":1.3,"op":2.6,"st":1.3,"bm":0},{"ddd":0,"ind":3,"ty":2,"nm":"QQ799288255_00002.png","cl":"png","refId":"image_2","sr":1,"ks":{"o":{"a":0,"k":100,"ix":11},"r":{"a":0,"k":0,"ix":10},"p":{"a":0,"k":[135,240,0],"ix":2},"a":{"a":0,"k":[135,240,0],"ix":1},"s":{"a":0,"k":[100,100,100],"ix":6}},"ao":0,"ip":2.6,"op":3.9,"st":2.6,"bm":0},{"ddd":0,"ind":4,"ty":2,"nm":"QQ799288255_00003.png","cl":"png","refId":"image_3","sr":1,"ks":{"o":{"a":0,"k":100,"ix":11},"r":{"a":0,"k":0,"ix":10},"p":{"a":0,"k":[135,240,0],"ix":2},"a":{"a":0,"k":[135,240,0],"ix":1},"s":{"a":0,"k":[100,100,100],"ix":6}},"ao":0,"ip":3.9,"op":5.2,"st":3.9,"bm":0},{"ddd":0,"ind":5,"ty":2,"nm":"QQ799288255_00004.png","cl":"png","refId":"image_4","sr":1,"ks":{"o":{"a":0,"k":100,"ix":11},"r":{"a":0,"k":0,"ix":10},"p":{"a":0,"k":[135,240,0],"ix":2},"a":{"a":0,"k":[135,240,0],"ix":1},"s":{"a":0,"k":[100,100,100],"ix":6}},"ao":0,"ip":5.2,"op":6.5,"st":5.2,"bm":0},{"ddd":0,"ind":6,"ty":2,"nm":"QQ799288255_00005.png","cl":"png","refId":"image_5","sr":1,"ks":{"o":{"a":0,"k":100,"ix":11},"r":{"a":0,"k":0,"ix":10},"p":{"a":0,"k":[135,240,0],"ix":2},"a":{"a":0,"k":[135,240,0],"ix":1},"s":{"a":0,"k":[100,100,100],"ix":6}},"ao":0,"ip":6.5,"op":7.8,"st":6.5,"bm":0},{"ddd":0,"ind":7,"ty":2,"nm":"QQ799288255_00006.png","cl":"png","refId":"image_6","sr":1,"ks":{"o":{"a":0,"k":100,"ix":11},"r":{"a":0,"k":0,"ix":10},"p":{"a":0,"k":[135,240,0],"ix":2},"a":{"a":0,"k":[135,240,0],"ix":1},"s":{"a":0,"k":[100,100,100],"ix":6}},"ao":0,"ip":7.8,"op":9.1,"st":7.8,"bm":0},{"ddd":0,"ind":8,"ty":2,"nm":"QQ799288255_00007.png","cl":"png","refId":"image_7","sr":1,"ks":{"o":{"a":0,"k":100,"ix":11},"r":{"a":0,"k":0,"ix":10},"p":{"a":0,"k":[135,240,0],"ix":2},"a":{"a":0,"k":[135,240,0],"ix":1},"s":{"a":0,"k":[100,100,100],"ix":6}},"ao":0,"ip":9.1,"op":10.4,"st":9.1,"bm":0},{"ddd":0,"ind":9,"ty":2,"nm":"QQ799288255_00008.png","cl":"png","refId":"image_8","sr":1,"ks":{"o":{"a":0,"k":100,"ix":11},"r":{"a":0,"k":0,"ix":10},"p":{"a":0,"k":[135,240,0],"ix":2},"a":{"a":0,"k":[135,240,0],"ix":1},"s":{"a":0,"k":[100,100,100],"ix":6}},"ao":0,"ip":10.4,"op":11.7,"st":10.4,"bm":0},{"ddd":0,"ind":10,"ty":2,"nm":"QQ799288255_00009.png","cl":"png","refId":"image_9","sr":1,"ks":{"o":{"a":0,"k":100,"ix":11},"r":{"a":0,"k":0,"ix":10},"p":{"a":0,"k":[135,240,0],"ix":2},"a":{"a":0,"k":[135,240,0],"ix":1},"s":{"a":0,"k":[100,100,100],"ix":6}},"ao":0,"ip":11.7,"op":13,"st":11.7,"bm":0},{"ddd":0,"ind":11,"ty":2,"nm":"QQ799288255_00010.png","cl":"png","refId":"image_10","sr":1,"ks":{"o":{"a":0,"k":100,"ix":11},"r":{"a":0,"k":0,"ix":10},"p":{"a":0,"k":[135,240,0],"ix":2},"a":{"a":0,"k":[135,240,0],"ix":1},"s":{"a":0,"k":[100,100,100],"ix":6}},"ao":0,"ip":13,"op":14.3,"st":13,"bm":0},{"ddd":0,"ind":12,"ty":2,"nm":"QQ799288255_00011.png","cl":"png","refId":"image_11","sr":1,"ks":{"o":{"a":0,"k":100,"ix":11},"r":{"a":0,"k":0,"ix":10},"p":{"a":0,"k":[135,240,0],"ix":2},"a":{"a":0,"k":[135,240,0],"ix":1},"s":{"a":0,"k":[100,100,100],"ix":6}},"ao":0,"ip":14.3,"op":15.6,"st":14.3,"bm":0},{"ddd":0,"ind":13,"ty":2,"nm":"QQ799288255_00012.png","cl":"png","refId":"image_12","sr":1,"ks":{"o":{"a":0,"k":100,"ix":11},"r":{"a":0,"k":0,"ix":10},"p":{"a":0,"k":[135,240,0],"ix":2},"a":{"a":0,"k":[135,240,0],"ix":1},"s":{"a":0,"k":[100,100,100],"ix":6}},"ao":0,"ip":15.6,"op":16.9,"st":15.6,"bm":0},{"ddd":0,"ind":14,"ty":2,"nm":"QQ799288255_00013.png","cl":"png","refId":"image_13","sr":1,"ks":{"o":{"a":0,"k":100,"ix":11},"r":{"a":0,"k":0,"ix":10},"p":{"a":0,"k":[135,240,0],"ix":2},"a":{"a":0,"k":[135,240,0],"ix":1},"s":{"a":0,"k":[100,100,100],"ix":6}},"ao":0,"ip":16.9,"op":18.2,"st":16.9,"bm":0},{"ddd":0,"ind":15,"ty":2,"nm":"QQ799288255_00014.png","cl":"png","refId":"image_14","sr":1,"ks":{"o":{"a":0,"k":100,"ix":11},"r":{"a":0,"k":0,"ix":10},"p":{"a":0,"k":[135,240,0],"ix":2},"a":{"a":0,"k":[135,240,0],"ix":1},"s":{"a":0,"k":[100,100,100],"ix":6}},"ao":0,"ip":18.2,"op":19.5,"st":18.2,"bm":0},{"ddd":0,"ind":16,"ty":2,"nm":"QQ799288255_00015.png","cl":"png","refId":"image_15","sr":1,"ks":{"o":{"a":0,"k":100,"ix":11},"r":{"a":0,"k":0,"ix":10},"p":{"a":0,"k":[135,240,0],"ix":2},"a":{"a":0,"k":[135,240,0],"ix":1},"s":{"a":0,"k":[100,100,100],"ix":6}},"ao":0,"ip":19.5,"op":20.8,"st":19.5,"bm":0},{"ddd":0,"ind":17,"ty":2,"nm":"QQ799288255_00016.png","cl":"png","refId":"image_16","sr":1,"ks":{"o":{"a":0,"k":100,"ix":11},"r":{"a":0,"k":0,"ix":10},"p":{"a":0,"k":[135,240,0],"ix":2},"a":{"a":0,"k":[135,240,0],"ix":1},"s":{"a":0,"k":[100,100,100],"ix":6}},"ao":0,"ip":20.8,"op":22.1,"st":20.8,"bm":0},{"ddd":0,"ind":18,"ty":2,"nm":"QQ799288255_00017.png","cl":"png","refId":"image_17","sr":1,"ks":{"o":{"a":0,"k":100,"ix":11},"r":{"a":0,"k":0,"ix":10},"p":{"a":0,"k":[135,240,0],"ix":2},"a":{"a":0,"k":[135,240,0],"ix":1},"s":{"a":0,"k":[100,100,100],"ix":6}},"ao":0,"ip":22.1,"op":23.4,"st":22.1,"bm":0},{"ddd":0,"ind":19,"ty":2,"nm":"QQ799288255_00018.png","cl":"png","refId":"image_18","sr":1,"ks":{"o":{"a":0,"k":100,"ix":11},"r":{"a":0,"k":0,"ix":10},"p":{"a":0,"k":[135,240,0],"ix":2},"a":{"a":0,"k":[135,240,0],"ix":1},"s":{"a":0,"k":[100,100,100],"ix":6}},"ao":0,"ip":23.4,"op":24.7,"st":23.4,"bm":0},{"ddd":0,"ind":20,"ty":2,"nm":"QQ799288255_00019.png","cl":"png","refId":"image_19","sr":1,"ks":{"o":{"a":0,"k":100,"ix":11},"r":{"a":0,"k":0,"ix":10},"p":{"a":0,"k":[135,240,0],"ix":2},"a":{"a":0,"k":[135,240,0],"ix":1},"s":{"a":0,"k":[100,100,100],"ix":6}},"ao":0,"ip":24.7,"op":26,"st":24.7,"bm":0},{"ddd":0,"ind":21,"ty":2,"nm":"QQ799288255_00020.png","cl":"png","refId":"image_20","sr":1,"ks":{"o":{"a":0,"k":100,"ix":11},"r":{"a":0,"k":0,"ix":10},"p":{"a":0,"k":[135,240,0],"ix":2},"a":{"a":0,"k":[135,240,0],"ix":1},"s":{"a":0,"k":[100,100,100],"ix":6}},"ao":0,"ip":26,"op":27.3,"st":26,"bm":0},{"ddd":0,"ind":22,"ty":2,"nm":"QQ799288255_00021.png","cl":"png","refId":"image_21","sr":1,"ks":{"o":{"a":0,"k":100,"ix":11},"r":{"a":0,"k":0,"ix":10},"p":{"a":0,"k":[135,240,0],"ix":2},"a":{"a":0,"k":[135,240,0],"ix":1},"s":{"a":0,"k":[100,100,100],"ix":6}},"ao":0,"ip":27.3,"op":28.6,"st":27.3,"bm":0},{"ddd":0,"ind":23,"ty":2,"nm":"QQ799288255_00022.png","cl":"png","refId":"image_22","sr":1,"ks":{"o":{"a":0,"k":100,"ix":11},"r":{"a":0,"k":0,"ix":10},"p":{"a":0,"k":[135,240,0],"ix":2},"a":{"a":0,"k":[135,240,0],"ix":1},"s":{"a":0,"k":[100,100,100],"ix":6}},"ao":0,"ip":28.6,"op":29.9,"st":28.6,"bm":0},{"ddd":0,"ind":24,"ty":2,"nm":"QQ799288255_00023.png","cl":"png","refId":"image_23","sr":1,"ks":{"o":{"a":0,"k":100,"ix":11},"r":{"a":0,"k":0,"ix":10},"p":{"a":0,"k":[135,240,0],"ix":2},"a":{"a":0,"k":[135,240,0],"ix":1},"s":{"a":0,"k":[100,100,100],"ix":6}},"ao":0,"ip":29.9,"op":31.2,"st":29.9,"bm":0},{"ddd":0,"ind":25,"ty":2,"nm":"QQ799288255_00024.png","cl":"png","refId":"image_24","sr":1,"ks":{"o":{"a":0,"k":100,"ix":11},"r":{"a":0,"k":0,"ix":10},"p":{"a":0,"k":[135,240,0],"ix":2},"a":{"a":0,"k":[135,240,0],"ix":1},"s":{"a":0,"k":[100,100,100],"ix":6}},"ao":0,"ip":31.2,"op":32.5,"st":31.2,"bm":0},{"ddd":0,"ind":26,"ty":2,"nm":"QQ799288255_00025.png","cl":"png","refId":"image_25","sr":1,"ks":{"o":{"a":0,"k":100,"ix":11},"r":{"a":0,"k":0,"ix":10},"p":{"a":0,"k":[135,240,0],"ix":2},"a":{"a":0,"k":[135,240,0],"ix":1},"s":{"a":0,"k":[100,100,100],"ix":6}},"ao":0,"ip":32.5,"op":33.8,"st":32.5,"bm":0},{"ddd":0,"ind":27,"ty":2,"nm":"QQ799288255_00026.png","cl":"png","refId":"image_26","sr":1,"ks":{"o":{"a":0,"k":100,"ix":11},"r":{"a":0,"k":0,"ix":10},"p":{"a":0,"k":[135,240,0],"ix":2},"a":{"a":0,"k":[135,240,0],"ix":1},"s":{"a":0,"k":[100,100,100],"ix":6}},"ao":0,"ip":33.8,"op":35.1,"st":33.8,"bm":0},{"ddd":0,"ind":28,"ty":2,"nm":"QQ799288255_00027.png","cl":"png","refId":"image_27","sr":1,"ks":{"o":{"a":0,"k":100,"ix":11},"r":{"a":0,"k":0,"ix":10},"p":{"a":0,"k":[135,240,0],"ix":2},"a":{"a":0,"k":[135,240,0],"ix":1},"s":{"a":0,"k":[100,100,100],"ix":6}},"ao":0,"ip":35.1,"op":36.4,"st":35.1,"bm":0},{"ddd":0,"ind":29,"ty":2,"nm":"QQ799288255_00028.png","cl":"png","refId":"image_28","sr":1,"ks":{"o":{"a":0,"k":100,"ix":11},"r":{"a":0,"k":0,"ix":10},"p":{"a":0,"k":[135,240,0],"ix":2},"a":{"a":0,"k":[135,240,0],"ix":1},"s":{"a":0,"k":[100,100,100],"ix":6}},"ao":0,"ip":36.4,"op":37.7,"st":36.4,"bm":0},{"ddd":0,"ind":30,"ty":2,"nm":"QQ799288255_00029.png","cl":"png","refId":"image_29","sr":1,"ks":{"o":{"a":0,"k":100,"ix":11},"r":{"a":0,"k":0,"ix":10},"p":{"a":0,"k":[135,240,0],"ix":2},"a":{"a":0,"k":[135,240,0],"ix":1},"s":{"a":0,"k":[100,100,100],"ix":6}},"ao":0,"ip":37.7,"op":39,"st":37.7,"bm":0},{"ddd":0,"ind":31,"ty":2,"nm":"QQ799288255_00030.png","cl":"png","refId":"image_30","sr":1,"ks":{"o":{"a":0,"k":100,"ix":11},"r":{"a":0,"k":0,"ix":10},"p":{"a":0,"k":[135,240,0],"ix":2},"a":{"a":0,"k":[135,240,0],"ix":1},"s":{"a":0,"k":[100,100,100],"ix":6}},"ao":0,"ip":39,"op":40.3,"st":39,"bm":0},{"ddd":0,"ind":32,"ty":2,"nm":"QQ799288255_00031.png","cl":"png","refId":"image_31","sr":1,"ks":{"o":{"a":0,"k":100,"ix":11},"r":{"a":0,"k":0,"ix":10},"p":{"a":0,"k":[135,240,0],"ix":2},"a":{"a":0,"k":[135,240,0],"ix":1},"s":{"a":0,"k":[100,100,100],"ix":6}},"ao":0,"ip":40.3,"op":41.6,"st":40.3,"bm":0},{"ddd":0,"ind":33,"ty":2,"nm":"QQ799288255_00032.png","cl":"png","refId":"image_32","sr":1,"ks":{"o":{"a":0,"k":100,"ix":11},"r":{"a":0,"k":0,"ix":10},"p":{"a":0,"k":[135,240,0],"ix":2},"a":{"a":0,"k":[135,240,0],"ix":1},"s":{"a":0,"k":[100,100,100],"ix":6}},"ao":0,"ip":41.6,"op":42.9,"st":41.6,"bm":0},{"ddd":0,"ind":34,"ty":2,"nm":"QQ799288255_00033.png","cl":"png","refId":"image_33","sr":1,"ks":{"o":{"a":0,"k":100,"ix":11},"r":{"a":0,"k":0,"ix":10},"p":{"a":0,"k":[135,240,0],"ix":2},"a":{"a":0,"k":[135,240,0],"ix":1},"s":{"a":0,"k":[100,100,100],"ix":6}},"ao":0,"ip":42.9,"op":44.2,"st":42.9,"bm":0},{"ddd":0,"ind":35,"ty":2,"nm":"QQ799288255_00034.png","cl":"png","refId":"image_34","sr":1,"ks":{"o":{"a":0,"k":100,"ix":11},"r":{"a":0,"k":0,"ix":10},"p":{"a":0,"k":[135,240,0],"ix":2},"a":{"a":0,"k":[135,240,0],"ix":1},"s":{"a":0,"k":[100,100,100],"ix":6}},"ao":0,"ip":44.2,"op":45.5,"st":44.2,"bm":0},{"ddd":0,"ind":36,"ty":2,"nm":"QQ799288255_00035.png","cl":"png","refId":"image_35","sr":1,"ks":{"o":{"a":0,"k":100,"ix":11},"r":{"a":0,"k":0,"ix":10},"p":{"a":0,"k":[135,240,0],"ix":2},"a":{"a":0,"k":[135,240,0],"ix":1},"s":{"a":0,"k":[100,100,100],"ix":6}},"ao":0,"ip":45.5,"op":46.8,"st":45.5,"bm":0},{"ddd":0,"ind":37,"ty":2,"nm":"QQ799288255_00036.png","cl":"png","refId":"image_36","sr":1,"ks":{"o":{"a":0,"k":100,"ix":11},"r":{"a":0,"k":0,"ix":10},"p":{"a":0,"k":[135,240,0],"ix":2},"a":{"a":0,"k":[135,240,0],"ix":1},"s":{"a":0,"k":[100,100,100],"ix":6}},"ao":0,"ip":46.8,"op":48.1,"st":46.8,"bm":0},{"ddd":0,"ind":38,"ty":2,"nm":"QQ799288255_00037.png","cl":"png","refId":"image_37","sr":1,"ks":{"o":{"a":0,"k":100,"ix":11},"r":{"a":0,"k":0,"ix":10},"p":{"a":0,"k":[135,240,0],"ix":2},"a":{"a":0,"k":[135,240,0],"ix":1},"s":{"a":0,"k":[100,100,100],"ix":6}},"ao":0,"ip":48.1,"op":49.4,"st":48.1,"bm":0},{"ddd":0,"ind":39,"ty":2,"nm":"QQ799288255_00038.png","cl":"png","refId":"image_38","sr":1,"ks":{"o":{"a":0,"k":100,"ix":11},"r":{"a":0,"k":0,"ix":10},"p":{"a":0,"k":[135,240,0],"ix":2},"a":{"a":0,"k":[135,240,0],"ix":1},"s":{"a":0,"k":[100,100,100],"ix":6}},"ao":0,"ip":49.4,"op":50.7,"st":49.4,"bm":0},{"ddd":0,"ind":40,"ty":2,"nm":"QQ799288255_00039.png","cl":"png","refId":"image_39","sr":1,"ks":{"o":{"a":0,"k":100,"ix":11},"r":{"a":0,"k":0,"ix":10},"p":{"a":0,"k":[135,240,0],"ix":2},"a":{"a":0,"k":[135,240,0],"ix":1},"s":{"a":0,"k":[100,100,100],"ix":6}},"ao":0,"ip":50.7,"op":52,"st":50.7,"bm":0},{"ddd":0,"ind":41,"ty":2,"nm":"QQ799288255_00040.png","cl":"png","refId":"image_40","sr":1,"ks":{"o":{"a":0,"k":100,"ix":11},"r":{"a":0,"k":0,"ix":10},"p":{"a":0,"k":[135,240,0],"ix":2},"a":{"a":0,"k":[135,240,0],"ix":1},"s":{"a":0,"k":[100,100,100],"ix":6}},"ao":0,"ip":52,"op":53.3,"st":52,"bm":0},{"ddd":0,"ind":42,"ty":2,"nm":"QQ799288255_00041.png","cl":"png","refId":"image_41","sr":1,"ks":{"o":{"a":0,"k":100,"ix":11},"r":{"a":0,"k":0,"ix":10},"p":{"a":0,"k":[135,240,0],"ix":2},"a":{"a":0,"k":[135,240,0],"ix":1},"s":{"a":0,"k":[100,100,100],"ix":6}},"ao":0,"ip":53.3,"op":54.6,"st":53.3,"bm":0},{"ddd":0,"ind":43,"ty":2,"nm":"QQ799288255_00042.png","cl":"png","refId":"image_42","sr":1,"ks":{"o":{"a":0,"k":100,"ix":11},"r":{"a":0,"k":0,"ix":10},"p":{"a":0,"k":[135,240,0],"ix":2},"a":{"a":0,"k":[135,240,0],"ix":1},"s":{"a":0,"k":[100,100,100],"ix":6}},"ao":0,"ip":54.6,"op":55.9,"st":54.6,"bm":0},{"ddd":0,"ind":44,"ty":2,"nm":"QQ799288255_00043.png","cl":"png","refId":"image_43","sr":1,"ks":{"o":{"a":0,"k":100,"ix":11},"r":{"a":0,"k":0,"ix":10},"p":{"a":0,"k":[135,240,0],"ix":2},"a":{"a":0,"k":[135,240,0],"ix":1},"s":{"a":0,"k":[100,100,100],"ix":6}},"ao":0,"ip":55.9,"op":57.2,"st":55.9,"bm":0},{"ddd":0,"ind":45,"ty":2,"nm":"QQ799288255_00044.png","cl":"png","refId":"image_44","sr":1,"ks":{"o":{"a":0,"k":100,"ix":11},"r":{"a":0,"k":0,"ix":10},"p":{"a":0,"k":[135,240,0],"ix":2},"a":{"a":0,"k":[135,240,0],"ix":1},"s":{"a":0,"k":[100,100,100],"ix":6}},"ao":0,"ip":57.2,"op":58.5,"st":57.2,"bm":0},{"ddd":0,"ind":46,"ty":2,"nm":"QQ799288255_00045.png","cl":"png","refId":"image_45","sr":1,"ks":{"o":{"a":0,"k":100,"ix":11},"r":{"a":0,"k":0,"ix":10},"p":{"a":0,"k":[135,240,0],"ix":2},"a":{"a":0,"k":[135,240,0],"ix":1},"s":{"a":0,"k":[100,100,100],"ix":6}},"ao":0,"ip":58.5,"op":59.8,"st":58.5,"bm":0},{"ddd":0,"ind":47,"ty":2,"nm":"QQ799288255_00046.png","cl":"png","refId":"image_46","sr":1,"ks":{"o":{"a":0,"k":100,"ix":11},"r":{"a":0,"k":0,"ix":10},"p":{"a":0,"k":[135,240,0],"ix":2},"a":{"a":0,"k":[135,240,0],"ix":1},"s":{"a":0,"k":[100,100,100],"ix":6}},"ao":0,"ip":59.8,"op":61.1,"st":59.8,"bm":0},{"ddd":0,"ind":48,"ty":2,"nm":"QQ799288255_00047.png","cl":"png","refId":"image_47","sr":1,"ks":{"o":{"a":0,"k":100,"ix":11},"r":{"a":0,"k":0,"ix":10},"p":{"a":0,"k":[135,240,0],"ix":2},"a":{"a":0,"k":[135,240,0],"ix":1},"s":{"a":0,"k":[100,100,100],"ix":6}},"ao":0,"ip":61.1,"op":62.4,"st":61.1,"bm":0},{"ddd":0,"ind":49,"ty":2,"nm":"QQ799288255_00048.png","cl":"png","refId":"image_48","sr":1,"ks":{"o":{"a":0,"k":100,"ix":11},"r":{"a":0,"k":0,"ix":10},"p":{"a":0,"k":[135,240,0],"ix":2},"a":{"a":0,"k":[135,240,0],"ix":1},"s":{"a":0,"k":[100,100,100],"ix":6}},"ao":0,"ip":62.4,"op":63.7,"st":62.4,"bm":0},{"ddd":0,"ind":50,"ty":2,"nm":"QQ799288255_00049.png","cl":"png","refId":"image_49","sr":1,"ks":{"o":{"a":0,"k":100,"ix":11},"r":{"a":0,"k":0,"ix":10},"p":{"a":0,"k":[135,240,0],"ix":2},"a":{"a":0,"k":[135,240,0],"ix":1},"s":{"a":0,"k":[100,100,100],"ix":6}},"ao":0,"ip":63.7,"op":65,"st":63.7,"bm":0},{"ddd":0,"ind":51,"ty":2,"nm":"QQ799288255_00050.png","cl":"png","refId":"image_50","sr":1,"ks":{"o":{"a":0,"k":100,"ix":11},"r":{"a":0,"k":0,"ix":10},"p":{"a":0,"k":[135,240,0],"ix":2},"a":{"a":0,"k":[135,240,0],"ix":1},"s":{"a":0,"k":[100,100,100],"ix":6}},"ao":0,"ip":65,"op":66.3,"st":65,"bm":0},{"ddd":0,"ind":52,"ty":2,"nm":"QQ799288255_00051.png","cl":"png","refId":"image_51","sr":1,"ks":{"o":{"a":0,"k":100,"ix":11},"r":{"a":0,"k":0,"ix":10},"p":{"a":0,"k":[135,240,0],"ix":2},"a":{"a":0,"k":[135,240,0],"ix":1},"s":{"a":0,"k":[100,100,100],"ix":6}},"ao":0,"ip":66.3,"op":67.6,"st":66.3,"bm":0},{"ddd":0,"ind":53,"ty":2,"nm":"QQ799288255_00052.png","cl":"png","refId":"image_52","sr":1,"ks":{"o":{"a":0,"k":100,"ix":11},"r":{"a":0,"k":0,"ix":10},"p":{"a":0,"k":[135,240,0],"ix":2},"a":{"a":0,"k":[135,240,0],"ix":1},"s":{"a":0,"k":[100,100,100],"ix":6}},"ao":0,"ip":67.6,"op":68.9,"st":67.6,"bm":0},{"ddd":0,"ind":54,"ty":2,"nm":"QQ799288255_00053.png","cl":"png","refId":"image_53","sr":1,"ks":{"o":{"a":0,"k":100,"ix":11},"r":{"a":0,"k":0,"ix":10},"p":{"a":0,"k":[135,240,0],"ix":2},"a":{"a":0,"k":[135,240,0],"ix":1},"s":{"a":0,"k":[100,100,100],"ix":6}},"ao":0,"ip":68.9,"op":70.2,"st":68.9,"bm":0},{"ddd":0,"ind":55,"ty":2,"nm":"QQ799288255_00054.png","cl":"png","refId":"image_54","sr":1,"ks":{"o":{"a":0,"k":100,"ix":11},"r":{"a":0,"k":0,"ix":10},"p":{"a":0,"k":[135,240,0],"ix":2},"a":{"a":0,"k":[135,240,0],"ix":1},"s":{"a":0,"k":[100,100,100],"ix":6}},"ao":0,"ip":70.2,"op":71.5,"st":70.2,"bm":0},{"ddd":0,"ind":56,"ty":2,"nm":"QQ799288255_00055.png","cl":"png","refId":"image_55","sr":1,"ks":{"o":{"a":0,"k":100,"ix":11},"r":{"a":0,"k":0,"ix":10},"p":{"a":0,"k":[135,240,0],"ix":2},"a":{"a":0,"k":[135,240,0],"ix":1},"s":{"a":0,"k":[100,100,100],"ix":6}},"ao":0,"ip":71.5,"op":72.8,"st":71.5,"bm":0},{"ddd":0,"ind":57,"ty":2,"nm":"QQ799288255_00056.png","cl":"png","refId":"image_56","sr":1,"ks":{"o":{"a":0,"k":100,"ix":11},"r":{"a":0,"k":0,"ix":10},"p":{"a":0,"k":[135,240,0],"ix":2},"a":{"a":0,"k":[135,240,0],"ix":1},"s":{"a":0,"k":[100,100,100],"ix":6}},"ao":0,"ip":72.8,"op":74.1,"st":72.8,"bm":0},{"ddd":0,"ind":58,"ty":2,"nm":"QQ799288255_00057.png","cl":"png","refId":"image_57","sr":1,"ks":{"o":{"a":0,"k":100,"ix":11},"r":{"a":0,"k":0,"ix":10},"p":{"a":0,"k":[135,240,0],"ix":2},"a":{"a":0,"k":[135,240,0],"ix":1},"s":{"a":0,"k":[100,100,100],"ix":6}},"ao":0,"ip":74.1,"op":75.4,"st":74.1,"bm":0},{"ddd":0,"ind":59,"ty":2,"nm":"QQ799288255_00058.png","cl":"png","refId":"image_58","sr":1,"ks":{"o":{"a":0,"k":100,"ix":11},"r":{"a":0,"k":0,"ix":10},"p":{"a":0,"k":[135,240,0],"ix":2},"a":{"a":0,"k":[135,240,0],"ix":1},"s":{"a":0,"k":[100,100,100],"ix":6}},"ao":0,"ip":75.4,"op":76.7,"st":75.4,"bm":0},{"ddd":0,"ind":60,"ty":2,"nm":"QQ799288255_00059.png","cl":"png","refId":"image_59","sr":1,"ks":{"o":{"a":0,"k":100,"ix":11},"r":{"a":0,"k":0,"ix":10},"p":{"a":0,"k":[135,240,0],"ix":2},"a":{"a":0,"k":[135,240,0],"ix":1},"s":{"a":0,"k":[100,100,100],"ix":6}},"ao":0,"ip":76.7,"op":78,"st":76.7,"bm":0},{"ddd":0,"ind":61,"ty":2,"nm":"QQ799288255_00060.png","cl":"png","refId":"image_60","sr":1,"ks":{"o":{"a":0,"k":100,"ix":11},"r":{"a":0,"k":0,"ix":10},"p":{"a":0,"k":[135,240,0],"ix":2},"a":{"a":0,"k":[135,240,0],"ix":1},"s":{"a":0,"k":[100,100,100],"ix":6}},"ao":0,"ip":78,"op":79.3,"st":78,"bm":0},{"ddd":0,"ind":62,"ty":2,"nm":"QQ799288255_00061.png","cl":"png","refId":"image_61","sr":1,"ks":{"o":{"a":0,"k":100,"ix":11},"r":{"a":0,"k":0,"ix":10},"p":{"a":0,"k":[135,240,0],"ix":2},"a":{"a":0,"k":[135,240,0],"ix":1},"s":{"a":0,"k":[100,100,100],"ix":6}},"ao":0,"ip":79.3,"op":80.6,"st":79.3,"bm":0},{"ddd":0,"ind":63,"ty":2,"nm":"QQ799288255_00062.png","cl":"png","refId":"image_62","sr":1,"ks":{"o":{"a":0,"k":100,"ix":11},"r":{"a":0,"k":0,"ix":10},"p":{"a":0,"k":[135,240,0],"ix":2},"a":{"a":0,"k":[135,240,0],"ix":1},"s":{"a":0,"k":[100,100,100],"ix":6}},"ao":0,"ip":80.6,"op":81.9,"st":80.6,"bm":0},{"ddd":0,"ind":64,"ty":2,"nm":"QQ799288255_00063.png","cl":"png","refId":"image_63","sr":1,"ks":{"o":{"a":0,"k":100,"ix":11},"r":{"a":0,"k":0,"ix":10},"p":{"a":0,"k":[135,240,0],"ix":2},"a":{"a":0,"k":[135,240,0],"ix":1},"s":{"a":0,"k":[100,100,100],"ix":6}},"ao":0,"ip":81.9,"op":83.2,"st":81.9,"bm":0},{"ddd":0,"ind":65,"ty":2,"nm":"QQ799288255_00064.png","cl":"png","refId":"image_64","sr":1,"ks":{"o":{"a":0,"k":100,"ix":11},"r":{"a":0,"k":0,"ix":10},"p":{"a":0,"k":[135,240,0],"ix":2},"a":{"a":0,"k":[135,240,0],"ix":1},"s":{"a":0,"k":[100,100,100],"ix":6}},"ao":0,"ip":83.2,"op":84.5,"st":83.2,"bm":0},{"ddd":0,"ind":66,"ty":2,"nm":"QQ799288255_00065.png","cl":"png","refId":"image_65","sr":1,"ks":{"o":{"a":0,"k":100,"ix":11},"r":{"a":0,"k":0,"ix":10},"p":{"a":0,"k":[135,240,0],"ix":2},"a":{"a":0,"k":[135,240,0],"ix":1},"s":{"a":0,"k":[100,100,100],"ix":6}},"ao":0,"ip":84.5,"op":85.8,"st":84.5,"bm":0},{"ddd":0,"ind":67,"ty":2,"nm":"QQ799288255_00066.png","cl":"png","refId":"image_66","sr":1,"ks":{"o":{"a":0,"k":100,"ix":11},"r":{"a":0,"k":0,"ix":10},"p":{"a":0,"k":[135,240,0],"ix":2},"a":{"a":0,"k":[135,240,0],"ix":1},"s":{"a":0,"k":[100,100,100],"ix":6}},"ao":0,"ip":85.8,"op":87.1,"st":85.8,"bm":0},{"ddd":0,"ind":68,"ty":2,"nm":"QQ799288255_00067.png","cl":"png","refId":"image_67","sr":1,"ks":{"o":{"a":0,"k":100,"ix":11},"r":{"a":0,"k":0,"ix":10},"p":{"a":0,"k":[135,240,0],"ix":2},"a":{"a":0,"k":[135,240,0],"ix":1},"s":{"a":0,"k":[100,100,100],"ix":6}},"ao":0,"ip":87.1,"op":88.4,"st":87.1,"bm":0},{"ddd":0,"ind":69,"ty":2,"nm":"QQ799288255_00068.png","cl":"png","refId":"image_68","sr":1,"ks":{"o":{"a":0,"k":100,"ix":11},"r":{"a":0,"k":0,"ix":10},"p":{"a":0,"k":[135,240,0],"ix":2},"a":{"a":0,"k":[135,240,0],"ix":1},"s":{"a":0,"k":[100,100,100],"ix":6}},"ao":0,"ip":88.4,"op":89.7,"st":88.4,"bm":0},{"ddd":0,"ind":70,"ty":2,"nm":"QQ799288255_00069.png","cl":"png","refId":"image_69","sr":1,"ks":{"o":{"a":0,"k":100,"ix":11},"r":{"a":0,"k":0,"ix":10},"p":{"a":0,"k":[135,240,0],"ix":2},"a":{"a":0,"k":[135,240,0],"ix":1},"s":{"a":0,"k":[100,100,100],"ix":6}},"ao":0,"ip":89.7,"op":91,"st":89.7,"bm":0},{"ddd":0,"ind":71,"ty":2,"nm":"QQ799288255_00070.png","cl":"png","refId":"image_70","sr":1,"ks":{"o":{"a":0,"k":100,"ix":11},"r":{"a":0,"k":0,"ix":10},"p":{"a":0,"k":[135,240,0],"ix":2},"a":{"a":0,"k":[135,240,0],"ix":1},"s":{"a":0,"k":[100,100,100],"ix":6}},"ao":0,"ip":91,"op":92.3,"st":91,"bm":0},{"ddd":0,"ind":72,"ty":2,"nm":"QQ799288255_00071.png","cl":"png","refId":"image_71","sr":1,"ks":{"o":{"a":0,"k":100,"ix":11},"r":{"a":0,"k":0,"ix":10},"p":{"a":0,"k":[135,240,0],"ix":2},"a":{"a":0,"k":[135,240,0],"ix":1},"s":{"a":0,"k":[100,100,100],"ix":6}},"ao":0,"ip":92.3,"op":93.6,"st":92.3,"bm":0},{"ddd":0,"ind":73,"ty":2,"nm":"QQ799288255_00072.png","cl":"png","refId":"image_72","sr":1,"ks":{"o":{"a":0,"k":100,"ix":11},"r":{"a":0,"k":0,"ix":10},"p":{"a":0,"k":[135,240,0],"ix":2},"a":{"a":0,"k":[135,240,0],"ix":1},"s":{"a":0,"k":[100,100,100],"ix":6}},"ao":0,"ip":93.6,"op":94.9,"st":93.6,"bm":0},{"ddd":0,"ind":74,"ty":2,"nm":"QQ799288255_00073.png","cl":"png","refId":"image_73","sr":1,"ks":{"o":{"a":0,"k":100,"ix":11},"r":{"a":0,"k":0,"ix":10},"p":{"a":0,"k":[135,240,0],"ix":2},"a":{"a":0,"k":[135,240,0],"ix":1},"s":{"a":0,"k":[100,100,100],"ix":6}},"ao":0,"ip":94.9,"op":96.2,"st":94.9,"bm":0},{"ddd":0,"ind":75,"ty":2,"nm":"QQ799288255_00074.png","cl":"png","refId":"image_74","sr":1,"ks":{"o":{"a":0,"k":100,"ix":11},"r":{"a":0,"k":0,"ix":10},"p":{"a":0,"k":[135,240,0],"ix":2},"a":{"a":0,"k":[135,240,0],"ix":1},"s":{"a":0,"k":[100,100,100],"ix":6}},"ao":0,"ip":96.2,"op":97.5,"st":96.2,"bm":0},{"ddd":0,"ind":76,"ty":2,"nm":"QQ799288255_00075.png","cl":"png","refId":"image_75","sr":1,"ks":{"o":{"a":0,"k":100,"ix":11},"r":{"a":0,"k":0,"ix":10},"p":{"a":0,"k":[135,240,0],"ix":2},"a":{"a":0,"k":[135,240,0],"ix":1},"s":{"a":0,"k":[100,100,100],"ix":6}},"ao":0,"ip":97.5,"op":98.8,"st":97.5,"bm":0},{"ddd":0,"ind":77,"ty":2,"nm":"QQ799288255_00076.png","cl":"png","refId":"image_76","sr":1,"ks":{"o":{"a":0,"k":100,"ix":11},"r":{"a":0,"k":0,"ix":10},"p":{"a":0,"k":[135,240,0],"ix":2},"a":{"a":0,"k":[135,240,0],"ix":1},"s":{"a":0,"k":[100,100,100],"ix":6}},"ao":0,"ip":98.8,"op":100.1,"st":98.8,"bm":0},{"ddd":0,"ind":78,"ty":2,"nm":"QQ799288255_00077.png","cl":"png","refId":"image_77","sr":1,"ks":{"o":{"a":0,"k":100,"ix":11},"r":{"a":0,"k":0,"ix":10},"p":{"a":0,"k":[135,240,0],"ix":2},"a":{"a":0,"k":[135,240,0],"ix":1},"s":{"a":0,"k":[100,100,100],"ix":6}},"ao":0,"ip":100.1,"op":101.4,"st":100.1,"bm":0},{"ddd":0,"ind":79,"ty":2,"nm":"QQ799288255_00078.png","cl":"png","refId":"image_78","sr":1,"ks":{"o":{"a":0,"k":100,"ix":11},"r":{"a":0,"k":0,"ix":10},"p":{"a":0,"k":[135,240,0],"ix":2},"a":{"a":0,"k":[135,240,0],"ix":1},"s":{"a":0,"k":[100,100,100],"ix":6}},"ao":0,"ip":101.4,"op":102.7,"st":101.4,"bm":0},{"ddd":0,"ind":80,"ty":2,"nm":"QQ799288255_00079.png","cl":"png","refId":"image_79","sr":1,"ks":{"o":{"a":0,"k":100,"ix":11},"r":{"a":0,"k":0,"ix":10},"p":{"a":0,"k":[135,240,0],"ix":2},"a":{"a":0,"k":[135,240,0],"ix":1},"s":{"a":0,"k":[100,100,100],"ix":6}},"ao":0,"ip":102.7,"op":104,"st":102.7,"bm":0},{"ddd":0,"ind":81,"ty":2,"nm":"QQ799288255_00080.png","cl":"png","refId":"image_80","sr":1,"ks":{"o":{"a":0,"k":100,"ix":11},"r":{"a":0,"k":0,"ix":10},"p":{"a":0,"k":[135,240,0],"ix":2},"a":{"a":0,"k":[135,240,0],"ix":1},"s":{"a":0,"k":[100,100,100],"ix":6}},"ao":0,"ip":104,"op":105.3,"st":104,"bm":0},{"ddd":0,"ind":82,"ty":2,"nm":"QQ799288255_00081.png","cl":"png","refId":"image_81","sr":1,"ks":{"o":{"a":0,"k":100,"ix":11},"r":{"a":0,"k":0,"ix":10},"p":{"a":0,"k":[135,240,0],"ix":2},"a":{"a":0,"k":[135,240,0],"ix":1},"s":{"a":0,"k":[100,100,100],"ix":6}},"ao":0,"ip":105.3,"op":106.6,"st":105.3,"bm":0}],"markers":[]}