{"v":"5.5.0","fr":7,"ip":0,"op":156,"w":1080,"h":2340,"nm":"合成 1","ddd":0,"assets":[{"id":"image_0","w":311,"h":553,"u":"images/","p":"diy1337696972_00088.jpg","e":0},{"id":"image_1","w":200,"h":100,"u":"images/","p":"1337696972sz.png","e":0},{"id":"image_2","w":200,"h":200,"u":"images/","p":"_.png","e":0},{"id":"image_3","w":200,"h":200,"u":"images/","p":"S.png","e":0},{"id":"image_4","w":200,"h":200,"u":"images/","p":"C.png","e":0},{"id":"image_5","w":200,"h":200,"u":"images/","p":"__0.png","e":0},{"id":"image_6","w":311,"h":553,"u":"images/","p":"diy1337696972qq_00000.jpg","e":0},{"id":"image_7","w":311,"h":553,"u":"images/","p":"diy1337696972qq_00001.jpg","e":0},{"id":"image_8","w":311,"h":553,"u":"images/","p":"diy1337696972qq_00002.jpg","e":0},{"id":"image_9","w":311,"h":553,"u":"images/","p":"diy1337696972qq_00003.jpg","e":0},{"id":"image_10","w":311,"h":553,"u":"images/","p":"diy1337696972qq_00004.jpg","e":0},{"id":"image_11","w":311,"h":553,"u":"images/","p":"diy1337696972qq_00005.jpg","e":0},{"id":"image_12","w":311,"h":553,"u":"images/","p":"diy1337696972qq_00006.jpg","e":0},{"id":"image_13","w":311,"h":553,"u":"images/","p":"diy1337696972qq_00007.jpg","e":0},{"id":"image_14","w":311,"h":553,"u":"images/","p":"diy1337696972qq_00008.jpg","e":0},{"id":"image_15","w":311,"h":553,"u":"images/","p":"diy1337696972qq_00009.jpg","e":0},{"id":"image_16","w":311,"h":553,"u":"images/","p":"diy1337696972qq_00010.jpg","e":0},{"id":"image_17","w":311,"h":553,"u":"images/","p":"diy1337696972qq_00011.jpg","e":0},{"id":"image_18","w":311,"h":553,"u":"images/","p":"diy1337696972qq_00012.jpg","e":0},{"id":"image_19","w":311,"h":553,"u":"images/","p":"diy1337696972qq_00013.jpg","e":0},{"id":"image_20","w":311,"h":553,"u":"images/","p":"diy1337696972qq_00014.jpg","e":0},{"id":"image_21","w":311,"h":553,"u":"images/","p":"diy1337696972qq_00015.jpg","e":0},{"id":"image_22","w":311,"h":553,"u":"images/","p":"diy1337696972qq_00016.jpg","e":0},{"id":"image_23","w":311,"h":553,"u":"images/","p":"diy1337696972qq_00017.jpg","e":0},{"id":"image_24","w":311,"h":553,"u":"images/","p":"diy1337696972qq_00018.jpg","e":0},{"id":"image_25","w":311,"h":553,"u":"images/","p":"diy1337696972qq_00019.jpg","e":0},{"id":"image_26","w":311,"h":553,"u":"images/","p":"diy1337696972qq_00020.jpg","e":0},{"id":"image_27","w":311,"h":553,"u":"images/","p":"diy1337696972qq_00021.jpg","e":0},{"id":"image_28","w":311,"h":553,"u":"images/","p":"diy1337696972qq_00022.jpg","e":0},{"id":"image_29","w":311,"h":553,"u":"images/","p":"diy1337696972qq_00023.jpg","e":0},{"id":"image_30","w":311,"h":553,"u":"images/","p":"diy1337696972qq_00024.jpg","e":0},{"id":"image_31","w":311,"h":553,"u":"images/","p":"diy1337696972qq_00025.jpg","e":0},{"id":"image_32","w":311,"h":553,"u":"images/","p":"diy1337696972qq_00026.jpg","e":0},{"id":"image_33","w":311,"h":553,"u":"images/","p":"diy1337696972qq_00027.jpg","e":0},{"id":"image_34","w":311,"h":553,"u":"images/","p":"diy1337696972qq_00028.jpg","e":0},{"id":"image_35","w":311,"h":553,"u":"images/","p":"diy1337696972qq_00029.jpg","e":0},{"id":"image_36","w":311,"h":553,"u":"images/","p":"diy1337696972qq_00030.jpg","e":0},{"id":"image_37","w":311,"h":553,"u":"images/","p":"diy1337696972qq_00031.jpg","e":0},{"id":"image_38","w":311,"h":553,"u":"images/","p":"diy1337696972qq_00032.jpg","e":0},{"id":"image_39","w":311,"h":553,"u":"images/","p":"diy1337696972qq_00033.jpg","e":0},{"id":"image_40","w":311,"h":553,"u":"images/","p":"diy1337696972qq_00034.jpg","e":0},{"id":"image_41","w":311,"h":553,"u":"images/","p":"diy1337696972qq_00035.jpg","e":0},{"id":"image_42","w":311,"h":553,"u":"images/","p":"diy1337696972qq_00036.jpg","e":0},{"id":"image_43","w":311,"h":553,"u":"images/","p":"diy1337696972qq_00037.jpg","e":0},{"id":"image_44","w":311,"h":553,"u":"images/","p":"diy1337696972qq_00038.jpg","e":0},{"id":"image_45","w":311,"h":553,"u":"images/","p":"diy1337696972qq_00039.jpg","e":0},{"id":"image_46","w":311,"h":553,"u":"images/","p":"diy1337696972qq_00040.jpg","e":0},{"id":"image_47","w":311,"h":553,"u":"images/","p":"diy1337696972qq_00041.jpg","e":0},{"id":"image_48","w":311,"h":553,"u":"images/","p":"diy1337696972qq_00042.jpg","e":0},{"id":"image_49","w":311,"h":553,"u":"images/","p":"diy1337696972qq_00043.jpg","e":0},{"id":"image_50","w":311,"h":553,"u":"images/","p":"diy1337696972qq_00044.jpg","e":0},{"id":"image_51","w":311,"h":553,"u":"images/","p":"diy1337696972qq_00045.jpg","e":0},{"id":"image_52","w":311,"h":553,"u":"images/","p":"diy1337696972qq_00046.jpg","e":0},{"id":"image_53","w":311,"h":553,"u":"images/","p":"diy1337696972qq_00047.jpg","e":0},{"id":"image_54","w":311,"h":553,"u":"images/","p":"diy1337696972qq_00048.jpg","e":0},{"id":"image_55","w":311,"h":553,"u":"images/","p":"diy1337696972qq_00049.jpg","e":0},{"id":"image_56","w":311,"h":553,"u":"images/","p":"diy1337696972qq_00050.jpg","e":0},{"id":"image_57","w":311,"h":553,"u":"images/","p":"diy1337696972qq_00051.jpg","e":0},{"id":"image_58","w":311,"h":553,"u":"images/","p":"diy1337696972qq_00052.jpg","e":0},{"id":"image_59","w":311,"h":553,"u":"images/","p":"diy1337696972qq_00053.jpg","e":0},{"id":"image_60","w":311,"h":553,"u":"images/","p":"diy1337696972qq_00054.jpg","e":0},{"id":"image_61","w":311,"h":553,"u":"images/","p":"diy1337696972qq_00055.jpg","e":0},{"id":"image_62","w":311,"h":553,"u":"images/","p":"diy1337696972qq_00056.jpg","e":0},{"id":"image_63","w":311,"h":553,"u":"images/","p":"diy1337696972qq_00057.jpg","e":0},{"id":"image_64","w":311,"h":553,"u":"images/","p":"diy1337696972qq_00058.jpg","e":0},{"id":"image_65","w":311,"h":553,"u":"images/","p":"diy1337696972qq_00059.jpg","e":0},{"id":"image_66","w":311,"h":553,"u":"images/","p":"diy1337696972qq_00060.jpg","e":0},{"id":"image_67","w":311,"h":553,"u":"images/","p":"diy1337696972qq_00061.jpg","e":0},{"id":"image_68","w":311,"h":553,"u":"images/","p":"diy1337696972qq_00062.jpg","e":0},{"id":"image_69","w":311,"h":553,"u":"images/","p":"diy1337696972qq_00063.jpg","e":0},{"id":"image_70","w":311,"h":553,"u":"images/","p":"diy1337696972qq_00064.jpg","e":0},{"id":"image_71","w":311,"h":553,"u":"images/","p":"diy1337696972qq_00065.jpg","e":0},{"id":"image_72","w":311,"h":553,"u":"images/","p":"diy1337696972qq_00066.jpg","e":0},{"id":"image_73","w":311,"h":553,"u":"images/","p":"diy1337696972qq_00067.jpg","e":0},{"id":"image_74","w":311,"h":553,"u":"images/","p":"diy1337696972qq_00068.jpg","e":0},{"id":"image_75","w":311,"h":553,"u":"images/","p":"diy1337696972qq_00069.jpg","e":0},{"id":"image_76","w":311,"h":553,"u":"images/","p":"diy1337696972qq_00070.jpg","e":0},{"id":"image_77","w":311,"h":553,"u":"images/","p":"diy1337696972qq_00071.jpg","e":0},{"id":"image_78","w":311,"h":553,"u":"images/","p":"diy1337696972qq_00072.jpg","e":0},{"id":"image_79","w":311,"h":553,"u":"images/","p":"diy1337696972qq_00073.jpg","e":0},{"id":"image_80","w":311,"h":553,"u":"images/","p":"diy1337696972qq_00074.jpg","e":0},{"id":"image_81","w":311,"h":553,"u":"images/","p":"diy1337696972qq_00075.jpg","e":0},{"id":"image_82","w":311,"h":553,"u":"images/","p":"diy1337696972qq_00076.jpg","e":0},{"id":"image_83","w":311,"h":553,"u":"images/","p":"diy1337696972qq_00077.jpg","e":0},{"id":"image_84","w":311,"h":553,"u":"images/","p":"diy1337696972qq_00078.jpg","e":0},{"id":"image_85","w":311,"h":553,"u":"images/","p":"diy1337696972qq_00079.jpg","e":0},{"id":"image_86","w":311,"h":553,"u":"images/","p":"diy1337696972qq_00080.jpg","e":0},{"id":"image_87","w":311,"h":553,"u":"images/","p":"diy1337696972qq_00081.jpg","e":0},{"id":"image_88","w":311,"h":553,"u":"images/","p":"diy1337696972qq_00082.jpg","e":0},{"id":"image_89","w":311,"h":553,"u":"images/","p":"diy1337696972qq_00083.jpg","e":0},{"id":"image_90","w":311,"h":553,"u":"images/","p":"diy1337696972qq_00084.jpg","e":0},{"id":"image_91","w":311,"h":553,"u":"images/","p":"diy1337696972qq_00085.jpg","e":0},{"id":"image_92","w":311,"h":553,"u":"images/","p":"diy1337696972qq_00086.jpg","e":0},{"id":"image_93","w":311,"h":553,"u":"images/","p":"diy1337696972qq_00087.jpg","e":0},{"id":"image_94","w":311,"h":553,"u":"images/","p":"diy1337696972qq_00088.jpg","e":0},{"id":"image_95","w":311,"h":553,"u":"images/","p":"diy1337696972qq_00089.jpg","e":0},{"id":"image_96","w":311,"h":553,"u":"images/","p":"diy1337696972qq_00090.jpg","e":0},{"id":"image_97","w":311,"h":553,"u":"images/","p":"diy1337696972qq_00091.jpg","e":0},{"id":"image_98","w":311,"h":553,"u":"images/","p":"diy1337696972qq_00092.jpg","e":0},{"id":"image_99","w":311,"h":553,"u":"images/","p":"diy1337696972qq_00093.jpg","e":0},{"id":"image_100","w":311,"h":553,"u":"images/","p":"diy1337696972qq_00094.jpg","e":0},{"id":"image_101","w":311,"h":553,"u":"images/","p":"diy1337696972qq_00095.jpg","e":0},{"id":"image_102","w":311,"h":553,"u":"images/","p":"diy1337696972qq_00096.jpg","e":0},{"id":"image_103","w":311,"h":553,"u":"images/","p":"diy1337696972qq_00097.jpg","e":0},{"id":"image_104","w":311,"h":553,"u":"images/","p":"diy1337696972qq_00098.jpg","e":0},{"id":"image_105","w":311,"h":553,"u":"images/","p":"diy1337696972qq_00099.jpg","e":0},{"id":"image_106","w":311,"h":553,"u":"images/","p":"diy1337696972qq_00100.jpg","e":0},{"id":"image_107","w":311,"h":553,"u":"images/","p":"diy1337696972qq_00101.jpg","e":0},{"id":"image_108","w":311,"h":553,"u":"images/","p":"diy1337696972qq_00102.jpg","e":0},{"id":"image_109","w":311,"h":553,"u":"images/","p":"diy1337696972qq_00103.jpg","e":0},{"id":"image_110","w":311,"h":553,"u":"images/","p":"diy1337696972qq_00104.jpg","e":0},{"id":"image_111","w":311,"h":553,"u":"images/","p":"diy1337696972qq_00105.jpg","e":0},{"id":"image_112","w":311,"h":553,"u":"images/","p":"diy1337696972qq_00106.jpg","e":0},{"id":"image_113","w":311,"h":553,"u":"images/","p":"diy1337696972qq_00107.jpg","e":0},{"id":"image_114","w":311,"h":553,"u":"images/","p":"diy1337696972qq_00108.jpg","e":0},{"id":"image_115","w":311,"h":553,"u":"images/","p":"diy1337696972qq_00109.jpg","e":0},{"id":"image_116","w":311,"h":553,"u":"images/","p":"diy1337696972qq_00110.jpg","e":0},{"id":"image_117","w":311,"h":553,"u":"images/","p":"diy1337696972qq_00111.jpg","e":0},{"id":"image_118","w":311,"h":553,"u":"images/","p":"diy1337696972qq_00112.jpg","e":0},{"id":"image_119","w":311,"h":553,"u":"images/","p":"diy1337696972qq_00113.jpg","e":0},{"id":"image_120","w":311,"h":553,"u":"images/","p":"diy1337696972qq_00114.jpg","e":0},{"id":"image_121","w":311,"h":553,"u":"images/","p":"diy1337696972qq_00115.jpg","e":0},{"id":"image_122","w":311,"h":553,"u":"images/","p":"diy1337696972qq_00116.jpg","e":0},{"id":"image_123","w":311,"h":553,"u":"images/","p":"diy1337696972qq_00117.jpg","e":0},{"id":"image_124","w":311,"h":553,"u":"images/","p":"diy1337696972qq_00118.jpg","e":0},{"id":"image_125","w":311,"h":553,"u":"images/","p":"diy1337696972qq_00119.jpg","e":0},{"id":"image_126","w":311,"h":553,"u":"images/","p":"diy1337696972qq_00120.jpg","e":0},{"id":"image_127","w":311,"h":553,"u":"images/","p":"diy1337696972qq_00121.jpg","e":0},{"id":"image_128","w":311,"h":553,"u":"images/","p":"diy1337696972qq_00122.jpg","e":0},{"id":"image_129","w":311,"h":553,"u":"images/","p":"diy1337696972qq_00123.jpg","e":0},{"id":"image_130","w":311,"h":553,"u":"images/","p":"diy1337696972qq_00124.jpg","e":0},{"id":"image_131","w":311,"h":553,"u":"images/","p":"diy1337696972qq_00125.jpg","e":0},{"id":"image_132","w":311,"h":553,"u":"images/","p":"diy1337696972qq_00126.jpg","e":0},{"id":"image_133","w":311,"h":553,"u":"images/","p":"diy1337696972qq_00127.jpg","e":0},{"id":"image_134","w":311,"h":553,"u":"images/","p":"diy1337696972qq_00128.jpg","e":0},{"id":"image_135","w":311,"h":553,"u":"images/","p":"diy1337696972qq_00129.jpg","e":0},{"id":"image_136","w":311,"h":553,"u":"images/","p":"diy1337696972qq_00130.jpg","e":0},{"id":"image_137","w":311,"h":553,"u":"images/","p":"diy1337696972qq_00131.jpg","e":0},{"id":"image_138","w":311,"h":553,"u":"images/","p":"diy1337696972qq_00132.jpg","e":0},{"id":"image_139","w":311,"h":553,"u":"images/","p":"diy1337696972qq_00133.jpg","e":0},{"id":"image_140","w":311,"h":553,"u":"images/","p":"diy1337696972qq_00134.jpg","e":0},{"id":"image_141","w":311,"h":553,"u":"images/","p":"diy1337696972qq_00135.jpg","e":0},{"id":"image_142","w":311,"h":553,"u":"images/","p":"diy1337696972qq_00136.jpg","e":0},{"id":"image_143","w":311,"h":553,"u":"images/","p":"diy1337696972qq_00137.jpg","e":0},{"id":"image_144","w":311,"h":553,"u":"images/","p":"diy1337696972qq_00138.jpg","e":0},{"id":"image_145","w":311,"h":553,"u":"images/","p":"diy1337696972qq_00139.jpg","e":0},{"id":"image_146","w":311,"h":553,"u":"images/","p":"diy1337696972qq_00140.jpg","e":0},{"id":"image_147","w":311,"h":553,"u":"images/","p":"diy1337696972qq_00141.jpg","e":0},{"id":"image_148","w":311,"h":553,"u":"images/","p":"diy1337696972qq_00142.jpg","e":0},{"id":"image_149","w":311,"h":553,"u":"images/","p":"diy1337696972qq_00143.jpg","e":0},{"id":"image_150","w":311,"h":553,"u":"images/","p":"diy1337696972qq_00144.jpg","e":0},{"id":"image_151","w":311,"h":553,"u":"images/","p":"diy1337696972qq_00145.jpg","e":0},{"id":"image_152","w":311,"h":553,"u":"images/","p":"diy1337696972qq_00146.jpg","e":0},{"id":"image_153","w":311,"h":553,"u":"images/","p":"diy1337696972qq_00147.jpg","e":0},{"id":"image_154","w":311,"h":553,"u":"images/","p":"diy1337696972qq_00148.jpg","e":0},{"id":"image_155","w":311,"h":553,"u":"images/","p":"diy1337696972qq_00149.jpg","e":0},{"id":"image_156","w":311,"h":553,"u":"images/","p":"diy1337696972qq_00150.jpg","e":0},{"id":"image_157","w":311,"h":553,"u":"images/","p":"diy1337696972qq_00151.jpg","e":0},{"id":"image_158","w":311,"h":553,"u":"images/","p":"diy1337696972qq_00152.jpg","e":0},{"id":"image_159","w":311,"h":553,"u":"images/","p":"diy1337696972qq_00153.jpg","e":0},{"id":"image_160","w":311,"h":553,"u":"images/","p":"diy1337696972qq_00154.jpg","e":0},{"id":"image_161","w":311,"h":553,"u":"images/","p":"diy1337696972qq_00155.jpg","e":0},{"id":"image_162","w":311,"h":553,"u":"images/","p":"diy1337696972qq_00156.jpg","e":0},{"id":"image_163","w":311,"h":553,"u":"images/","p":"diy1337696972qq_00157.jpg","e":0},{"id":"image_164","w":311,"h":553,"u":"images/","p":"diy1337696972qq_00158.jpg","e":0},{"id":"image_165","w":311,"h":553,"u":"images/","p":"diy1337696972qq_00159.jpg","e":0},{"id":"image_166","w":311,"h":553,"u":"images/","p":"diy1337696972qq_00160.jpg","e":0},{"id":"image_167","w":311,"h":553,"u":"images/","p":"diy1337696972qq_00161.jpg","e":0},{"id":"image_168","w":311,"h":553,"u":"images/","p":"diy1337696972qq_00162.jpg","e":0},{"id":"image_169","w":311,"h":553,"u":"images/","p":"diy1337696972qq_00163.jpg","e":0},{"id":"image_170","w":311,"h":553,"u":"images/","p":"diy1337696972qq_00164.jpg","e":0},{"id":"image_171","w":311,"h":553,"u":"images/","p":"diy1337696972qq_00165.jpg","e":0},{"id":"image_172","w":311,"h":553,"u":"images/","p":"diy1337696972qq_00166.jpg","e":0},{"id":"image_173","w":311,"h":553,"u":"images/","p":"diy1337696972qq_00167.jpg","e":0},{"id":"image_174","w":1080,"h":2340,"u":"images/","p":"bg-1337696972.jpg","e":0},{"id":"comp_0","layers":[{"ddd":0,"ind":1,"ty":2,"nm":"diy1337696972qq_00000.png","cl":"png","refId":"image_6","sr":1,"ks":{"o":{"a":0,"k":100,"ix":11},"r":{"a":0,"k":0,"ix":10},"p":{"a":0,"k":[155.5,276.5,0],"ix":2},"a":{"a":0,"k":[155.5,276.5,0],"ix":1},"s":{"a":0,"k":[100,100,100],"ix":6}},"ao":0,"ip":0,"op":0.93333333333333,"st":0,"bm":0},{"ddd":0,"ind":2,"ty":2,"nm":"diy1337696972qq_00001.png","cl":"png","refId":"image_7","sr":1,"ks":{"o":{"a":0,"k":100,"ix":11},"r":{"a":0,"k":0,"ix":10},"p":{"a":0,"k":[155.5,276.5,0],"ix":2},"a":{"a":0,"k":[155.5,276.5,0],"ix":1},"s":{"a":0,"k":[100,100,100],"ix":6}},"ao":0,"ip":0.93333333333333,"op":1.86666666666667,"st":0.93333333333333,"bm":0},{"ddd":0,"ind":3,"ty":2,"nm":"diy1337696972qq_00002.png","cl":"png","refId":"image_8","sr":1,"ks":{"o":{"a":0,"k":100,"ix":11},"r":{"a":0,"k":0,"ix":10},"p":{"a":0,"k":[155.5,276.5,0],"ix":2},"a":{"a":0,"k":[155.5,276.5,0],"ix":1},"s":{"a":0,"k":[100,100,100],"ix":6}},"ao":0,"ip":1.86666666666667,"op":2.8,"st":1.86666666666667,"bm":0},{"ddd":0,"ind":4,"ty":2,"nm":"diy1337696972qq_00003.png","cl":"png","refId":"image_9","sr":1,"ks":{"o":{"a":0,"k":100,"ix":11},"r":{"a":0,"k":0,"ix":10},"p":{"a":0,"k":[155.5,276.5,0],"ix":2},"a":{"a":0,"k":[155.5,276.5,0],"ix":1},"s":{"a":0,"k":[100,100,100],"ix":6}},"ao":0,"ip":2.8,"op":3.73333333333333,"st":2.8,"bm":0},{"ddd":0,"ind":5,"ty":2,"nm":"diy1337696972qq_00004.png","cl":"png","refId":"image_10","sr":1,"ks":{"o":{"a":0,"k":100,"ix":11},"r":{"a":0,"k":0,"ix":10},"p":{"a":0,"k":[155.5,276.5,0],"ix":2},"a":{"a":0,"k":[155.5,276.5,0],"ix":1},"s":{"a":0,"k":[100,100,100],"ix":6}},"ao":0,"ip":3.73333333333333,"op":4.66666666666667,"st":3.73333333333333,"bm":0},{"ddd":0,"ind":6,"ty":2,"nm":"diy1337696972qq_00005.png","cl":"png","refId":"image_11","sr":1,"ks":{"o":{"a":0,"k":100,"ix":11},"r":{"a":0,"k":0,"ix":10},"p":{"a":0,"k":[155.5,276.5,0],"ix":2},"a":{"a":0,"k":[155.5,276.5,0],"ix":1},"s":{"a":0,"k":[100,100,100],"ix":6}},"ao":0,"ip":4.66666666666667,"op":5.6,"st":4.66666666666667,"bm":0},{"ddd":0,"ind":7,"ty":2,"nm":"diy1337696972qq_00006.png","cl":"png","refId":"image_12","sr":1,"ks":{"o":{"a":0,"k":100,"ix":11},"r":{"a":0,"k":0,"ix":10},"p":{"a":0,"k":[155.5,276.5,0],"ix":2},"a":{"a":0,"k":[155.5,276.5,0],"ix":1},"s":{"a":0,"k":[100,100,100],"ix":6}},"ao":0,"ip":5.6,"op":6.53333333333333,"st":5.6,"bm":0},{"ddd":0,"ind":8,"ty":2,"nm":"diy1337696972qq_00007.png","cl":"png","refId":"image_13","sr":1,"ks":{"o":{"a":0,"k":100,"ix":11},"r":{"a":0,"k":0,"ix":10},"p":{"a":0,"k":[155.5,276.5,0],"ix":2},"a":{"a":0,"k":[155.5,276.5,0],"ix":1},"s":{"a":0,"k":[100,100,100],"ix":6}},"ao":0,"ip":6.53333333333333,"op":7.46666666666667,"st":6.53333333333333,"bm":0},{"ddd":0,"ind":9,"ty":2,"nm":"diy1337696972qq_00008.png","cl":"png","refId":"image_14","sr":1,"ks":{"o":{"a":0,"k":100,"ix":11},"r":{"a":0,"k":0,"ix":10},"p":{"a":0,"k":[155.5,276.5,0],"ix":2},"a":{"a":0,"k":[155.5,276.5,0],"ix":1},"s":{"a":0,"k":[100,100,100],"ix":6}},"ao":0,"ip":7.46666666666667,"op":8.4,"st":7.46666666666667,"bm":0},{"ddd":0,"ind":10,"ty":2,"nm":"diy1337696972qq_00009.png","cl":"png","refId":"image_15","sr":1,"ks":{"o":{"a":0,"k":100,"ix":11},"r":{"a":0,"k":0,"ix":10},"p":{"a":0,"k":[155.5,276.5,0],"ix":2},"a":{"a":0,"k":[155.5,276.5,0],"ix":1},"s":{"a":0,"k":[100,100,100],"ix":6}},"ao":0,"ip":8.4,"op":9.33333333333333,"st":8.4,"bm":0},{"ddd":0,"ind":11,"ty":2,"nm":"diy1337696972qq_00010.png","cl":"png","refId":"image_16","sr":1,"ks":{"o":{"a":0,"k":100,"ix":11},"r":{"a":0,"k":0,"ix":10},"p":{"a":0,"k":[155.5,276.5,0],"ix":2},"a":{"a":0,"k":[155.5,276.5,0],"ix":1},"s":{"a":0,"k":[100,100,100],"ix":6}},"ao":0,"ip":9.33333333333333,"op":10.2666666666667,"st":9.33333333333333,"bm":0},{"ddd":0,"ind":12,"ty":2,"nm":"diy1337696972qq_00011.png","cl":"png","refId":"image_17","sr":1,"ks":{"o":{"a":0,"k":100,"ix":11},"r":{"a":0,"k":0,"ix":10},"p":{"a":0,"k":[155.5,276.5,0],"ix":2},"a":{"a":0,"k":[155.5,276.5,0],"ix":1},"s":{"a":0,"k":[100,100,100],"ix":6}},"ao":0,"ip":10.2666666666667,"op":11.2,"st":10.2666666666667,"bm":0},{"ddd":0,"ind":13,"ty":2,"nm":"diy1337696972qq_00012.png","cl":"png","refId":"image_18","sr":1,"ks":{"o":{"a":0,"k":100,"ix":11},"r":{"a":0,"k":0,"ix":10},"p":{"a":0,"k":[155.5,276.5,0],"ix":2},"a":{"a":0,"k":[155.5,276.5,0],"ix":1},"s":{"a":0,"k":[100,100,100],"ix":6}},"ao":0,"ip":11.2,"op":12.1333333333333,"st":11.2,"bm":0},{"ddd":0,"ind":14,"ty":2,"nm":"diy1337696972qq_00013.png","cl":"png","refId":"image_19","sr":1,"ks":{"o":{"a":0,"k":100,"ix":11},"r":{"a":0,"k":0,"ix":10},"p":{"a":0,"k":[155.5,276.5,0],"ix":2},"a":{"a":0,"k":[155.5,276.5,0],"ix":1},"s":{"a":0,"k":[100,100,100],"ix":6}},"ao":0,"ip":12.1333333333333,"op":13.0666666666667,"st":12.1333333333333,"bm":0},{"ddd":0,"ind":15,"ty":2,"nm":"diy1337696972qq_00014.png","cl":"png","refId":"image_20","sr":1,"ks":{"o":{"a":0,"k":100,"ix":11},"r":{"a":0,"k":0,"ix":10},"p":{"a":0,"k":[155.5,276.5,0],"ix":2},"a":{"a":0,"k":[155.5,276.5,0],"ix":1},"s":{"a":0,"k":[100,100,100],"ix":6}},"ao":0,"ip":13.0666666666667,"op":14,"st":13.0666666666667,"bm":0},{"ddd":0,"ind":16,"ty":2,"nm":"diy1337696972qq_00015.png","cl":"png","refId":"image_21","sr":1,"ks":{"o":{"a":0,"k":100,"ix":11},"r":{"a":0,"k":0,"ix":10},"p":{"a":0,"k":[155.5,276.5,0],"ix":2},"a":{"a":0,"k":[155.5,276.5,0],"ix":1},"s":{"a":0,"k":[100,100,100],"ix":6}},"ao":0,"ip":14,"op":14.9333333333333,"st":14,"bm":0},{"ddd":0,"ind":17,"ty":2,"nm":"diy1337696972qq_00016.png","cl":"png","refId":"image_22","sr":1,"ks":{"o":{"a":0,"k":100,"ix":11},"r":{"a":0,"k":0,"ix":10},"p":{"a":0,"k":[155.5,276.5,0],"ix":2},"a":{"a":0,"k":[155.5,276.5,0],"ix":1},"s":{"a":0,"k":[100,100,100],"ix":6}},"ao":0,"ip":14.9333333333333,"op":15.8666666666667,"st":14.9333333333333,"bm":0},{"ddd":0,"ind":18,"ty":2,"nm":"diy1337696972qq_00017.png","cl":"png","refId":"image_23","sr":1,"ks":{"o":{"a":0,"k":100,"ix":11},"r":{"a":0,"k":0,"ix":10},"p":{"a":0,"k":[155.5,276.5,0],"ix":2},"a":{"a":0,"k":[155.5,276.5,0],"ix":1},"s":{"a":0,"k":[100,100,100],"ix":6}},"ao":0,"ip":15.8666666666667,"op":16.8,"st":15.8666666666667,"bm":0},{"ddd":0,"ind":19,"ty":2,"nm":"diy1337696972qq_00018.png","cl":"png","refId":"image_24","sr":1,"ks":{"o":{"a":0,"k":100,"ix":11},"r":{"a":0,"k":0,"ix":10},"p":{"a":0,"k":[155.5,276.5,0],"ix":2},"a":{"a":0,"k":[155.5,276.5,0],"ix":1},"s":{"a":0,"k":[100,100,100],"ix":6}},"ao":0,"ip":16.8,"op":17.7333333333333,"st":16.8,"bm":0},{"ddd":0,"ind":20,"ty":2,"nm":"diy1337696972qq_00019.png","cl":"png","refId":"image_25","sr":1,"ks":{"o":{"a":0,"k":100,"ix":11},"r":{"a":0,"k":0,"ix":10},"p":{"a":0,"k":[155.5,276.5,0],"ix":2},"a":{"a":0,"k":[155.5,276.5,0],"ix":1},"s":{"a":0,"k":[100,100,100],"ix":6}},"ao":0,"ip":17.7333333333333,"op":18.6666666666667,"st":17.7333333333333,"bm":0},{"ddd":0,"ind":21,"ty":2,"nm":"diy1337696972qq_00020.png","cl":"png","refId":"image_26","sr":1,"ks":{"o":{"a":0,"k":100,"ix":11},"r":{"a":0,"k":0,"ix":10},"p":{"a":0,"k":[155.5,276.5,0],"ix":2},"a":{"a":0,"k":[155.5,276.5,0],"ix":1},"s":{"a":0,"k":[100,100,100],"ix":6}},"ao":0,"ip":18.6666666666667,"op":19.6,"st":18.6666666666667,"bm":0},{"ddd":0,"ind":22,"ty":2,"nm":"diy1337696972qq_00021.png","cl":"png","refId":"image_27","sr":1,"ks":{"o":{"a":0,"k":100,"ix":11},"r":{"a":0,"k":0,"ix":10},"p":{"a":0,"k":[155.5,276.5,0],"ix":2},"a":{"a":0,"k":[155.5,276.5,0],"ix":1},"s":{"a":0,"k":[100,100,100],"ix":6}},"ao":0,"ip":19.6,"op":20.5333333333333,"st":19.6,"bm":0},{"ddd":0,"ind":23,"ty":2,"nm":"diy1337696972qq_00022.png","cl":"png","refId":"image_28","sr":1,"ks":{"o":{"a":0,"k":100,"ix":11},"r":{"a":0,"k":0,"ix":10},"p":{"a":0,"k":[155.5,276.5,0],"ix":2},"a":{"a":0,"k":[155.5,276.5,0],"ix":1},"s":{"a":0,"k":[100,100,100],"ix":6}},"ao":0,"ip":20.5333333333333,"op":21.4666666666667,"st":20.5333333333333,"bm":0},{"ddd":0,"ind":24,"ty":2,"nm":"diy1337696972qq_00023.png","cl":"png","refId":"image_29","sr":1,"ks":{"o":{"a":0,"k":100,"ix":11},"r":{"a":0,"k":0,"ix":10},"p":{"a":0,"k":[155.5,276.5,0],"ix":2},"a":{"a":0,"k":[155.5,276.5,0],"ix":1},"s":{"a":0,"k":[100,100,100],"ix":6}},"ao":0,"ip":21.4666666666667,"op":22.4,"st":21.4666666666667,"bm":0},{"ddd":0,"ind":25,"ty":2,"nm":"diy1337696972qq_00024.png","cl":"png","refId":"image_30","sr":1,"ks":{"o":{"a":0,"k":100,"ix":11},"r":{"a":0,"k":0,"ix":10},"p":{"a":0,"k":[155.5,276.5,0],"ix":2},"a":{"a":0,"k":[155.5,276.5,0],"ix":1},"s":{"a":0,"k":[100,100,100],"ix":6}},"ao":0,"ip":22.4,"op":23.3333333333333,"st":22.4,"bm":0},{"ddd":0,"ind":26,"ty":2,"nm":"diy1337696972qq_00025.png","cl":"png","refId":"image_31","sr":1,"ks":{"o":{"a":0,"k":100,"ix":11},"r":{"a":0,"k":0,"ix":10},"p":{"a":0,"k":[155.5,276.5,0],"ix":2},"a":{"a":0,"k":[155.5,276.5,0],"ix":1},"s":{"a":0,"k":[100,100,100],"ix":6}},"ao":0,"ip":23.3333333333333,"op":24.2666666666667,"st":23.3333333333333,"bm":0},{"ddd":0,"ind":27,"ty":2,"nm":"diy1337696972qq_00026.png","cl":"png","refId":"image_32","sr":1,"ks":{"o":{"a":0,"k":100,"ix":11},"r":{"a":0,"k":0,"ix":10},"p":{"a":0,"k":[155.5,276.5,0],"ix":2},"a":{"a":0,"k":[155.5,276.5,0],"ix":1},"s":{"a":0,"k":[100,100,100],"ix":6}},"ao":0,"ip":24.2666666666667,"op":25.2,"st":24.2666666666667,"bm":0},{"ddd":0,"ind":28,"ty":2,"nm":"diy1337696972qq_00027.png","cl":"png","refId":"image_33","sr":1,"ks":{"o":{"a":0,"k":100,"ix":11},"r":{"a":0,"k":0,"ix":10},"p":{"a":0,"k":[155.5,276.5,0],"ix":2},"a":{"a":0,"k":[155.5,276.5,0],"ix":1},"s":{"a":0,"k":[100,100,100],"ix":6}},"ao":0,"ip":25.2,"op":26.1333333333333,"st":25.2,"bm":0},{"ddd":0,"ind":29,"ty":2,"nm":"diy1337696972qq_00028.png","cl":"png","refId":"image_34","sr":1,"ks":{"o":{"a":0,"k":100,"ix":11},"r":{"a":0,"k":0,"ix":10},"p":{"a":0,"k":[155.5,276.5,0],"ix":2},"a":{"a":0,"k":[155.5,276.5,0],"ix":1},"s":{"a":0,"k":[100,100,100],"ix":6}},"ao":0,"ip":26.1333333333333,"op":27.0666666666667,"st":26.1333333333333,"bm":0},{"ddd":0,"ind":30,"ty":2,"nm":"diy1337696972qq_00029.png","cl":"png","refId":"image_35","sr":1,"ks":{"o":{"a":0,"k":100,"ix":11},"r":{"a":0,"k":0,"ix":10},"p":{"a":0,"k":[155.5,276.5,0],"ix":2},"a":{"a":0,"k":[155.5,276.5,0],"ix":1},"s":{"a":0,"k":[100,100,100],"ix":6}},"ao":0,"ip":27.0666666666667,"op":28,"st":27.0666666666667,"bm":0},{"ddd":0,"ind":31,"ty":2,"nm":"diy1337696972qq_00030.png","cl":"png","refId":"image_36","sr":1,"ks":{"o":{"a":0,"k":100,"ix":11},"r":{"a":0,"k":0,"ix":10},"p":{"a":0,"k":[155.5,276.5,0],"ix":2},"a":{"a":0,"k":[155.5,276.5,0],"ix":1},"s":{"a":0,"k":[100,100,100],"ix":6}},"ao":0,"ip":28,"op":28.9333333333333,"st":28,"bm":0},{"ddd":0,"ind":32,"ty":2,"nm":"diy1337696972qq_00031.png","cl":"png","refId":"image_37","sr":1,"ks":{"o":{"a":0,"k":100,"ix":11},"r":{"a":0,"k":0,"ix":10},"p":{"a":0,"k":[155.5,276.5,0],"ix":2},"a":{"a":0,"k":[155.5,276.5,0],"ix":1},"s":{"a":0,"k":[100,100,100],"ix":6}},"ao":0,"ip":28.9333333333333,"op":29.8666666666667,"st":28.9333333333333,"bm":0},{"ddd":0,"ind":33,"ty":2,"nm":"diy1337696972qq_00032.png","cl":"png","refId":"image_38","sr":1,"ks":{"o":{"a":0,"k":100,"ix":11},"r":{"a":0,"k":0,"ix":10},"p":{"a":0,"k":[155.5,276.5,0],"ix":2},"a":{"a":0,"k":[155.5,276.5,0],"ix":1},"s":{"a":0,"k":[100,100,100],"ix":6}},"ao":0,"ip":29.8666666666667,"op":30.8,"st":29.8666666666667,"bm":0},{"ddd":0,"ind":34,"ty":2,"nm":"diy1337696972qq_00033.png","cl":"png","refId":"image_39","sr":1,"ks":{"o":{"a":0,"k":100,"ix":11},"r":{"a":0,"k":0,"ix":10},"p":{"a":0,"k":[155.5,276.5,0],"ix":2},"a":{"a":0,"k":[155.5,276.5,0],"ix":1},"s":{"a":0,"k":[100,100,100],"ix":6}},"ao":0,"ip":30.8,"op":31.7333333333333,"st":30.8,"bm":0},{"ddd":0,"ind":35,"ty":2,"nm":"diy1337696972qq_00034.png","cl":"png","refId":"image_40","sr":1,"ks":{"o":{"a":0,"k":100,"ix":11},"r":{"a":0,"k":0,"ix":10},"p":{"a":0,"k":[155.5,276.5,0],"ix":2},"a":{"a":0,"k":[155.5,276.5,0],"ix":1},"s":{"a":0,"k":[100,100,100],"ix":6}},"ao":0,"ip":31.7333333333333,"op":32.6666666666667,"st":31.7333333333333,"bm":0},{"ddd":0,"ind":36,"ty":2,"nm":"diy1337696972qq_00035.png","cl":"png","refId":"image_41","sr":1,"ks":{"o":{"a":0,"k":100,"ix":11},"r":{"a":0,"k":0,"ix":10},"p":{"a":0,"k":[155.5,276.5,0],"ix":2},"a":{"a":0,"k":[155.5,276.5,0],"ix":1},"s":{"a":0,"k":[100,100,100],"ix":6}},"ao":0,"ip":32.6666666666667,"op":33.6,"st":32.6666666666667,"bm":0},{"ddd":0,"ind":37,"ty":2,"nm":"diy1337696972qq_00036.png","cl":"png","refId":"image_42","sr":1,"ks":{"o":{"a":0,"k":100,"ix":11},"r":{"a":0,"k":0,"ix":10},"p":{"a":0,"k":[155.5,276.5,0],"ix":2},"a":{"a":0,"k":[155.5,276.5,0],"ix":1},"s":{"a":0,"k":[100,100,100],"ix":6}},"ao":0,"ip":33.6,"op":34.5333333333333,"st":33.6,"bm":0},{"ddd":0,"ind":38,"ty":2,"nm":"diy1337696972qq_00037.png","cl":"png","refId":"image_43","sr":1,"ks":{"o":{"a":0,"k":100,"ix":11},"r":{"a":0,"k":0,"ix":10},"p":{"a":0,"k":[155.5,276.5,0],"ix":2},"a":{"a":0,"k":[155.5,276.5,0],"ix":1},"s":{"a":0,"k":[100,100,100],"ix":6}},"ao":0,"ip":34.5333333333333,"op":35.4666666666667,"st":34.5333333333333,"bm":0},{"ddd":0,"ind":39,"ty":2,"nm":"diy1337696972qq_00038.png","cl":"png","refId":"image_44","sr":1,"ks":{"o":{"a":0,"k":100,"ix":11},"r":{"a":0,"k":0,"ix":10},"p":{"a":0,"k":[155.5,276.5,0],"ix":2},"a":{"a":0,"k":[155.5,276.5,0],"ix":1},"s":{"a":0,"k":[100,100,100],"ix":6}},"ao":0,"ip":35.4666666666667,"op":36.4,"st":35.4666666666667,"bm":0},{"ddd":0,"ind":40,"ty":2,"nm":"diy1337696972qq_00039.png","cl":"png","refId":"image_45","sr":1,"ks":{"o":{"a":0,"k":100,"ix":11},"r":{"a":0,"k":0,"ix":10},"p":{"a":0,"k":[155.5,276.5,0],"ix":2},"a":{"a":0,"k":[155.5,276.5,0],"ix":1},"s":{"a":0,"k":[100,100,100],"ix":6}},"ao":0,"ip":36.4,"op":37.3333333333333,"st":36.4,"bm":0},{"ddd":0,"ind":41,"ty":2,"nm":"diy1337696972qq_00040.png","cl":"png","refId":"image_46","sr":1,"ks":{"o":{"a":0,"k":100,"ix":11},"r":{"a":0,"k":0,"ix":10},"p":{"a":0,"k":[155.5,276.5,0],"ix":2},"a":{"a":0,"k":[155.5,276.5,0],"ix":1},"s":{"a":0,"k":[100,100,100],"ix":6}},"ao":0,"ip":37.3333333333333,"op":38.2666666666667,"st":37.3333333333333,"bm":0},{"ddd":0,"ind":42,"ty":2,"nm":"diy1337696972qq_00041.png","cl":"png","refId":"image_47","sr":1,"ks":{"o":{"a":0,"k":100,"ix":11},"r":{"a":0,"k":0,"ix":10},"p":{"a":0,"k":[155.5,276.5,0],"ix":2},"a":{"a":0,"k":[155.5,276.5,0],"ix":1},"s":{"a":0,"k":[100,100,100],"ix":6}},"ao":0,"ip":38.2666666666667,"op":39.2,"st":38.2666666666667,"bm":0},{"ddd":0,"ind":43,"ty":2,"nm":"diy1337696972qq_00042.png","cl":"png","refId":"image_48","sr":1,"ks":{"o":{"a":0,"k":100,"ix":11},"r":{"a":0,"k":0,"ix":10},"p":{"a":0,"k":[155.5,276.5,0],"ix":2},"a":{"a":0,"k":[155.5,276.5,0],"ix":1},"s":{"a":0,"k":[100,100,100],"ix":6}},"ao":0,"ip":39.2,"op":40.1333333333333,"st":39.2,"bm":0},{"ddd":0,"ind":44,"ty":2,"nm":"diy1337696972qq_00043.png","cl":"png","refId":"image_49","sr":1,"ks":{"o":{"a":0,"k":100,"ix":11},"r":{"a":0,"k":0,"ix":10},"p":{"a":0,"k":[155.5,276.5,0],"ix":2},"a":{"a":0,"k":[155.5,276.5,0],"ix":1},"s":{"a":0,"k":[100,100,100],"ix":6}},"ao":0,"ip":40.1333333333333,"op":41.0666666666667,"st":40.1333333333333,"bm":0},{"ddd":0,"ind":45,"ty":2,"nm":"diy1337696972qq_00044.png","cl":"png","refId":"image_50","sr":1,"ks":{"o":{"a":0,"k":100,"ix":11},"r":{"a":0,"k":0,"ix":10},"p":{"a":0,"k":[155.5,276.5,0],"ix":2},"a":{"a":0,"k":[155.5,276.5,0],"ix":1},"s":{"a":0,"k":[100,100,100],"ix":6}},"ao":0,"ip":41.0666666666667,"op":42,"st":41.0666666666667,"bm":0},{"ddd":0,"ind":46,"ty":2,"nm":"diy1337696972qq_00045.png","cl":"png","refId":"image_51","sr":1,"ks":{"o":{"a":0,"k":100,"ix":11},"r":{"a":0,"k":0,"ix":10},"p":{"a":0,"k":[155.5,276.5,0],"ix":2},"a":{"a":0,"k":[155.5,276.5,0],"ix":1},"s":{"a":0,"k":[100,100,100],"ix":6}},"ao":0,"ip":42,"op":42.9333333333333,"st":42,"bm":0},{"ddd":0,"ind":47,"ty":2,"nm":"diy1337696972qq_00046.png","cl":"png","refId":"image_52","sr":1,"ks":{"o":{"a":0,"k":100,"ix":11},"r":{"a":0,"k":0,"ix":10},"p":{"a":0,"k":[155.5,276.5,0],"ix":2},"a":{"a":0,"k":[155.5,276.5,0],"ix":1},"s":{"a":0,"k":[100,100,100],"ix":6}},"ao":0,"ip":42.9333333333333,"op":43.8666666666667,"st":42.9333333333333,"bm":0},{"ddd":0,"ind":48,"ty":2,"nm":"diy1337696972qq_00047.png","cl":"png","refId":"image_53","sr":1,"ks":{"o":{"a":0,"k":100,"ix":11},"r":{"a":0,"k":0,"ix":10},"p":{"a":0,"k":[155.5,276.5,0],"ix":2},"a":{"a":0,"k":[155.5,276.5,0],"ix":1},"s":{"a":0,"k":[100,100,100],"ix":6}},"ao":0,"ip":43.8666666666667,"op":44.8,"st":43.8666666666667,"bm":0},{"ddd":0,"ind":49,"ty":2,"nm":"diy1337696972qq_00048.png","cl":"png","refId":"image_54","sr":1,"ks":{"o":{"a":0,"k":100,"ix":11},"r":{"a":0,"k":0,"ix":10},"p":{"a":0,"k":[155.5,276.5,0],"ix":2},"a":{"a":0,"k":[155.5,276.5,0],"ix":1},"s":{"a":0,"k":[100,100,100],"ix":6}},"ao":0,"ip":44.8,"op":45.7333333333333,"st":44.8,"bm":0},{"ddd":0,"ind":50,"ty":2,"nm":"diy1337696972qq_00049.png","cl":"png","refId":"image_55","sr":1,"ks":{"o":{"a":0,"k":100,"ix":11},"r":{"a":0,"k":0,"ix":10},"p":{"a":0,"k":[155.5,276.5,0],"ix":2},"a":{"a":0,"k":[155.5,276.5,0],"ix":1},"s":{"a":0,"k":[100,100,100],"ix":6}},"ao":0,"ip":45.7333333333333,"op":46.6666666666667,"st":45.7333333333333,"bm":0},{"ddd":0,"ind":51,"ty":2,"nm":"diy1337696972qq_00050.png","cl":"png","refId":"image_56","sr":1,"ks":{"o":{"a":0,"k":100,"ix":11},"r":{"a":0,"k":0,"ix":10},"p":{"a":0,"k":[155.5,276.5,0],"ix":2},"a":{"a":0,"k":[155.5,276.5,0],"ix":1},"s":{"a":0,"k":[100,100,100],"ix":6}},"ao":0,"ip":46.6666666666667,"op":47.6,"st":46.6666666666667,"bm":0},{"ddd":0,"ind":52,"ty":2,"nm":"diy1337696972qq_00051.png","cl":"png","refId":"image_57","sr":1,"ks":{"o":{"a":0,"k":100,"ix":11},"r":{"a":0,"k":0,"ix":10},"p":{"a":0,"k":[155.5,276.5,0],"ix":2},"a":{"a":0,"k":[155.5,276.5,0],"ix":1},"s":{"a":0,"k":[100,100,100],"ix":6}},"ao":0,"ip":47.6,"op":48.5333333333333,"st":47.6,"bm":0},{"ddd":0,"ind":53,"ty":2,"nm":"diy1337696972qq_00052.png","cl":"png","refId":"image_58","sr":1,"ks":{"o":{"a":0,"k":100,"ix":11},"r":{"a":0,"k":0,"ix":10},"p":{"a":0,"k":[155.5,276.5,0],"ix":2},"a":{"a":0,"k":[155.5,276.5,0],"ix":1},"s":{"a":0,"k":[100,100,100],"ix":6}},"ao":0,"ip":48.5333333333333,"op":49.4666666666667,"st":48.5333333333333,"bm":0},{"ddd":0,"ind":54,"ty":2,"nm":"diy1337696972qq_00053.png","cl":"png","refId":"image_59","sr":1,"ks":{"o":{"a":0,"k":100,"ix":11},"r":{"a":0,"k":0,"ix":10},"p":{"a":0,"k":[155.5,276.5,0],"ix":2},"a":{"a":0,"k":[155.5,276.5,0],"ix":1},"s":{"a":0,"k":[100,100,100],"ix":6}},"ao":0,"ip":49.4666666666667,"op":50.4,"st":49.4666666666667,"bm":0},{"ddd":0,"ind":55,"ty":2,"nm":"diy1337696972qq_00054.png","cl":"png","refId":"image_60","sr":1,"ks":{"o":{"a":0,"k":100,"ix":11},"r":{"a":0,"k":0,"ix":10},"p":{"a":0,"k":[155.5,276.5,0],"ix":2},"a":{"a":0,"k":[155.5,276.5,0],"ix":1},"s":{"a":0,"k":[100,100,100],"ix":6}},"ao":0,"ip":50.4,"op":51.3333333333333,"st":50.4,"bm":0},{"ddd":0,"ind":56,"ty":2,"nm":"diy1337696972qq_00055.png","cl":"png","refId":"image_61","sr":1,"ks":{"o":{"a":0,"k":100,"ix":11},"r":{"a":0,"k":0,"ix":10},"p":{"a":0,"k":[155.5,276.5,0],"ix":2},"a":{"a":0,"k":[155.5,276.5,0],"ix":1},"s":{"a":0,"k":[100,100,100],"ix":6}},"ao":0,"ip":51.3333333333333,"op":52.2666666666667,"st":51.3333333333333,"bm":0},{"ddd":0,"ind":57,"ty":2,"nm":"diy1337696972qq_00056.png","cl":"png","refId":"image_62","sr":1,"ks":{"o":{"a":0,"k":100,"ix":11},"r":{"a":0,"k":0,"ix":10},"p":{"a":0,"k":[155.5,276.5,0],"ix":2},"a":{"a":0,"k":[155.5,276.5,0],"ix":1},"s":{"a":0,"k":[100,100,100],"ix":6}},"ao":0,"ip":52.2666666666667,"op":53.2,"st":52.2666666666667,"bm":0},{"ddd":0,"ind":58,"ty":2,"nm":"diy1337696972qq_00057.png","cl":"png","refId":"image_63","sr":1,"ks":{"o":{"a":0,"k":100,"ix":11},"r":{"a":0,"k":0,"ix":10},"p":{"a":0,"k":[155.5,276.5,0],"ix":2},"a":{"a":0,"k":[155.5,276.5,0],"ix":1},"s":{"a":0,"k":[100,100,100],"ix":6}},"ao":0,"ip":53.2,"op":54.1333333333333,"st":53.2,"bm":0},{"ddd":0,"ind":59,"ty":2,"nm":"diy1337696972qq_00058.png","cl":"png","refId":"image_64","sr":1,"ks":{"o":{"a":0,"k":100,"ix":11},"r":{"a":0,"k":0,"ix":10},"p":{"a":0,"k":[155.5,276.5,0],"ix":2},"a":{"a":0,"k":[155.5,276.5,0],"ix":1},"s":{"a":0,"k":[100,100,100],"ix":6}},"ao":0,"ip":54.1333333333333,"op":55.0666666666667,"st":54.1333333333333,"bm":0},{"ddd":0,"ind":60,"ty":2,"nm":"diy1337696972qq_00059.png","cl":"png","refId":"image_65","sr":1,"ks":{"o":{"a":0,"k":100,"ix":11},"r":{"a":0,"k":0,"ix":10},"p":{"a":0,"k":[155.5,276.5,0],"ix":2},"a":{"a":0,"k":[155.5,276.5,0],"ix":1},"s":{"a":0,"k":[100,100,100],"ix":6}},"ao":0,"ip":55.0666666666667,"op":56,"st":55.0666666666667,"bm":0},{"ddd":0,"ind":61,"ty":2,"nm":"diy1337696972qq_00060.png","cl":"png","refId":"image_66","sr":1,"ks":{"o":{"a":0,"k":100,"ix":11},"r":{"a":0,"k":0,"ix":10},"p":{"a":0,"k":[155.5,276.5,0],"ix":2},"a":{"a":0,"k":[155.5,276.5,0],"ix":1},"s":{"a":0,"k":[100,100,100],"ix":6}},"ao":0,"ip":56,"op":56.9333333333333,"st":56,"bm":0},{"ddd":0,"ind":62,"ty":2,"nm":"diy1337696972qq_00061.png","cl":"png","refId":"image_67","sr":1,"ks":{"o":{"a":0,"k":100,"ix":11},"r":{"a":0,"k":0,"ix":10},"p":{"a":0,"k":[155.5,276.5,0],"ix":2},"a":{"a":0,"k":[155.5,276.5,0],"ix":1},"s":{"a":0,"k":[100,100,100],"ix":6}},"ao":0,"ip":56.9333333333333,"op":57.8666666666667,"st":56.9333333333333,"bm":0},{"ddd":0,"ind":63,"ty":2,"nm":"diy1337696972qq_00062.png","cl":"png","refId":"image_68","sr":1,"ks":{"o":{"a":0,"k":100,"ix":11},"r":{"a":0,"k":0,"ix":10},"p":{"a":0,"k":[155.5,276.5,0],"ix":2},"a":{"a":0,"k":[155.5,276.5,0],"ix":1},"s":{"a":0,"k":[100,100,100],"ix":6}},"ao":0,"ip":57.8666666666667,"op":58.8,"st":57.8666666666667,"bm":0},{"ddd":0,"ind":64,"ty":2,"nm":"diy1337696972qq_00063.png","cl":"png","refId":"image_69","sr":1,"ks":{"o":{"a":0,"k":100,"ix":11},"r":{"a":0,"k":0,"ix":10},"p":{"a":0,"k":[155.5,276.5,0],"ix":2},"a":{"a":0,"k":[155.5,276.5,0],"ix":1},"s":{"a":0,"k":[100,100,100],"ix":6}},"ao":0,"ip":58.8,"op":59.7333333333333,"st":58.8,"bm":0},{"ddd":0,"ind":65,"ty":2,"nm":"diy1337696972qq_00064.png","cl":"png","refId":"image_70","sr":1,"ks":{"o":{"a":0,"k":100,"ix":11},"r":{"a":0,"k":0,"ix":10},"p":{"a":0,"k":[155.5,276.5,0],"ix":2},"a":{"a":0,"k":[155.5,276.5,0],"ix":1},"s":{"a":0,"k":[100,100,100],"ix":6}},"ao":0,"ip":59.7333333333333,"op":60.6666666666667,"st":59.7333333333333,"bm":0},{"ddd":0,"ind":66,"ty":2,"nm":"diy1337696972qq_00065.png","cl":"png","refId":"image_71","sr":1,"ks":{"o":{"a":0,"k":100,"ix":11},"r":{"a":0,"k":0,"ix":10},"p":{"a":0,"k":[155.5,276.5,0],"ix":2},"a":{"a":0,"k":[155.5,276.5,0],"ix":1},"s":{"a":0,"k":[100,100,100],"ix":6}},"ao":0,"ip":60.6666666666667,"op":61.6,"st":60.6666666666667,"bm":0},{"ddd":0,"ind":67,"ty":2,"nm":"diy1337696972qq_00066.png","cl":"png","refId":"image_72","sr":1,"ks":{"o":{"a":0,"k":100,"ix":11},"r":{"a":0,"k":0,"ix":10},"p":{"a":0,"k":[155.5,276.5,0],"ix":2},"a":{"a":0,"k":[155.5,276.5,0],"ix":1},"s":{"a":0,"k":[100,100,100],"ix":6}},"ao":0,"ip":61.6,"op":62.5333333333333,"st":61.6,"bm":0},{"ddd":0,"ind":68,"ty":2,"nm":"diy1337696972qq_00067.png","cl":"png","refId":"image_73","sr":1,"ks":{"o":{"a":0,"k":100,"ix":11},"r":{"a":0,"k":0,"ix":10},"p":{"a":0,"k":[155.5,276.5,0],"ix":2},"a":{"a":0,"k":[155.5,276.5,0],"ix":1},"s":{"a":0,"k":[100,100,100],"ix":6}},"ao":0,"ip":62.5333333333333,"op":63.4666666666667,"st":62.5333333333333,"bm":0},{"ddd":0,"ind":69,"ty":2,"nm":"diy1337696972qq_00068.png","cl":"png","refId":"image_74","sr":1,"ks":{"o":{"a":0,"k":100,"ix":11},"r":{"a":0,"k":0,"ix":10},"p":{"a":0,"k":[155.5,276.5,0],"ix":2},"a":{"a":0,"k":[155.5,276.5,0],"ix":1},"s":{"a":0,"k":[100,100,100],"ix":6}},"ao":0,"ip":63.4666666666667,"op":64.4,"st":63.4666666666667,"bm":0},{"ddd":0,"ind":70,"ty":2,"nm":"diy1337696972qq_00069.png","cl":"png","refId":"image_75","sr":1,"ks":{"o":{"a":0,"k":100,"ix":11},"r":{"a":0,"k":0,"ix":10},"p":{"a":0,"k":[155.5,276.5,0],"ix":2},"a":{"a":0,"k":[155.5,276.5,0],"ix":1},"s":{"a":0,"k":[100,100,100],"ix":6}},"ao":0,"ip":64.4,"op":65.3333333333333,"st":64.4,"bm":0},{"ddd":0,"ind":71,"ty":2,"nm":"diy1337696972qq_00070.png","cl":"png","refId":"image_76","sr":1,"ks":{"o":{"a":0,"k":100,"ix":11},"r":{"a":0,"k":0,"ix":10},"p":{"a":0,"k":[155.5,276.5,0],"ix":2},"a":{"a":0,"k":[155.5,276.5,0],"ix":1},"s":{"a":0,"k":[100,100,100],"ix":6}},"ao":0,"ip":65.3333333333333,"op":66.2666666666667,"st":65.3333333333333,"bm":0},{"ddd":0,"ind":72,"ty":2,"nm":"diy1337696972qq_00071.png","cl":"png","refId":"image_77","sr":1,"ks":{"o":{"a":0,"k":100,"ix":11},"r":{"a":0,"k":0,"ix":10},"p":{"a":0,"k":[155.5,276.5,0],"ix":2},"a":{"a":0,"k":[155.5,276.5,0],"ix":1},"s":{"a":0,"k":[100,100,100],"ix":6}},"ao":0,"ip":66.2666666666667,"op":67.2,"st":66.2666666666667,"bm":0},{"ddd":0,"ind":73,"ty":2,"nm":"diy1337696972qq_00072.png","cl":"png","refId":"image_78","sr":1,"ks":{"o":{"a":0,"k":100,"ix":11},"r":{"a":0,"k":0,"ix":10},"p":{"a":0,"k":[155.5,276.5,0],"ix":2},"a":{"a":0,"k":[155.5,276.5,0],"ix":1},"s":{"a":0,"k":[100,100,100],"ix":6}},"ao":0,"ip":67.2,"op":68.1333333333333,"st":67.2,"bm":0},{"ddd":0,"ind":74,"ty":2,"nm":"diy1337696972qq_00073.png","cl":"png","refId":"image_79","sr":1,"ks":{"o":{"a":0,"k":100,"ix":11},"r":{"a":0,"k":0,"ix":10},"p":{"a":0,"k":[155.5,276.5,0],"ix":2},"a":{"a":0,"k":[155.5,276.5,0],"ix":1},"s":{"a":0,"k":[100,100,100],"ix":6}},"ao":0,"ip":68.1333333333333,"op":69.0666666666667,"st":68.1333333333333,"bm":0},{"ddd":0,"ind":75,"ty":2,"nm":"diy1337696972qq_00074.png","cl":"png","refId":"image_80","sr":1,"ks":{"o":{"a":0,"k":100,"ix":11},"r":{"a":0,"k":0,"ix":10},"p":{"a":0,"k":[155.5,276.5,0],"ix":2},"a":{"a":0,"k":[155.5,276.5,0],"ix":1},"s":{"a":0,"k":[100,100,100],"ix":6}},"ao":0,"ip":69.0666666666667,"op":70,"st":69.0666666666667,"bm":0},{"ddd":0,"ind":76,"ty":2,"nm":"diy1337696972qq_00075.png","cl":"png","refId":"image_81","sr":1,"ks":{"o":{"a":0,"k":100,"ix":11},"r":{"a":0,"k":0,"ix":10},"p":{"a":0,"k":[155.5,276.5,0],"ix":2},"a":{"a":0,"k":[155.5,276.5,0],"ix":1},"s":{"a":0,"k":[100,100,100],"ix":6}},"ao":0,"ip":70,"op":70.9333333333333,"st":70,"bm":0},{"ddd":0,"ind":77,"ty":2,"nm":"diy1337696972qq_00076.png","cl":"png","refId":"image_82","sr":1,"ks":{"o":{"a":0,"k":100,"ix":11},"r":{"a":0,"k":0,"ix":10},"p":{"a":0,"k":[155.5,276.5,0],"ix":2},"a":{"a":0,"k":[155.5,276.5,0],"ix":1},"s":{"a":0,"k":[100,100,100],"ix":6}},"ao":0,"ip":70.9333333333333,"op":71.8666666666667,"st":70.9333333333333,"bm":0},{"ddd":0,"ind":78,"ty":2,"nm":"diy1337696972qq_00077.png","cl":"png","refId":"image_83","sr":1,"ks":{"o":{"a":0,"k":100,"ix":11},"r":{"a":0,"k":0,"ix":10},"p":{"a":0,"k":[155.5,276.5,0],"ix":2},"a":{"a":0,"k":[155.5,276.5,0],"ix":1},"s":{"a":0,"k":[100,100,100],"ix":6}},"ao":0,"ip":71.8666666666667,"op":72.8,"st":71.8666666666667,"bm":0},{"ddd":0,"ind":79,"ty":2,"nm":"diy1337696972qq_00078.png","cl":"png","refId":"image_84","sr":1,"ks":{"o":{"a":0,"k":100,"ix":11},"r":{"a":0,"k":0,"ix":10},"p":{"a":0,"k":[155.5,276.5,0],"ix":2},"a":{"a":0,"k":[155.5,276.5,0],"ix":1},"s":{"a":0,"k":[100,100,100],"ix":6}},"ao":0,"ip":72.8,"op":73.7333333333333,"st":72.8,"bm":0},{"ddd":0,"ind":80,"ty":2,"nm":"diy1337696972qq_00079.png","cl":"png","refId":"image_85","sr":1,"ks":{"o":{"a":0,"k":100,"ix":11},"r":{"a":0,"k":0,"ix":10},"p":{"a":0,"k":[155.5,276.5,0],"ix":2},"a":{"a":0,"k":[155.5,276.5,0],"ix":1},"s":{"a":0,"k":[100,100,100],"ix":6}},"ao":0,"ip":73.7333333333333,"op":74.6666666666667,"st":73.7333333333333,"bm":0},{"ddd":0,"ind":81,"ty":2,"nm":"diy1337696972qq_00080.png","cl":"png","refId":"image_86","sr":1,"ks":{"o":{"a":0,"k":100,"ix":11},"r":{"a":0,"k":0,"ix":10},"p":{"a":0,"k":[155.5,276.5,0],"ix":2},"a":{"a":0,"k":[155.5,276.5,0],"ix":1},"s":{"a":0,"k":[100,100,100],"ix":6}},"ao":0,"ip":74.6666666666667,"op":75.6,"st":74.6666666666667,"bm":0},{"ddd":0,"ind":82,"ty":2,"nm":"diy1337696972qq_00081.png","cl":"png","refId":"image_87","sr":1,"ks":{"o":{"a":0,"k":100,"ix":11},"r":{"a":0,"k":0,"ix":10},"p":{"a":0,"k":[155.5,276.5,0],"ix":2},"a":{"a":0,"k":[155.5,276.5,0],"ix":1},"s":{"a":0,"k":[100,100,100],"ix":6}},"ao":0,"ip":75.6,"op":76.5333333333333,"st":75.6,"bm":0},{"ddd":0,"ind":83,"ty":2,"nm":"diy1337696972qq_00082.png","cl":"png","refId":"image_88","sr":1,"ks":{"o":{"a":0,"k":100,"ix":11},"r":{"a":0,"k":0,"ix":10},"p":{"a":0,"k":[155.5,276.5,0],"ix":2},"a":{"a":0,"k":[155.5,276.5,0],"ix":1},"s":{"a":0,"k":[100,100,100],"ix":6}},"ao":0,"ip":76.5333333333333,"op":77.4666666666667,"st":76.5333333333333,"bm":0},{"ddd":0,"ind":84,"ty":2,"nm":"diy1337696972qq_00083.png","cl":"png","refId":"image_89","sr":1,"ks":{"o":{"a":0,"k":100,"ix":11},"r":{"a":0,"k":0,"ix":10},"p":{"a":0,"k":[155.5,276.5,0],"ix":2},"a":{"a":0,"k":[155.5,276.5,0],"ix":1},"s":{"a":0,"k":[100,100,100],"ix":6}},"ao":0,"ip":77.4666666666667,"op":78.4,"st":77.4666666666667,"bm":0},{"ddd":0,"ind":85,"ty":2,"nm":"diy1337696972qq_00084.png","cl":"png","refId":"image_90","sr":1,"ks":{"o":{"a":0,"k":100,"ix":11},"r":{"a":0,"k":0,"ix":10},"p":{"a":0,"k":[155.5,276.5,0],"ix":2},"a":{"a":0,"k":[155.5,276.5,0],"ix":1},"s":{"a":0,"k":[100,100,100],"ix":6}},"ao":0,"ip":78.4,"op":79.3333333333333,"st":78.4,"bm":0},{"ddd":0,"ind":86,"ty":2,"nm":"diy1337696972qq_00085.png","cl":"png","refId":"image_91","sr":1,"ks":{"o":{"a":0,"k":100,"ix":11},"r":{"a":0,"k":0,"ix":10},"p":{"a":0,"k":[155.5,276.5,0],"ix":2},"a":{"a":0,"k":[155.5,276.5,0],"ix":1},"s":{"a":0,"k":[100,100,100],"ix":6}},"ao":0,"ip":79.3333333333333,"op":80.2666666666667,"st":79.3333333333333,"bm":0},{"ddd":0,"ind":87,"ty":2,"nm":"diy1337696972qq_00086.png","cl":"png","refId":"image_92","sr":1,"ks":{"o":{"a":0,"k":100,"ix":11},"r":{"a":0,"k":0,"ix":10},"p":{"a":0,"k":[155.5,276.5,0],"ix":2},"a":{"a":0,"k":[155.5,276.5,0],"ix":1},"s":{"a":0,"k":[100,100,100],"ix":6}},"ao":0,"ip":80.2666666666667,"op":81.2,"st":80.2666666666667,"bm":0},{"ddd":0,"ind":88,"ty":2,"nm":"diy1337696972qq_00087.png","cl":"png","refId":"image_93","sr":1,"ks":{"o":{"a":0,"k":100,"ix":11},"r":{"a":0,"k":0,"ix":10},"p":{"a":0,"k":[155.5,276.5,0],"ix":2},"a":{"a":0,"k":[155.5,276.5,0],"ix":1},"s":{"a":0,"k":[100,100,100],"ix":6}},"ao":0,"ip":81.2,"op":82.1333333333333,"st":81.2,"bm":0},{"ddd":0,"ind":89,"ty":2,"nm":"diy1337696972qq_00088.png","cl":"png","refId":"image_94","sr":1,"ks":{"o":{"a":0,"k":100,"ix":11},"r":{"a":0,"k":0,"ix":10},"p":{"a":0,"k":[155.5,276.5,0],"ix":2},"a":{"a":0,"k":[155.5,276.5,0],"ix":1},"s":{"a":0,"k":[100,100,100],"ix":6}},"ao":0,"ip":82.1333333333333,"op":83.0666666666667,"st":82.1333333333333,"bm":0},{"ddd":0,"ind":90,"ty":2,"nm":"diy1337696972qq_00089.png","cl":"png","refId":"image_95","sr":1,"ks":{"o":{"a":0,"k":100,"ix":11},"r":{"a":0,"k":0,"ix":10},"p":{"a":0,"k":[155.5,276.5,0],"ix":2},"a":{"a":0,"k":[155.5,276.5,0],"ix":1},"s":{"a":0,"k":[100,100,100],"ix":6}},"ao":0,"ip":83.0666666666667,"op":84,"st":83.0666666666667,"bm":0},{"ddd":0,"ind":91,"ty":2,"nm":"diy1337696972qq_00090.png","cl":"png","refId":"image_96","sr":1,"ks":{"o":{"a":0,"k":100,"ix":11},"r":{"a":0,"k":0,"ix":10},"p":{"a":0,"k":[155.5,276.5,0],"ix":2},"a":{"a":0,"k":[155.5,276.5,0],"ix":1},"s":{"a":0,"k":[100,100,100],"ix":6}},"ao":0,"ip":84,"op":84.9333333333333,"st":84,"bm":0},{"ddd":0,"ind":92,"ty":2,"nm":"diy1337696972qq_00091.png","cl":"png","refId":"image_97","sr":1,"ks":{"o":{"a":0,"k":100,"ix":11},"r":{"a":0,"k":0,"ix":10},"p":{"a":0,"k":[155.5,276.5,0],"ix":2},"a":{"a":0,"k":[155.5,276.5,0],"ix":1},"s":{"a":0,"k":[100,100,100],"ix":6}},"ao":0,"ip":84.9333333333333,"op":85.8666666666667,"st":84.9333333333333,"bm":0},{"ddd":0,"ind":93,"ty":2,"nm":"diy1337696972qq_00092.png","cl":"png","refId":"image_98","sr":1,"ks":{"o":{"a":0,"k":100,"ix":11},"r":{"a":0,"k":0,"ix":10},"p":{"a":0,"k":[155.5,276.5,0],"ix":2},"a":{"a":0,"k":[155.5,276.5,0],"ix":1},"s":{"a":0,"k":[100,100,100],"ix":6}},"ao":0,"ip":85.8666666666667,"op":86.8,"st":85.8666666666667,"bm":0},{"ddd":0,"ind":94,"ty":2,"nm":"diy1337696972qq_00093.png","cl":"png","refId":"image_99","sr":1,"ks":{"o":{"a":0,"k":100,"ix":11},"r":{"a":0,"k":0,"ix":10},"p":{"a":0,"k":[155.5,276.5,0],"ix":2},"a":{"a":0,"k":[155.5,276.5,0],"ix":1},"s":{"a":0,"k":[100,100,100],"ix":6}},"ao":0,"ip":86.8,"op":87.7333333333333,"st":86.8,"bm":0},{"ddd":0,"ind":95,"ty":2,"nm":"diy1337696972qq_00094.png","cl":"png","refId":"image_100","sr":1,"ks":{"o":{"a":0,"k":100,"ix":11},"r":{"a":0,"k":0,"ix":10},"p":{"a":0,"k":[155.5,276.5,0],"ix":2},"a":{"a":0,"k":[155.5,276.5,0],"ix":1},"s":{"a":0,"k":[100,100,100],"ix":6}},"ao":0,"ip":87.7333333333333,"op":88.6666666666667,"st":87.7333333333333,"bm":0},{"ddd":0,"ind":96,"ty":2,"nm":"diy1337696972qq_00095.png","cl":"png","refId":"image_101","sr":1,"ks":{"o":{"a":0,"k":100,"ix":11},"r":{"a":0,"k":0,"ix":10},"p":{"a":0,"k":[155.5,276.5,0],"ix":2},"a":{"a":0,"k":[155.5,276.5,0],"ix":1},"s":{"a":0,"k":[100,100,100],"ix":6}},"ao":0,"ip":88.6666666666667,"op":89.6,"st":88.6666666666667,"bm":0},{"ddd":0,"ind":97,"ty":2,"nm":"diy1337696972qq_00096.png","cl":"png","refId":"image_102","sr":1,"ks":{"o":{"a":0,"k":100,"ix":11},"r":{"a":0,"k":0,"ix":10},"p":{"a":0,"k":[155.5,276.5,0],"ix":2},"a":{"a":0,"k":[155.5,276.5,0],"ix":1},"s":{"a":0,"k":[100,100,100],"ix":6}},"ao":0,"ip":89.6,"op":90.5333333333333,"st":89.6,"bm":0},{"ddd":0,"ind":98,"ty":2,"nm":"diy1337696972qq_00097.png","cl":"png","refId":"image_103","sr":1,"ks":{"o":{"a":0,"k":100,"ix":11},"r":{"a":0,"k":0,"ix":10},"p":{"a":0,"k":[155.5,276.5,0],"ix":2},"a":{"a":0,"k":[155.5,276.5,0],"ix":1},"s":{"a":0,"k":[100,100,100],"ix":6}},"ao":0,"ip":90.5333333333333,"op":91.4666666666667,"st":90.5333333333333,"bm":0},{"ddd":0,"ind":99,"ty":2,"nm":"diy1337696972qq_00098.png","cl":"png","refId":"image_104","sr":1,"ks":{"o":{"a":0,"k":100,"ix":11},"r":{"a":0,"k":0,"ix":10},"p":{"a":0,"k":[155.5,276.5,0],"ix":2},"a":{"a":0,"k":[155.5,276.5,0],"ix":1},"s":{"a":0,"k":[100,100,100],"ix":6}},"ao":0,"ip":91.4666666666667,"op":92.4,"st":91.4666666666667,"bm":0},{"ddd":0,"ind":100,"ty":2,"nm":"diy1337696972qq_00099.png","cl":"png","refId":"image_105","sr":1,"ks":{"o":{"a":0,"k":100,"ix":11},"r":{"a":0,"k":0,"ix":10},"p":{"a":0,"k":[155.5,276.5,0],"ix":2},"a":{"a":0,"k":[155.5,276.5,0],"ix":1},"s":{"a":0,"k":[100,100,100],"ix":6}},"ao":0,"ip":92.4,"op":93.3333333333333,"st":92.4,"bm":0},{"ddd":0,"ind":101,"ty":2,"nm":"diy1337696972qq_00100.png","cl":"png","refId":"image_106","sr":1,"ks":{"o":{"a":0,"k":100,"ix":11},"r":{"a":0,"k":0,"ix":10},"p":{"a":0,"k":[155.5,276.5,0],"ix":2},"a":{"a":0,"k":[155.5,276.5,0],"ix":1},"s":{"a":0,"k":[100,100,100],"ix":6}},"ao":0,"ip":93.3333333333333,"op":94.2666666666667,"st":93.3333333333333,"bm":0},{"ddd":0,"ind":102,"ty":2,"nm":"diy1337696972qq_00101.png","cl":"png","refId":"image_107","sr":1,"ks":{"o":{"a":0,"k":100,"ix":11},"r":{"a":0,"k":0,"ix":10},"p":{"a":0,"k":[155.5,276.5,0],"ix":2},"a":{"a":0,"k":[155.5,276.5,0],"ix":1},"s":{"a":0,"k":[100,100,100],"ix":6}},"ao":0,"ip":94.2666666666667,"op":95.2,"st":94.2666666666667,"bm":0},{"ddd":0,"ind":103,"ty":2,"nm":"diy1337696972qq_00102.png","cl":"png","refId":"image_108","sr":1,"ks":{"o":{"a":0,"k":100,"ix":11},"r":{"a":0,"k":0,"ix":10},"p":{"a":0,"k":[155.5,276.5,0],"ix":2},"a":{"a":0,"k":[155.5,276.5,0],"ix":1},"s":{"a":0,"k":[100,100,100],"ix":6}},"ao":0,"ip":95.2,"op":96.1333333333333,"st":95.2,"bm":0},{"ddd":0,"ind":104,"ty":2,"nm":"diy1337696972qq_00103.png","cl":"png","refId":"image_109","sr":1,"ks":{"o":{"a":0,"k":100,"ix":11},"r":{"a":0,"k":0,"ix":10},"p":{"a":0,"k":[155.5,276.5,0],"ix":2},"a":{"a":0,"k":[155.5,276.5,0],"ix":1},"s":{"a":0,"k":[100,100,100],"ix":6}},"ao":0,"ip":96.1333333333333,"op":97.0666666666667,"st":96.1333333333333,"bm":0},{"ddd":0,"ind":105,"ty":2,"nm":"diy1337696972qq_00104.png","cl":"png","refId":"image_110","sr":1,"ks":{"o":{"a":0,"k":100,"ix":11},"r":{"a":0,"k":0,"ix":10},"p":{"a":0,"k":[155.5,276.5,0],"ix":2},"a":{"a":0,"k":[155.5,276.5,0],"ix":1},"s":{"a":0,"k":[100,100,100],"ix":6}},"ao":0,"ip":97.0666666666667,"op":98,"st":97.0666666666667,"bm":0},{"ddd":0,"ind":106,"ty":2,"nm":"diy1337696972qq_00105.png","cl":"png","refId":"image_111","sr":1,"ks":{"o":{"a":0,"k":100,"ix":11},"r":{"a":0,"k":0,"ix":10},"p":{"a":0,"k":[155.5,276.5,0],"ix":2},"a":{"a":0,"k":[155.5,276.5,0],"ix":1},"s":{"a":0,"k":[100,100,100],"ix":6}},"ao":0,"ip":98,"op":98.9333333333333,"st":98,"bm":0},{"ddd":0,"ind":107,"ty":2,"nm":"diy1337696972qq_00106.png","cl":"png","refId":"image_112","sr":1,"ks":{"o":{"a":0,"k":100,"ix":11},"r":{"a":0,"k":0,"ix":10},"p":{"a":0,"k":[155.5,276.5,0],"ix":2},"a":{"a":0,"k":[155.5,276.5,0],"ix":1},"s":{"a":0,"k":[100,100,100],"ix":6}},"ao":0,"ip":98.9333333333333,"op":99.8666666666667,"st":98.9333333333333,"bm":0},{"ddd":0,"ind":108,"ty":2,"nm":"diy1337696972qq_00107.png","cl":"png","refId":"image_113","sr":1,"ks":{"o":{"a":0,"k":100,"ix":11},"r":{"a":0,"k":0,"ix":10},"p":{"a":0,"k":[155.5,276.5,0],"ix":2},"a":{"a":0,"k":[155.5,276.5,0],"ix":1},"s":{"a":0,"k":[100,100,100],"ix":6}},"ao":0,"ip":99.8666666666667,"op":100.8,"st":99.8666666666667,"bm":0},{"ddd":0,"ind":109,"ty":2,"nm":"diy1337696972qq_00108.png","cl":"png","refId":"image_114","sr":1,"ks":{"o":{"a":0,"k":100,"ix":11},"r":{"a":0,"k":0,"ix":10},"p":{"a":0,"k":[155.5,276.5,0],"ix":2},"a":{"a":0,"k":[155.5,276.5,0],"ix":1},"s":{"a":0,"k":[100,100,100],"ix":6}},"ao":0,"ip":100.8,"op":101.733333333333,"st":100.8,"bm":0},{"ddd":0,"ind":110,"ty":2,"nm":"diy1337696972qq_00109.png","cl":"png","refId":"image_115","sr":1,"ks":{"o":{"a":0,"k":100,"ix":11},"r":{"a":0,"k":0,"ix":10},"p":{"a":0,"k":[155.5,276.5,0],"ix":2},"a":{"a":0,"k":[155.5,276.5,0],"ix":1},"s":{"a":0,"k":[100,100,100],"ix":6}},"ao":0,"ip":101.733333333333,"op":102.666666666667,"st":101.733333333333,"bm":0},{"ddd":0,"ind":111,"ty":2,"nm":"diy1337696972qq_00110.png","cl":"png","refId":"image_116","sr":1,"ks":{"o":{"a":0,"k":100,"ix":11},"r":{"a":0,"k":0,"ix":10},"p":{"a":0,"k":[155.5,276.5,0],"ix":2},"a":{"a":0,"k":[155.5,276.5,0],"ix":1},"s":{"a":0,"k":[100,100,100],"ix":6}},"ao":0,"ip":102.666666666667,"op":103.6,"st":102.666666666667,"bm":0},{"ddd":0,"ind":112,"ty":2,"nm":"diy1337696972qq_00111.png","cl":"png","refId":"image_117","sr":1,"ks":{"o":{"a":0,"k":100,"ix":11},"r":{"a":0,"k":0,"ix":10},"p":{"a":0,"k":[155.5,276.5,0],"ix":2},"a":{"a":0,"k":[155.5,276.5,0],"ix":1},"s":{"a":0,"k":[100,100,100],"ix":6}},"ao":0,"ip":103.6,"op":104.533333333333,"st":103.6,"bm":0},{"ddd":0,"ind":113,"ty":2,"nm":"diy1337696972qq_00112.png","cl":"png","refId":"image_118","sr":1,"ks":{"o":{"a":0,"k":100,"ix":11},"r":{"a":0,"k":0,"ix":10},"p":{"a":0,"k":[155.5,276.5,0],"ix":2},"a":{"a":0,"k":[155.5,276.5,0],"ix":1},"s":{"a":0,"k":[100,100,100],"ix":6}},"ao":0,"ip":104.533333333333,"op":105.466666666667,"st":104.533333333333,"bm":0},{"ddd":0,"ind":114,"ty":2,"nm":"diy1337696972qq_00113.png","cl":"png","refId":"image_119","sr":1,"ks":{"o":{"a":0,"k":100,"ix":11},"r":{"a":0,"k":0,"ix":10},"p":{"a":0,"k":[155.5,276.5,0],"ix":2},"a":{"a":0,"k":[155.5,276.5,0],"ix":1},"s":{"a":0,"k":[100,100,100],"ix":6}},"ao":0,"ip":105.466666666667,"op":106.4,"st":105.466666666667,"bm":0},{"ddd":0,"ind":115,"ty":2,"nm":"diy1337696972qq_00114.png","cl":"png","refId":"image_120","sr":1,"ks":{"o":{"a":0,"k":100,"ix":11},"r":{"a":0,"k":0,"ix":10},"p":{"a":0,"k":[155.5,276.5,0],"ix":2},"a":{"a":0,"k":[155.5,276.5,0],"ix":1},"s":{"a":0,"k":[100,100,100],"ix":6}},"ao":0,"ip":106.4,"op":107.333333333333,"st":106.4,"bm":0},{"ddd":0,"ind":116,"ty":2,"nm":"diy1337696972qq_00115.png","cl":"png","refId":"image_121","sr":1,"ks":{"o":{"a":0,"k":100,"ix":11},"r":{"a":0,"k":0,"ix":10},"p":{"a":0,"k":[155.5,276.5,0],"ix":2},"a":{"a":0,"k":[155.5,276.5,0],"ix":1},"s":{"a":0,"k":[100,100,100],"ix":6}},"ao":0,"ip":107.333333333333,"op":108.266666666667,"st":107.333333333333,"bm":0},{"ddd":0,"ind":117,"ty":2,"nm":"diy1337696972qq_00116.png","cl":"png","refId":"image_122","sr":1,"ks":{"o":{"a":0,"k":100,"ix":11},"r":{"a":0,"k":0,"ix":10},"p":{"a":0,"k":[155.5,276.5,0],"ix":2},"a":{"a":0,"k":[155.5,276.5,0],"ix":1},"s":{"a":0,"k":[100,100,100],"ix":6}},"ao":0,"ip":108.266666666667,"op":109.2,"st":108.266666666667,"bm":0},{"ddd":0,"ind":118,"ty":2,"nm":"diy1337696972qq_00117.png","cl":"png","refId":"image_123","sr":1,"ks":{"o":{"a":0,"k":100,"ix":11},"r":{"a":0,"k":0,"ix":10},"p":{"a":0,"k":[155.5,276.5,0],"ix":2},"a":{"a":0,"k":[155.5,276.5,0],"ix":1},"s":{"a":0,"k":[100,100,100],"ix":6}},"ao":0,"ip":109.2,"op":110.133333333333,"st":109.2,"bm":0},{"ddd":0,"ind":119,"ty":2,"nm":"diy1337696972qq_00118.png","cl":"png","refId":"image_124","sr":1,"ks":{"o":{"a":0,"k":100,"ix":11},"r":{"a":0,"k":0,"ix":10},"p":{"a":0,"k":[155.5,276.5,0],"ix":2},"a":{"a":0,"k":[155.5,276.5,0],"ix":1},"s":{"a":0,"k":[100,100,100],"ix":6}},"ao":0,"ip":110.133333333333,"op":111.066666666667,"st":110.133333333333,"bm":0},{"ddd":0,"ind":120,"ty":2,"nm":"diy1337696972qq_00119.png","cl":"png","refId":"image_125","sr":1,"ks":{"o":{"a":0,"k":100,"ix":11},"r":{"a":0,"k":0,"ix":10},"p":{"a":0,"k":[155.5,276.5,0],"ix":2},"a":{"a":0,"k":[155.5,276.5,0],"ix":1},"s":{"a":0,"k":[100,100,100],"ix":6}},"ao":0,"ip":111.066666666667,"op":112,"st":111.066666666667,"bm":0},{"ddd":0,"ind":121,"ty":2,"nm":"diy1337696972qq_00120.png","cl":"png","refId":"image_126","sr":1,"ks":{"o":{"a":0,"k":100,"ix":11},"r":{"a":0,"k":0,"ix":10},"p":{"a":0,"k":[155.5,276.5,0],"ix":2},"a":{"a":0,"k":[155.5,276.5,0],"ix":1},"s":{"a":0,"k":[100,100,100],"ix":6}},"ao":0,"ip":112,"op":112.933333333333,"st":112,"bm":0},{"ddd":0,"ind":122,"ty":2,"nm":"diy1337696972qq_00121.png","cl":"png","refId":"image_127","sr":1,"ks":{"o":{"a":0,"k":100,"ix":11},"r":{"a":0,"k":0,"ix":10},"p":{"a":0,"k":[155.5,276.5,0],"ix":2},"a":{"a":0,"k":[155.5,276.5,0],"ix":1},"s":{"a":0,"k":[100,100,100],"ix":6}},"ao":0,"ip":112.933333333333,"op":113.866666666667,"st":112.933333333333,"bm":0},{"ddd":0,"ind":123,"ty":2,"nm":"diy1337696972qq_00122.png","cl":"png","refId":"image_128","sr":1,"ks":{"o":{"a":0,"k":100,"ix":11},"r":{"a":0,"k":0,"ix":10},"p":{"a":0,"k":[155.5,276.5,0],"ix":2},"a":{"a":0,"k":[155.5,276.5,0],"ix":1},"s":{"a":0,"k":[100,100,100],"ix":6}},"ao":0,"ip":113.866666666667,"op":114.8,"st":113.866666666667,"bm":0},{"ddd":0,"ind":124,"ty":2,"nm":"diy1337696972qq_00123.png","cl":"png","refId":"image_129","sr":1,"ks":{"o":{"a":0,"k":100,"ix":11},"r":{"a":0,"k":0,"ix":10},"p":{"a":0,"k":[155.5,276.5,0],"ix":2},"a":{"a":0,"k":[155.5,276.5,0],"ix":1},"s":{"a":0,"k":[100,100,100],"ix":6}},"ao":0,"ip":114.8,"op":115.733333333333,"st":114.8,"bm":0},{"ddd":0,"ind":125,"ty":2,"nm":"diy1337696972qq_00124.png","cl":"png","refId":"image_130","sr":1,"ks":{"o":{"a":0,"k":100,"ix":11},"r":{"a":0,"k":0,"ix":10},"p":{"a":0,"k":[155.5,276.5,0],"ix":2},"a":{"a":0,"k":[155.5,276.5,0],"ix":1},"s":{"a":0,"k":[100,100,100],"ix":6}},"ao":0,"ip":115.733333333333,"op":116.666666666667,"st":115.733333333333,"bm":0},{"ddd":0,"ind":126,"ty":2,"nm":"diy1337696972qq_00125.png","cl":"png","refId":"image_131","sr":1,"ks":{"o":{"a":0,"k":100,"ix":11},"r":{"a":0,"k":0,"ix":10},"p":{"a":0,"k":[155.5,276.5,0],"ix":2},"a":{"a":0,"k":[155.5,276.5,0],"ix":1},"s":{"a":0,"k":[100,100,100],"ix":6}},"ao":0,"ip":116.666666666667,"op":117.6,"st":116.666666666667,"bm":0},{"ddd":0,"ind":127,"ty":2,"nm":"diy1337696972qq_00126.png","cl":"png","refId":"image_132","sr":1,"ks":{"o":{"a":0,"k":100,"ix":11},"r":{"a":0,"k":0,"ix":10},"p":{"a":0,"k":[155.5,276.5,0],"ix":2},"a":{"a":0,"k":[155.5,276.5,0],"ix":1},"s":{"a":0,"k":[100,100,100],"ix":6}},"ao":0,"ip":117.6,"op":118.533333333333,"st":117.6,"bm":0},{"ddd":0,"ind":128,"ty":2,"nm":"diy1337696972qq_00127.png","cl":"png","refId":"image_133","sr":1,"ks":{"o":{"a":0,"k":100,"ix":11},"r":{"a":0,"k":0,"ix":10},"p":{"a":0,"k":[155.5,276.5,0],"ix":2},"a":{"a":0,"k":[155.5,276.5,0],"ix":1},"s":{"a":0,"k":[100,100,100],"ix":6}},"ao":0,"ip":118.533333333333,"op":119.466666666667,"st":118.533333333333,"bm":0},{"ddd":0,"ind":129,"ty":2,"nm":"diy1337696972qq_00128.png","cl":"png","refId":"image_134","sr":1,"ks":{"o":{"a":0,"k":100,"ix":11},"r":{"a":0,"k":0,"ix":10},"p":{"a":0,"k":[155.5,276.5,0],"ix":2},"a":{"a":0,"k":[155.5,276.5,0],"ix":1},"s":{"a":0,"k":[100,100,100],"ix":6}},"ao":0,"ip":119.466666666667,"op":120.4,"st":119.466666666667,"bm":0},{"ddd":0,"ind":130,"ty":2,"nm":"diy1337696972qq_00129.png","cl":"png","refId":"image_135","sr":1,"ks":{"o":{"a":0,"k":100,"ix":11},"r":{"a":0,"k":0,"ix":10},"p":{"a":0,"k":[155.5,276.5,0],"ix":2},"a":{"a":0,"k":[155.5,276.5,0],"ix":1},"s":{"a":0,"k":[100,100,100],"ix":6}},"ao":0,"ip":120.4,"op":121.333333333333,"st":120.4,"bm":0},{"ddd":0,"ind":131,"ty":2,"nm":"diy1337696972qq_00130.png","cl":"png","refId":"image_136","sr":1,"ks":{"o":{"a":0,"k":100,"ix":11},"r":{"a":0,"k":0,"ix":10},"p":{"a":0,"k":[155.5,276.5,0],"ix":2},"a":{"a":0,"k":[155.5,276.5,0],"ix":1},"s":{"a":0,"k":[100,100,100],"ix":6}},"ao":0,"ip":121.333333333333,"op":122.266666666667,"st":121.333333333333,"bm":0},{"ddd":0,"ind":132,"ty":2,"nm":"diy1337696972qq_00131.png","cl":"png","refId":"image_137","sr":1,"ks":{"o":{"a":0,"k":100,"ix":11},"r":{"a":0,"k":0,"ix":10},"p":{"a":0,"k":[155.5,276.5,0],"ix":2},"a":{"a":0,"k":[155.5,276.5,0],"ix":1},"s":{"a":0,"k":[100,100,100],"ix":6}},"ao":0,"ip":122.266666666667,"op":123.2,"st":122.266666666667,"bm":0},{"ddd":0,"ind":133,"ty":2,"nm":"diy1337696972qq_00132.png","cl":"png","refId":"image_138","sr":1,"ks":{"o":{"a":0,"k":100,"ix":11},"r":{"a":0,"k":0,"ix":10},"p":{"a":0,"k":[155.5,276.5,0],"ix":2},"a":{"a":0,"k":[155.5,276.5,0],"ix":1},"s":{"a":0,"k":[100,100,100],"ix":6}},"ao":0,"ip":123.2,"op":124.133333333333,"st":123.2,"bm":0},{"ddd":0,"ind":134,"ty":2,"nm":"diy1337696972qq_00133.png","cl":"png","refId":"image_139","sr":1,"ks":{"o":{"a":0,"k":100,"ix":11},"r":{"a":0,"k":0,"ix":10},"p":{"a":0,"k":[155.5,276.5,0],"ix":2},"a":{"a":0,"k":[155.5,276.5,0],"ix":1},"s":{"a":0,"k":[100,100,100],"ix":6}},"ao":0,"ip":124.133333333333,"op":125.066666666667,"st":124.133333333333,"bm":0},{"ddd":0,"ind":135,"ty":2,"nm":"diy1337696972qq_00134.png","cl":"png","refId":"image_140","sr":1,"ks":{"o":{"a":0,"k":100,"ix":11},"r":{"a":0,"k":0,"ix":10},"p":{"a":0,"k":[155.5,276.5,0],"ix":2},"a":{"a":0,"k":[155.5,276.5,0],"ix":1},"s":{"a":0,"k":[100,100,100],"ix":6}},"ao":0,"ip":125.066666666667,"op":126,"st":125.066666666667,"bm":0},{"ddd":0,"ind":136,"ty":2,"nm":"diy1337696972qq_00135.png","cl":"png","refId":"image_141","sr":1,"ks":{"o":{"a":0,"k":100,"ix":11},"r":{"a":0,"k":0,"ix":10},"p":{"a":0,"k":[155.5,276.5,0],"ix":2},"a":{"a":0,"k":[155.5,276.5,0],"ix":1},"s":{"a":0,"k":[100,100,100],"ix":6}},"ao":0,"ip":126,"op":126.933333333333,"st":126,"bm":0},{"ddd":0,"ind":137,"ty":2,"nm":"diy1337696972qq_00136.png","cl":"png","refId":"image_142","sr":1,"ks":{"o":{"a":0,"k":100,"ix":11},"r":{"a":0,"k":0,"ix":10},"p":{"a":0,"k":[155.5,276.5,0],"ix":2},"a":{"a":0,"k":[155.5,276.5,0],"ix":1},"s":{"a":0,"k":[100,100,100],"ix":6}},"ao":0,"ip":126.933333333333,"op":127.866666666667,"st":126.933333333333,"bm":0},{"ddd":0,"ind":138,"ty":2,"nm":"diy1337696972qq_00137.png","cl":"png","refId":"image_143","sr":1,"ks":{"o":{"a":0,"k":100,"ix":11},"r":{"a":0,"k":0,"ix":10},"p":{"a":0,"k":[155.5,276.5,0],"ix":2},"a":{"a":0,"k":[155.5,276.5,0],"ix":1},"s":{"a":0,"k":[100,100,100],"ix":6}},"ao":0,"ip":127.866666666667,"op":128.8,"st":127.866666666667,"bm":0},{"ddd":0,"ind":139,"ty":2,"nm":"diy1337696972qq_00138.png","cl":"png","refId":"image_144","sr":1,"ks":{"o":{"a":0,"k":100,"ix":11},"r":{"a":0,"k":0,"ix":10},"p":{"a":0,"k":[155.5,276.5,0],"ix":2},"a":{"a":0,"k":[155.5,276.5,0],"ix":1},"s":{"a":0,"k":[100,100,100],"ix":6}},"ao":0,"ip":128.8,"op":129.733333333333,"st":128.8,"bm":0},{"ddd":0,"ind":140,"ty":2,"nm":"diy1337696972qq_00139.png","cl":"png","refId":"image_145","sr":1,"ks":{"o":{"a":0,"k":100,"ix":11},"r":{"a":0,"k":0,"ix":10},"p":{"a":0,"k":[155.5,276.5,0],"ix":2},"a":{"a":0,"k":[155.5,276.5,0],"ix":1},"s":{"a":0,"k":[100,100,100],"ix":6}},"ao":0,"ip":129.733333333333,"op":130.666666666667,"st":129.733333333333,"bm":0},{"ddd":0,"ind":141,"ty":2,"nm":"diy1337696972qq_00140.png","cl":"png","refId":"image_146","sr":1,"ks":{"o":{"a":0,"k":100,"ix":11},"r":{"a":0,"k":0,"ix":10},"p":{"a":0,"k":[155.5,276.5,0],"ix":2},"a":{"a":0,"k":[155.5,276.5,0],"ix":1},"s":{"a":0,"k":[100,100,100],"ix":6}},"ao":0,"ip":130.666666666667,"op":131.6,"st":130.666666666667,"bm":0},{"ddd":0,"ind":142,"ty":2,"nm":"diy1337696972qq_00141.png","cl":"png","refId":"image_147","sr":1,"ks":{"o":{"a":0,"k":100,"ix":11},"r":{"a":0,"k":0,"ix":10},"p":{"a":0,"k":[155.5,276.5,0],"ix":2},"a":{"a":0,"k":[155.5,276.5,0],"ix":1},"s":{"a":0,"k":[100,100,100],"ix":6}},"ao":0,"ip":131.6,"op":132.533333333333,"st":131.6,"bm":0},{"ddd":0,"ind":143,"ty":2,"nm":"diy1337696972qq_00142.png","cl":"png","refId":"image_148","sr":1,"ks":{"o":{"a":0,"k":100,"ix":11},"r":{"a":0,"k":0,"ix":10},"p":{"a":0,"k":[155.5,276.5,0],"ix":2},"a":{"a":0,"k":[155.5,276.5,0],"ix":1},"s":{"a":0,"k":[100,100,100],"ix":6}},"ao":0,"ip":132.533333333333,"op":133.466666666667,"st":132.533333333333,"bm":0},{"ddd":0,"ind":144,"ty":2,"nm":"diy1337696972qq_00143.png","cl":"png","refId":"image_149","sr":1,"ks":{"o":{"a":0,"k":100,"ix":11},"r":{"a":0,"k":0,"ix":10},"p":{"a":0,"k":[155.5,276.5,0],"ix":2},"a":{"a":0,"k":[155.5,276.5,0],"ix":1},"s":{"a":0,"k":[100,100,100],"ix":6}},"ao":0,"ip":133.466666666667,"op":134.4,"st":133.466666666667,"bm":0},{"ddd":0,"ind":145,"ty":2,"nm":"diy1337696972qq_00144.png","cl":"png","refId":"image_150","sr":1,"ks":{"o":{"a":0,"k":100,"ix":11},"r":{"a":0,"k":0,"ix":10},"p":{"a":0,"k":[155.5,276.5,0],"ix":2},"a":{"a":0,"k":[155.5,276.5,0],"ix":1},"s":{"a":0,"k":[100,100,100],"ix":6}},"ao":0,"ip":134.4,"op":135.333333333333,"st":134.4,"bm":0},{"ddd":0,"ind":146,"ty":2,"nm":"diy1337696972qq_00145.png","cl":"png","refId":"image_151","sr":1,"ks":{"o":{"a":0,"k":100,"ix":11},"r":{"a":0,"k":0,"ix":10},"p":{"a":0,"k":[155.5,276.5,0],"ix":2},"a":{"a":0,"k":[155.5,276.5,0],"ix":1},"s":{"a":0,"k":[100,100,100],"ix":6}},"ao":0,"ip":135.333333333333,"op":136.266666666667,"st":135.333333333333,"bm":0},{"ddd":0,"ind":147,"ty":2,"nm":"diy1337696972qq_00146.png","cl":"png","refId":"image_152","sr":1,"ks":{"o":{"a":0,"k":100,"ix":11},"r":{"a":0,"k":0,"ix":10},"p":{"a":0,"k":[155.5,276.5,0],"ix":2},"a":{"a":0,"k":[155.5,276.5,0],"ix":1},"s":{"a":0,"k":[100,100,100],"ix":6}},"ao":0,"ip":136.266666666667,"op":137.2,"st":136.266666666667,"bm":0},{"ddd":0,"ind":148,"ty":2,"nm":"diy1337696972qq_00147.png","cl":"png","refId":"image_153","sr":1,"ks":{"o":{"a":0,"k":100,"ix":11},"r":{"a":0,"k":0,"ix":10},"p":{"a":0,"k":[155.5,276.5,0],"ix":2},"a":{"a":0,"k":[155.5,276.5,0],"ix":1},"s":{"a":0,"k":[100,100,100],"ix":6}},"ao":0,"ip":137.2,"op":138.133333333333,"st":137.2,"bm":0},{"ddd":0,"ind":149,"ty":2,"nm":"diy1337696972qq_00148.png","cl":"png","refId":"image_154","sr":1,"ks":{"o":{"a":0,"k":100,"ix":11},"r":{"a":0,"k":0,"ix":10},"p":{"a":0,"k":[155.5,276.5,0],"ix":2},"a":{"a":0,"k":[155.5,276.5,0],"ix":1},"s":{"a":0,"k":[100,100,100],"ix":6}},"ao":0,"ip":138.133333333333,"op":139.066666666667,"st":138.133333333333,"bm":0},{"ddd":0,"ind":150,"ty":2,"nm":"diy1337696972qq_00149.png","cl":"png","refId":"image_155","sr":1,"ks":{"o":{"a":0,"k":100,"ix":11},"r":{"a":0,"k":0,"ix":10},"p":{"a":0,"k":[155.5,276.5,0],"ix":2},"a":{"a":0,"k":[155.5,276.5,0],"ix":1},"s":{"a":0,"k":[100,100,100],"ix":6}},"ao":0,"ip":139.066666666667,"op":140,"st":139.066666666667,"bm":0},{"ddd":0,"ind":151,"ty":2,"nm":"diy1337696972qq_00150.png","cl":"png","refId":"image_156","sr":1,"ks":{"o":{"a":0,"k":100,"ix":11},"r":{"a":0,"k":0,"ix":10},"p":{"a":0,"k":[155.5,276.5,0],"ix":2},"a":{"a":0,"k":[155.5,276.5,0],"ix":1},"s":{"a":0,"k":[100,100,100],"ix":6}},"ao":0,"ip":140,"op":140.933333333333,"st":140,"bm":0},{"ddd":0,"ind":152,"ty":2,"nm":"diy1337696972qq_00151.png","cl":"png","refId":"image_157","sr":1,"ks":{"o":{"a":0,"k":100,"ix":11},"r":{"a":0,"k":0,"ix":10},"p":{"a":0,"k":[155.5,276.5,0],"ix":2},"a":{"a":0,"k":[155.5,276.5,0],"ix":1},"s":{"a":0,"k":[100,100,100],"ix":6}},"ao":0,"ip":140.933333333333,"op":141.866666666667,"st":140.933333333333,"bm":0},{"ddd":0,"ind":153,"ty":2,"nm":"diy1337696972qq_00152.png","cl":"png","refId":"image_158","sr":1,"ks":{"o":{"a":0,"k":100,"ix":11},"r":{"a":0,"k":0,"ix":10},"p":{"a":0,"k":[155.5,276.5,0],"ix":2},"a":{"a":0,"k":[155.5,276.5,0],"ix":1},"s":{"a":0,"k":[100,100,100],"ix":6}},"ao":0,"ip":141.866666666667,"op":142.8,"st":141.866666666667,"bm":0},{"ddd":0,"ind":154,"ty":2,"nm":"diy1337696972qq_00153.png","cl":"png","refId":"image_159","sr":1,"ks":{"o":{"a":0,"k":100,"ix":11},"r":{"a":0,"k":0,"ix":10},"p":{"a":0,"k":[155.5,276.5,0],"ix":2},"a":{"a":0,"k":[155.5,276.5,0],"ix":1},"s":{"a":0,"k":[100,100,100],"ix":6}},"ao":0,"ip":142.8,"op":143.733333333333,"st":142.8,"bm":0},{"ddd":0,"ind":155,"ty":2,"nm":"diy1337696972qq_00154.png","cl":"png","refId":"image_160","sr":1,"ks":{"o":{"a":0,"k":100,"ix":11},"r":{"a":0,"k":0,"ix":10},"p":{"a":0,"k":[155.5,276.5,0],"ix":2},"a":{"a":0,"k":[155.5,276.5,0],"ix":1},"s":{"a":0,"k":[100,100,100],"ix":6}},"ao":0,"ip":143.733333333333,"op":144.666666666667,"st":143.733333333333,"bm":0},{"ddd":0,"ind":156,"ty":2,"nm":"diy1337696972qq_00155.png","cl":"png","refId":"image_161","sr":1,"ks":{"o":{"a":0,"k":100,"ix":11},"r":{"a":0,"k":0,"ix":10},"p":{"a":0,"k":[155.5,276.5,0],"ix":2},"a":{"a":0,"k":[155.5,276.5,0],"ix":1},"s":{"a":0,"k":[100,100,100],"ix":6}},"ao":0,"ip":144.666666666667,"op":145.6,"st":144.666666666667,"bm":0},{"ddd":0,"ind":157,"ty":2,"nm":"diy1337696972qq_00156.png","cl":"png","refId":"image_162","sr":1,"ks":{"o":{"a":0,"k":100,"ix":11},"r":{"a":0,"k":0,"ix":10},"p":{"a":0,"k":[155.5,276.5,0],"ix":2},"a":{"a":0,"k":[155.5,276.5,0],"ix":1},"s":{"a":0,"k":[100,100,100],"ix":6}},"ao":0,"ip":145.6,"op":146.533333333333,"st":145.6,"bm":0},{"ddd":0,"ind":158,"ty":2,"nm":"diy1337696972qq_00157.png","cl":"png","refId":"image_163","sr":1,"ks":{"o":{"a":0,"k":100,"ix":11},"r":{"a":0,"k":0,"ix":10},"p":{"a":0,"k":[155.5,276.5,0],"ix":2},"a":{"a":0,"k":[155.5,276.5,0],"ix":1},"s":{"a":0,"k":[100,100,100],"ix":6}},"ao":0,"ip":146.533333333333,"op":147.466666666667,"st":146.533333333333,"bm":0},{"ddd":0,"ind":159,"ty":2,"nm":"diy1337696972qq_00158.png","cl":"png","refId":"image_164","sr":1,"ks":{"o":{"a":0,"k":100,"ix":11},"r":{"a":0,"k":0,"ix":10},"p":{"a":0,"k":[155.5,276.5,0],"ix":2},"a":{"a":0,"k":[155.5,276.5,0],"ix":1},"s":{"a":0,"k":[100,100,100],"ix":6}},"ao":0,"ip":147.466666666667,"op":148.4,"st":147.466666666667,"bm":0},{"ddd":0,"ind":160,"ty":2,"nm":"diy1337696972qq_00159.png","cl":"png","refId":"image_165","sr":1,"ks":{"o":{"a":0,"k":100,"ix":11},"r":{"a":0,"k":0,"ix":10},"p":{"a":0,"k":[155.5,276.5,0],"ix":2},"a":{"a":0,"k":[155.5,276.5,0],"ix":1},"s":{"a":0,"k":[100,100,100],"ix":6}},"ao":0,"ip":148.4,"op":149.333333333333,"st":148.4,"bm":0},{"ddd":0,"ind":161,"ty":2,"nm":"diy1337696972qq_00160.png","cl":"png","refId":"image_166","sr":1,"ks":{"o":{"a":0,"k":100,"ix":11},"r":{"a":0,"k":0,"ix":10},"p":{"a":0,"k":[155.5,276.5,0],"ix":2},"a":{"a":0,"k":[155.5,276.5,0],"ix":1},"s":{"a":0,"k":[100,100,100],"ix":6}},"ao":0,"ip":149.333333333333,"op":150.266666666667,"st":149.333333333333,"bm":0},{"ddd":0,"ind":162,"ty":2,"nm":"diy1337696972qq_00161.png","cl":"png","refId":"image_167","sr":1,"ks":{"o":{"a":0,"k":100,"ix":11},"r":{"a":0,"k":0,"ix":10},"p":{"a":0,"k":[155.5,276.5,0],"ix":2},"a":{"a":0,"k":[155.5,276.5,0],"ix":1},"s":{"a":0,"k":[100,100,100],"ix":6}},"ao":0,"ip":150.266666666667,"op":151.2,"st":150.266666666667,"bm":0},{"ddd":0,"ind":163,"ty":2,"nm":"diy1337696972qq_00162.png","cl":"png","refId":"image_168","sr":1,"ks":{"o":{"a":0,"k":100,"ix":11},"r":{"a":0,"k":0,"ix":10},"p":{"a":0,"k":[155.5,276.5,0],"ix":2},"a":{"a":0,"k":[155.5,276.5,0],"ix":1},"s":{"a":0,"k":[100,100,100],"ix":6}},"ao":0,"ip":151.2,"op":152.133333333333,"st":151.2,"bm":0},{"ddd":0,"ind":164,"ty":2,"nm":"diy1337696972qq_00163.png","cl":"png","refId":"image_169","sr":1,"ks":{"o":{"a":0,"k":100,"ix":11},"r":{"a":0,"k":0,"ix":10},"p":{"a":0,"k":[155.5,276.5,0],"ix":2},"a":{"a":0,"k":[155.5,276.5,0],"ix":1},"s":{"a":0,"k":[100,100,100],"ix":6}},"ao":0,"ip":152.133333333333,"op":153.066666666667,"st":152.133333333333,"bm":0},{"ddd":0,"ind":165,"ty":2,"nm":"diy1337696972qq_00164.png","cl":"png","refId":"image_170","sr":1,"ks":{"o":{"a":0,"k":100,"ix":11},"r":{"a":0,"k":0,"ix":10},"p":{"a":0,"k":[155.5,276.5,0],"ix":2},"a":{"a":0,"k":[155.5,276.5,0],"ix":1},"s":{"a":0,"k":[100,100,100],"ix":6}},"ao":0,"ip":153.066666666667,"op":154,"st":153.066666666667,"bm":0},{"ddd":0,"ind":166,"ty":2,"nm":"diy1337696972qq_00165.png","cl":"png","refId":"image_171","sr":1,"ks":{"o":{"a":0,"k":100,"ix":11},"r":{"a":0,"k":0,"ix":10},"p":{"a":0,"k":[155.5,276.5,0],"ix":2},"a":{"a":0,"k":[155.5,276.5,0],"ix":1},"s":{"a":0,"k":[100,100,100],"ix":6}},"ao":0,"ip":154,"op":154.933333333333,"st":154,"bm":0},{"ddd":0,"ind":167,"ty":2,"nm":"diy1337696972qq_00166.png","cl":"png","refId":"image_172","sr":1,"ks":{"o":{"a":0,"k":100,"ix":11},"r":{"a":0,"k":0,"ix":10},"p":{"a":0,"k":[155.5,276.5,0],"ix":2},"a":{"a":0,"k":[155.5,276.5,0],"ix":1},"s":{"a":0,"k":[100,100,100],"ix":6}},"ao":0,"ip":154.933333333333,"op":155.866666666667,"st":154.933333333333,"bm":0},{"ddd":0,"ind":168,"ty":2,"nm":"diy1337696972qq_00167.png","cl":"png","refId":"image_173","sr":1,"ks":{"o":{"a":0,"k":100,"ix":11},"r":{"a":0,"k":0,"ix":10},"p":{"a":0,"k":[155.5,276.5,0],"ix":2},"a":{"a":0,"k":[155.5,276.5,0],"ix":1},"s":{"a":0,"k":[100,100,100],"ix":6}},"ao":0,"ip":155.866666666667,"op":156.8,"st":155.866666666667,"bm":0}]}],"layers":[{"ddd":0,"ind":1,"ty":2,"nm":"diy1337696972_00088.png","cl":"png","refId":"image_0","sr":1,"ks":{"o":{"a":0,"k":100,"ix":11},"r":{"a":0,"k":270,"ix":10},"p":{"a":0,"k":[536,1975.5,0],"ix":2},"a":{"a":0,"k":[155.5,276.5,0],"ix":1},"s":{"a":0,"k":[192.605,198.373,100],"ix":6}},"ao":0,"ip":0,"op":183,"st":0,"bm":0},{"ddd":0,"ind":2,"ty":2,"nm":"1337696972sz.png","cl":"png","refId":"image_1","sr":1,"ks":{"o":{"a":1,"k":[{"i":{"x":[0.833],"y":[0.833]},"o":{"x":[0.167],"y":[0.167]},"t":0,"s":[100]},{"i":{"x":[0.833],"y":[0.833]},"o":{"x":[0.167],"y":[0.167]},"t":19,"s":[0]},{"i":{"x":[0.833],"y":[0.833]},"o":{"x":[0.167],"y":[0.167]},"t":39,"s":[100]},{"i":{"x":[0.833],"y":[0.833]},"o":{"x":[0.167],"y":[0.167]},"t":58,"s":[0]},{"i":{"x":[0.833],"y":[0.833]},"o":{"x":[0.167],"y":[0.167]},"t":78,"s":[100]},{"i":{"x":[0.833],"y":[0.833]},"o":{"x":[0.167],"y":[0.167]},"t":100,"s":[0]},{"i":{"x":[0.833],"y":[0.833]},"o":{"x":[0.167],"y":[0.167]},"t":119,"s":[100]},{"i":{"x":[0.833],"y":[0.833]},"o":{"x":[0.167],"y":[0.167]},"t":139,"s":[0]},{"t":155,"s":[100]}],"ix":11},"r":{"a":0,"k":0,"ix":10},"p":{"a":0,"k":[552,1630,0],"ix":2},"a":{"a":0,"k":[100,50,0],"ix":1},"s":{"a":0,"k":[338,324,100],"ix":6}},"ao":0,"ip":0,"op":183,"st":0,"bm":0},{"ddd":0,"ind":3,"ty":2,"nm":"纯.png","cl":"png","refId":"image_2","sr":1,"ks":{"o":{"a":1,"k":[{"i":{"x":[0.833],"y":[0.833]},"o":{"x":[0.167],"y":[0.167]},"t":0,"s":[100]},{"i":{"x":[0.833],"y":[0.833]},"o":{"x":[0.167],"y":[0.167]},"t":19,"s":[0]},{"i":{"x":[0.833],"y":[0.833]},"o":{"x":[0.167],"y":[0.167]},"t":41,"s":[100]},{"i":{"x":[0.833],"y":[0.833]},"o":{"x":[0.167],"y":[0.167]},"t":60,"s":[0]},{"i":{"x":[0.833],"y":[0.833]},"o":{"x":[0.167],"y":[0.167]},"t":79,"s":[100]},{"i":{"x":[0.833],"y":[0.833]},"o":{"x":[0.167],"y":[0.167]},"t":99,"s":[0]},{"i":{"x":[0.833],"y":[0.833]},"o":{"x":[0.167],"y":[0.167]},"t":117,"s":[100]},{"i":{"x":[0.833],"y":[0.833]},"o":{"x":[0.167],"y":[0.167]},"t":137,"s":[0]},{"t":155,"s":[100]}],"ix":11},"r":{"a":0,"k":0,"ix":10},"p":{"a":0,"k":[784,888,0],"ix":2},"a":{"a":0,"k":[100,100,0],"ix":1},"s":{"a":0,"k":[100,100,100],"ix":6}},"ao":0,"ip":0,"op":183,"st":0,"bm":0},{"ddd":0,"ind":4,"ty":2,"nm":"S.png","cl":"png","refId":"image_3","sr":1,"ks":{"o":{"a":1,"k":[{"i":{"x":[0.833],"y":[0.833]},"o":{"x":[0.167],"y":[0.167]},"t":40,"s":[100]},{"i":{"x":[0.833],"y":[0.833]},"o":{"x":[0.167],"y":[0.167]},"t":59,"s":[0]},{"i":{"x":[0.833],"y":[0.833]},"o":{"x":[0.167],"y":[0.167]},"t":79,"s":[100]},{"i":{"x":[0.833],"y":[0.833]},"o":{"x":[0.167],"y":[0.167]},"t":98,"s":[0]},{"t":119,"s":[100]}],"ix":11},"r":{"a":1,"k":[{"i":{"x":[0.833],"y":[0.833]},"o":{"x":[0.167],"y":[0.167]},"t":0,"s":[0]},{"i":{"x":[0.833],"y":[0.833]},"o":{"x":[0.167],"y":[0.167]},"t":20,"s":[-87]},{"i":{"x":[0.833],"y":[0.833]},"o":{"x":[0.167],"y":[0.167]},"t":40,"s":[0]},{"i":{"x":[0.833],"y":[0.833]},"o":{"x":[0.167],"y":[0.167]},"t":119,"s":[0]},{"i":{"x":[0.833],"y":[0.833]},"o":{"x":[0.167],"y":[0.167]},"t":136,"s":[89]},{"t":155,"s":[0]}],"ix":10},"p":{"a":0,"k":[260,892,0],"ix":2},"a":{"a":0,"k":[100,100,0],"ix":1},"s":{"a":0,"k":[100,100,100],"ix":6}},"ao":0,"ip":0,"op":183,"st":0,"bm":0},{"ddd":0,"ind":5,"ty":2,"nm":"C.png","cl":"png","refId":"image_4","sr":1,"ks":{"o":{"a":1,"k":[{"i":{"x":[0.833],"y":[0.833]},"o":{"x":[0.167],"y":[0.167]},"t":40,"s":[100]},{"i":{"x":[0.833],"y":[0.833]},"o":{"x":[0.167],"y":[0.167]},"t":59,"s":[0]},{"i":{"x":[0.833],"y":[0.833]},"o":{"x":[0.167],"y":[0.167]},"t":79,"s":[100]},{"i":{"x":[0.833],"y":[0.833]},"o":{"x":[0.167],"y":[0.167]},"t":99,"s":[0]},{"t":120,"s":[100]}],"ix":11},"r":{"a":1,"k":[{"i":{"x":[0.833],"y":[0.833]},"o":{"x":[0.167],"y":[0.167]},"t":0,"s":[0]},{"i":{"x":[0.833],"y":[0.833]},"o":{"x":[0.167],"y":[0.167]},"t":20,"s":[88]},{"i":{"x":[0.833],"y":[0.833]},"o":{"x":[0.167],"y":[0.167]},"t":40,"s":[0]},{"i":{"x":[0.833],"y":[0.833]},"o":{"x":[0.167],"y":[0.167]},"t":120,"s":[0]},{"i":{"x":[0.833],"y":[0.833]},"o":{"x":[0.167],"y":[0.167]},"t":137,"s":[-90]},{"t":155,"s":[0]}],"ix":10},"p":{"a":0,"k":[420,892,0],"ix":2},"a":{"a":0,"k":[100,100,0],"ix":1},"s":{"a":0,"k":[100,100,100],"ix":6}},"ao":0,"ip":0,"op":183,"st":0,"bm":0},{"ddd":0,"ind":6,"ty":2,"nm":"骚.png","cl":"png","refId":"image_5","sr":1,"ks":{"o":{"a":1,"k":[{"i":{"x":[0.833],"y":[0.833]},"o":{"x":[0.167],"y":[0.167]},"t":0,"s":[100]},{"i":{"x":[0.833],"y":[0.833]},"o":{"x":[0.167],"y":[0.167]},"t":20,"s":[0]},{"i":{"x":[0.833],"y":[0.833]},"o":{"x":[0.167],"y":[0.167]},"t":40,"s":[100]},{"i":{"x":[0.833],"y":[0.833]},"o":{"x":[0.167],"y":[0.167]},"t":60,"s":[0]},{"i":{"x":[0.833],"y":[0.833]},"o":{"x":[0.167],"y":[0.167]},"t":82,"s":[100]},{"i":{"x":[0.833],"y":[0.833]},"o":{"x":[0.167],"y":[0.167]},"t":103,"s":[1]},{"i":{"x":[0.833],"y":[0.833]},"o":{"x":[0.167],"y":[0.167]},"t":126,"s":[100]},{"i":{"x":[0.833],"y":[0.833]},"o":{"x":[0.167],"y":[0.167]},"t":142,"s":[0]},{"t":155,"s":[100]}],"ix":11},"r":{"a":0,"k":0,"ix":10},"p":{"a":0,"k":[600,888,0],"ix":2},"a":{"a":0,"k":[100,100,0],"ix":1},"s":{"a":0,"k":[100,100,100],"ix":6}},"ao":0,"ip":0,"op":183,"st":0,"bm":0},{"ddd":0,"ind":7,"ty":0,"nm":"diy1337696972qq_00000","refId":"comp_0","sr":1,"ks":{"o":{"a":0,"k":100,"ix":11},"r":{"a":0,"k":270,"ix":10},"p":{"a":0,"k":[538,446,0],"ix":2},"a":{"a":0,"k":[155.5,276.5,0],"ix":1},"s":{"a":0,"k":[214.469,200.542,100],"ix":6}},"ao":0,"w":311,"h":553,"ip":0,"op":157,"st":0,"bm":0},{"ddd":0,"ind":8,"ty":2,"nm":"bg-1337696972.png","cl":"png","refId":"image_174","sr":1,"ks":{"o":{"a":0,"k":100,"ix":11},"r":{"a":0,"k":0,"ix":10},"p":{"a":0,"k":[540,1170,0],"ix":2},"a":{"a":0,"k":[540,1170,0],"ix":1},"s":{"a":0,"k":[100,100,100],"ix":6}},"ao":0,"ip":0,"op":183,"st":0,"bm":0}],"markers":[]}