{"v":"5.6.6","fr":30,"ip":0,"op":310,"w":1080,"h":2340,"nm":"2673228572","ddd":0,"assets":[{"id":"image_0","w":534,"h":300,"u":"images/","p":"qq_2673228572_000.jpg","e":0},{"id":"image_1","w":534,"h":300,"u":"images/","p":"qq_2673228572_001.jpg","e":0},{"id":"image_2","w":534,"h":300,"u":"images/","p":"qq_2673228572_002.jpg","e":0},{"id":"image_3","w":534,"h":300,"u":"images/","p":"qq_2673228572_003.jpg","e":0},{"id":"image_4","w":534,"h":300,"u":"images/","p":"qq_2673228572_004.jpg","e":0},{"id":"image_5","w":534,"h":300,"u":"images/","p":"qq_2673228572_005.jpg","e":0},{"id":"image_6","w":534,"h":300,"u":"images/","p":"qq_2673228572_006.jpg","e":0},{"id":"image_7","w":534,"h":300,"u":"images/","p":"qq_2673228572_007.jpg","e":0},{"id":"image_8","w":534,"h":300,"u":"images/","p":"qq_2673228572_008.jpg","e":0},{"id":"image_9","w":534,"h":300,"u":"images/","p":"qq_2673228572_009.jpg","e":0},{"id":"image_10","w":534,"h":300,"u":"images/","p":"qq_2673228572_010.jpg","e":0},{"id":"image_11","w":534,"h":300,"u":"images/","p":"qq_2673228572_011.jpg","e":0},{"id":"image_12","w":534,"h":300,"u":"images/","p":"qq_2673228572_012.jpg","e":0},{"id":"image_13","w":534,"h":300,"u":"images/","p":"qq_2673228572_013.jpg","e":0},{"id":"image_14","w":534,"h":300,"u":"images/","p":"qq_2673228572_014.jpg","e":0},{"id":"image_15","w":534,"h":300,"u":"images/","p":"qq_2673228572_015.jpg","e":0},{"id":"image_16","w":534,"h":300,"u":"images/","p":"qq_2673228572_016.jpg","e":0},{"id":"image_17","w":534,"h":300,"u":"images/","p":"qq_2673228572_017.jpg","e":0},{"id":"image_18","w":534,"h":300,"u":"images/","p":"qq_2673228572_018.jpg","e":0},{"id":"image_19","w":534,"h":300,"u":"images/","p":"qq_2673228572_019.jpg","e":0},{"id":"image_20","w":534,"h":300,"u":"images/","p":"qq_2673228572_020.jpg","e":0},{"id":"image_21","w":534,"h":300,"u":"images/","p":"qq_2673228572_021.jpg","e":0},{"id":"image_22","w":534,"h":300,"u":"images/","p":"qq_2673228572_022.jpg","e":0},{"id":"image_23","w":534,"h":300,"u":"images/","p":"qq_2673228572_023.jpg","e":0},{"id":"image_24","w":534,"h":300,"u":"images/","p":"qq_2673228572_024.jpg","e":0},{"id":"image_25","w":534,"h":300,"u":"images/","p":"qq_2673228572_025.jpg","e":0},{"id":"image_26","w":534,"h":300,"u":"images/","p":"qq_2673228572_026.jpg","e":0},{"id":"image_27","w":534,"h":300,"u":"images/","p":"qq_2673228572_027.jpg","e":0},{"id":"image_28","w":534,"h":300,"u":"images/","p":"qq_2673228572_028.jpg","e":0},{"id":"image_29","w":534,"h":300,"u":"images/","p":"qq_2673228572_029.jpg","e":0},{"id":"image_30","w":534,"h":300,"u":"images/","p":"qq_2673228572_030.jpg","e":0},{"id":"image_31","w":534,"h":300,"u":"images/","p":"qq_2673228572_031.jpg","e":0},{"id":"image_32","w":534,"h":300,"u":"images/","p":"qq_2673228572_032.jpg","e":0},{"id":"image_33","w":534,"h":300,"u":"images/","p":"qq_2673228572_033.jpg","e":0},{"id":"image_34","w":534,"h":300,"u":"images/","p":"qq_2673228572_034.jpg","e":0},{"id":"image_35","w":534,"h":300,"u":"images/","p":"qq_2673228572_035.jpg","e":0},{"id":"image_36","w":534,"h":300,"u":"images/","p":"qq_2673228572_036.jpg","e":0},{"id":"image_37","w":534,"h":300,"u":"images/","p":"qq_2673228572_037.jpg","e":0},{"id":"image_38","w":534,"h":300,"u":"images/","p":"qq_2673228572_038.jpg","e":0},{"id":"image_39","w":534,"h":300,"u":"images/","p":"qq_2673228572_039.jpg","e":0},{"id":"image_40","w":534,"h":300,"u":"images/","p":"qq_2673228572_040.jpg","e":0},{"id":"image_41","w":534,"h":300,"u":"images/","p":"qq_2673228572_041.jpg","e":0},{"id":"image_42","w":534,"h":300,"u":"images/","p":"qq_2673228572_042.jpg","e":0},{"id":"image_43","w":534,"h":300,"u":"images/","p":"qq_2673228572_043.jpg","e":0},{"id":"image_44","w":534,"h":300,"u":"images/","p":"qq_2673228572_044.jpg","e":0},{"id":"image_45","w":534,"h":300,"u":"images/","p":"qq_2673228572_045.jpg","e":0},{"id":"image_46","w":534,"h":300,"u":"images/","p":"qq_2673228572_046.jpg","e":0},{"id":"image_47","w":534,"h":300,"u":"images/","p":"qq_2673228572_047.jpg","e":0},{"id":"image_48","w":534,"h":300,"u":"images/","p":"qq_2673228572_048.jpg","e":0},{"id":"image_49","w":534,"h":300,"u":"images/","p":"qq_2673228572_049.jpg","e":0},{"id":"image_50","w":534,"h":300,"u":"images/","p":"qq_2673228572_050.jpg","e":0},{"id":"image_51","w":534,"h":300,"u":"images/","p":"qq_2673228572_051.jpg","e":0},{"id":"image_52","w":534,"h":300,"u":"images/","p":"qq_2673228572_052.jpg","e":0},{"id":"image_53","w":534,"h":300,"u":"images/","p":"qq_2673228572_053.jpg","e":0},{"id":"image_54","w":534,"h":300,"u":"images/","p":"qq_2673228572_054.jpg","e":0},{"id":"image_55","w":534,"h":300,"u":"images/","p":"qq_2673228572_055.jpg","e":0},{"id":"image_56","w":534,"h":300,"u":"images/","p":"qq_2673228572_056.jpg","e":0},{"id":"image_57","w":534,"h":300,"u":"images/","p":"qq_2673228572_057.jpg","e":0},{"id":"image_58","w":534,"h":300,"u":"images/","p":"qq_2673228572_058.jpg","e":0},{"id":"image_59","w":534,"h":300,"u":"images/","p":"qq_2673228572_059.jpg","e":0},{"id":"image_60","w":534,"h":300,"u":"images/","p":"qq_2673228572_060.jpg","e":0},{"id":"image_61","w":534,"h":300,"u":"images/","p":"qq_2673228572_061.jpg","e":0},{"id":"image_62","w":534,"h":300,"u":"images/","p":"qq_2673228572_062.jpg","e":0},{"id":"image_63","w":534,"h":300,"u":"images/","p":"qq_2673228572_063.jpg","e":0},{"id":"image_64","w":534,"h":300,"u":"images/","p":"qq_2673228572_064.jpg","e":0},{"id":"image_65","w":534,"h":300,"u":"images/","p":"qq_2673228572_065.jpg","e":0},{"id":"image_66","w":534,"h":300,"u":"images/","p":"qq_2673228572_066.jpg","e":0},{"id":"image_67","w":534,"h":300,"u":"images/","p":"qq_2673228572_067.jpg","e":0},{"id":"image_68","w":534,"h":300,"u":"images/","p":"qq_2673228572_068.jpg","e":0},{"id":"image_69","w":534,"h":300,"u":"images/","p":"qq_2673228572_069.jpg","e":0},{"id":"image_70","w":534,"h":300,"u":"images/","p":"qq_2673228572_070.jpg","e":0},{"id":"image_71","w":534,"h":300,"u":"images/","p":"qq_2673228572_071.jpg","e":0},{"id":"image_72","w":534,"h":300,"u":"images/","p":"qq_2673228572_072.jpg","e":0},{"id":"image_73","w":534,"h":300,"u":"images/","p":"qq_2673228572_073.jpg","e":0},{"id":"image_74","w":534,"h":300,"u":"images/","p":"qq_2673228572_074.jpg","e":0},{"id":"image_75","w":534,"h":300,"u":"images/","p":"qq_2673228572_075.jpg","e":0},{"id":"image_76","w":534,"h":300,"u":"images/","p":"qq_2673228572_076.jpg","e":0},{"id":"image_77","w":534,"h":300,"u":"images/","p":"qq_2673228572_077.jpg","e":0},{"id":"image_78","w":534,"h":300,"u":"images/","p":"qq_2673228572_078.jpg","e":0},{"id":"image_79","w":534,"h":300,"u":"images/","p":"qq_2673228572_079.jpg","e":0},{"id":"image_80","w":534,"h":300,"u":"images/","p":"qq_2673228572_080.jpg","e":0},{"id":"image_81","w":534,"h":300,"u":"images/","p":"qq_2673228572_081.jpg","e":0},{"id":"image_82","w":534,"h":300,"u":"images/","p":"qq_2673228572_082.jpg","e":0},{"id":"image_83","w":534,"h":300,"u":"images/","p":"qq_2673228572_083.jpg","e":0},{"id":"image_84","w":534,"h":300,"u":"images/","p":"qq_2673228572_084.jpg","e":0},{"id":"image_85","w":534,"h":300,"u":"images/","p":"qq_2673228572_085.jpg","e":0},{"id":"image_86","w":534,"h":300,"u":"images/","p":"qq_2673228572_086.jpg","e":0},{"id":"image_87","w":534,"h":300,"u":"images/","p":"qq_2673228572_087.jpg","e":0},{"id":"image_88","w":534,"h":300,"u":"images/","p":"qq_2673228572_088.jpg","e":0},{"id":"image_89","w":534,"h":300,"u":"images/","p":"qq_2673228572_089.jpg","e":0},{"id":"image_90","w":534,"h":300,"u":"images/","p":"qq_2673228572_090.jpg","e":0},{"id":"image_91","w":534,"h":300,"u":"images/","p":"qq_2673228572_091.jpg","e":0},{"id":"image_92","w":534,"h":300,"u":"images/","p":"qq_2673228572_092.jpg","e":0},{"id":"image_93","w":534,"h":300,"u":"images/","p":"qq_2673228572_093.jpg","e":0},{"id":"image_94","w":534,"h":300,"u":"images/","p":"qq_2673228572_094.jpg","e":0},{"id":"image_95","w":534,"h":300,"u":"images/","p":"qq_2673228572_095.jpg","e":0},{"id":"image_96","w":534,"h":300,"u":"images/","p":"qq_2673228572_096.jpg","e":0},{"id":"image_97","w":534,"h":300,"u":"images/","p":"qq_2673228572_097.jpg","e":0},{"id":"image_98","w":534,"h":300,"u":"images/","p":"qq_2673228572_098.jpg","e":0},{"id":"image_99","w":534,"h":300,"u":"images/","p":"qq_2673228572_099.jpg","e":0},{"id":"image_100","w":534,"h":300,"u":"images/","p":"qq_2673228572_100.jpg","e":0},{"id":"image_101","w":534,"h":300,"u":"images/","p":"qq_2673228572_101.jpg","e":0},{"id":"image_102","w":534,"h":300,"u":"images/","p":"qq_2673228572_102.jpg","e":0},{"id":"image_103","w":534,"h":300,"u":"images/","p":"qq_2673228572_103.jpg","e":0},{"id":"image_104","w":534,"h":300,"u":"images/","p":"qq_2673228572_104.jpg","e":0},{"id":"image_105","w":534,"h":300,"u":"images/","p":"qq_2673228572_105.jpg","e":0},{"id":"image_106","w":534,"h":300,"u":"images/","p":"qq_2673228572_106.jpg","e":0},{"id":"image_107","w":534,"h":300,"u":"images/","p":"qq_2673228572_107.jpg","e":0},{"id":"image_108","w":534,"h":300,"u":"images/","p":"qq_2673228572_108.jpg","e":0},{"id":"image_109","w":534,"h":300,"u":"images/","p":"qq_2673228572_109.jpg","e":0},{"id":"image_110","w":534,"h":300,"u":"images/","p":"qq_2673228572_110.jpg","e":0},{"id":"image_111","w":534,"h":300,"u":"images/","p":"qq_2673228572_111.jpg","e":0},{"id":"image_112","w":534,"h":300,"u":"images/","p":"qq_2673228572_112.jpg","e":0},{"id":"image_113","w":534,"h":300,"u":"images/","p":"qq_2673228572_113.jpg","e":0},{"id":"image_114","w":534,"h":300,"u":"images/","p":"qq_2673228572_114.jpg","e":0},{"id":"image_115","w":534,"h":300,"u":"images/","p":"qq_2673228572_115.jpg","e":0},{"id":"image_116","w":534,"h":300,"u":"images/","p":"qq_2673228572_116.jpg","e":0},{"id":"image_117","w":534,"h":300,"u":"images/","p":"qq_2673228572_117.jpg","e":0},{"id":"image_118","w":534,"h":300,"u":"images/","p":"qq_2673228572_118.jpg","e":0},{"id":"image_119","w":534,"h":300,"u":"images/","p":"qq_2673228572_119.jpg","e":0},{"id":"image_120","w":534,"h":300,"u":"images/","p":"qq_2673228572_120.jpg","e":0},{"id":"image_121","w":534,"h":300,"u":"images/","p":"qq_2673228572_121.jpg","e":0},{"id":"image_122","w":534,"h":300,"u":"images/","p":"qq_2673228572_122.jpg","e":0},{"id":"image_123","w":534,"h":300,"u":"images/","p":"qq_2673228572_123.jpg","e":0},{"id":"image_124","w":534,"h":300,"u":"images/","p":"qq_2673228572_124.jpg","e":0},{"id":"image_125","w":534,"h":300,"u":"images/","p":"qq_2673228572_125.jpg","e":0},{"id":"image_126","w":534,"h":300,"u":"images/","p":"qq_2673228572_126.jpg","e":0},{"id":"image_127","w":534,"h":300,"u":"images/","p":"qq_2673228572_127.jpg","e":0},{"id":"image_128","w":534,"h":300,"u":"images/","p":"qq_2673228572_128.jpg","e":0},{"id":"image_129","w":534,"h":300,"u":"images/","p":"qq_2673228572_129.jpg","e":0},{"id":"image_130","w":534,"h":300,"u":"images/","p":"qq_2673228572_130.jpg","e":0},{"id":"image_131","w":534,"h":300,"u":"images/","p":"qq_2673228572_131.jpg","e":0},{"id":"image_132","w":534,"h":300,"u":"images/","p":"qq_2673228572_132.jpg","e":0},{"id":"image_133","w":534,"h":300,"u":"images/","p":"qq_2673228572_133.jpg","e":0},{"id":"image_134","w":534,"h":300,"u":"images/","p":"qq_2673228572_134.jpg","e":0},{"id":"image_135","w":534,"h":300,"u":"images/","p":"qq_2673228572_135.jpg","e":0},{"id":"image_136","w":534,"h":300,"u":"images/","p":"qq_2673228572_136.jpg","e":0},{"id":"image_137","w":534,"h":300,"u":"images/","p":"qq_2673228572_137.jpg","e":0},{"id":"image_138","w":534,"h":300,"u":"images/","p":"qq_2673228572_138.jpg","e":0},{"id":"image_139","w":534,"h":300,"u":"images/","p":"qq_2673228572_139.jpg","e":0},{"id":"image_140","w":534,"h":300,"u":"images/","p":"qq_2673228572_140.jpg","e":0},{"id":"image_141","w":534,"h":300,"u":"images/","p":"qq_2673228572_141.jpg","e":0},{"id":"image_142","w":534,"h":300,"u":"images/","p":"qq_2673228572_142.jpg","e":0},{"id":"image_143","w":534,"h":300,"u":"images/","p":"qq_2673228572_143.jpg","e":0},{"id":"image_144","w":534,"h":300,"u":"images/","p":"qq_2673228572_144.jpg","e":0},{"id":"image_145","w":534,"h":300,"u":"images/","p":"qq_2673228572_145.jpg","e":0},{"id":"image_146","w":534,"h":300,"u":"images/","p":"qq_2673228572_146.jpg","e":0},{"id":"image_147","w":534,"h":300,"u":"images/","p":"qq_2673228572_147.jpg","e":0},{"id":"image_148","w":534,"h":300,"u":"images/","p":"qq_2673228572_148.jpg","e":0},{"id":"image_149","w":534,"h":300,"u":"images/","p":"qq_2673228572_149.jpg","e":0},{"id":"image_150","w":534,"h":300,"u":"images/","p":"qq_2673228572_150.jpg","e":0},{"id":"image_151","w":534,"h":300,"u":"images/","p":"qq_2673228572_151.jpg","e":0},{"id":"image_152","w":534,"h":300,"u":"images/","p":"qq_2673228572_152.jpg","e":0},{"id":"image_153","w":534,"h":300,"u":"images/","p":"qq_2673228572_153.jpg","e":0},{"id":"image_154","w":534,"h":300,"u":"images/","p":"qq_2673228572_154.jpg","e":0},{"id":"image_155","w":1080,"h":2340,"u":"images/","p":"2673228572.jpg","e":0},{"id":"comp_0","layers":[{"ddd":0,"ind":1,"ty":4,"nm":"R contornos","sr":1,"ks":{"o":{"a":1,"k":[{"i":{"x":[0.667],"y":[1]},"o":{"x":[0.333],"y":[0]},"t":30.5,"s":[0]},{"i":{"x":[0.667],"y":[1]},"o":{"x":[0.167],"y":[0]},"t":69,"s":[100]},{"i":{"x":[0.833],"y":[1]},"o":{"x":[0.167],"y":[0]},"t":120.5,"s":[100]},{"t":155,"s":[0]}],"ix":11},"r":{"a":0,"k":0,"ix":10},"p":{"a":0,"k":[408.227,505.816,0],"ix":2},"a":{"a":0,"k":[43.828,52.638,0],"ix":1},"s":{"a":0,"k":[100,100,100],"ix":6}},"ao":0,"shapes":[{"ty":"gr","it":[{"ind":0,"ty":"sh","ix":1,"ks":{"a":0,"k":{"i":[[-4.777,3.917],[0,7.262],[4.777,3.865],[9.066,0],[0,0],[0,0],[0,0]],"o":[[4.777,-3.913],[0,-7.253],[-4.777,-3.869],[0,0],[0,0],[0,0],[9.066,0]],"v":[[18.122,1.574],[25.284,-15.185],[18.122,-31.872],[-2.647,-37.674],[-27.005,-37.674],[-27.005,7.448],[-2.647,7.448]],"c":true},"ix":2},"nm":"路径 1","mn":"ADBE Vector Shape - Group","hd":false},{"ind":1,"ty":"sh","ix":2,"ks":{"a":0,"k":{"i":[[5.624,8.012],[0,0],[4.048,-0.002],[0,0],[0,0],[0,0],[7.91,0],[0,0],[0,0],[-7.449,-6.205],[0,-10.886],[3.825,-5.441],[7.074,-2.481],[0,0]],"o":[[0,0],[-2.326,-3.314],[0,0],[0,0],[0,0],[0,7.911],[0,0],[0,0],[12.986,0],[7.451,6.21],[0,7.738],[-3.817,5.445],[0,0],[-9.789,0]],"v":[[16.739,37.357],[7.998,24.909],[-2.172,19.626],[-2.218,19.626],[-27.005,19.626],[-27.005,35.815],[-41.328,50.138],[-41.328,-50.138],[-2.218,-50.138],[28.436,-40.828],[39.607,-15.185],[33.878,4.583],[17.546,16.474],[41.328,50.138]],"c":true},"ix":2},"nm":"路径 2","mn":"ADBE Vector Shape - Group","hd":false},{"ty":"st","c":{"a":0,"k":[0.00526107708,0.006264721975,0.011091979221,1],"ix":3},"o":{"a":0,"k":100,"ix":4},"w":{"a":0,"k":2,"ix":5},"lc":1,"lj":1,"ml":10,"bm":0,"nm":"Trazo 1","mn":"ADBE Vector Graphic - Stroke","hd":false},{"ty":"fl","c":{"a":0,"k":[0.00526107708,0.006264721975,0.011091979221,1],"ix":4},"o":{"a":0,"k":100,"ix":5},"r":1,"bm":0,"nm":"Relleno 1","mn":"ADBE Vector Graphic - Fill","hd":false},{"ty":"tr","p":{"a":0,"k":[43.828,52.638],"ix":2},"a":{"a":0,"k":[0,0],"ix":1},"s":{"a":0,"k":[100,100],"ix":3},"r":{"a":0,"k":0,"ix":6},"o":{"a":0,"k":100,"ix":7},"sk":{"a":0,"k":0,"ix":4},"sa":{"a":0,"k":0,"ix":5},"nm":"变换"}],"nm":"Grupo 1","np":4,"cix":2,"bm":0,"ix":1,"mn":"ADBE Vector Group","hd":false}],"ip":13.5,"op":110,"st":13.5,"bm":0},{"ddd":0,"ind":2,"ty":4,"nm":"E contornos","sr":1,"ks":{"o":{"a":1,"k":[{"i":{"x":[0.667],"y":[1]},"o":{"x":[0.333],"y":[0]},"t":54.5,"s":[0]},{"i":{"x":[0.667],"y":[1]},"o":{"x":[0.167],"y":[0]},"t":93,"s":[100]},{"i":{"x":[0.833],"y":[1]},"o":{"x":[0.167],"y":[0]},"t":141,"s":[100]},{"t":176,"s":[0]}],"ix":11},"r":{"a":0,"k":0,"ix":10},"p":{"a":0,"k":[574.752,505.816,0],"ix":2},"a":{"a":0,"k":[38.884,52.638,0],"ix":1},"s":{"a":0,"k":[100,100,100],"ix":6}},"ao":0,"shapes":[{"ty":"gr","it":[{"ind":0,"ty":"sh","ix":1,"ks":{"a":0,"k":{"i":[[0,-6.883],[0,0],[0,0],[0,0],[0,0],[6.883,0],[0,0],[0,0],[0,0],[0,0],[0,0],[0,0],[0,0]],"o":[[0,0],[0,0],[0,0],[0,0],[0,6.883],[0,0],[0,0],[0,0],[0,0],[0,0],[0,0],[0,0],[6.883,0]],"v":[[36.385,50.138],[36.385,50.138],[-36.385,50.138],[-36.385,-50.138],[34.385,-50.138],[21.922,-37.675],[-22.062,-37.675],[-22.062,-6.875],[28.227,-6.875],[28.227,5.299],[-22.062,5.299],[-22.062,37.675],[23.922,37.675]],"c":true},"ix":2},"nm":"路径 1","mn":"ADBE Vector Shape - Group","hd":false},{"ty":"st","c":{"a":0,"k":[0.00526107708,0.006264721975,0.011091979221,1],"ix":3},"o":{"a":0,"k":100,"ix":4},"w":{"a":0,"k":2,"ix":5},"lc":1,"lj":1,"ml":10,"bm":0,"nm":"Trazo 1","mn":"ADBE Vector Graphic - Stroke","hd":false},{"ty":"fl","c":{"a":0,"k":[0.00526107708,0.006264721975,0.011091979221,1],"ix":4},"o":{"a":0,"k":100,"ix":5},"r":1,"bm":0,"nm":"Relleno 1","mn":"ADBE Vector Graphic - Fill","hd":false},{"ty":"tr","p":{"a":0,"k":[38.884,52.638],"ix":2},"a":{"a":0,"k":[0,0],"ix":1},"s":{"a":0,"k":[100,100],"ix":3},"r":{"a":0,"k":0,"ix":6},"o":{"a":0,"k":100,"ix":7},"sk":{"a":0,"k":0,"ix":4},"sa":{"a":0,"k":0,"ix":5},"nm":"变换"}],"nm":"Grupo 1","np":3,"cix":2,"bm":0,"ix":1,"mn":"ADBE Vector Group","hd":false}],"ip":39,"op":110,"st":39,"bm":0},{"ddd":0,"ind":3,"ty":4,"nm":"L contornos","sr":1,"ks":{"o":{"a":1,"k":[{"i":{"x":[0.667],"y":[1]},"o":{"x":[0.333],"y":[0]},"t":36,"s":[0]},{"i":{"x":[0.667],"y":[1]},"o":{"x":[0.167],"y":[0]},"t":74.5,"s":[100]},{"i":{"x":[0.833],"y":[1]},"o":{"x":[0.167],"y":[0]},"t":124,"s":[100]},{"t":160,"s":[0]}],"ix":11},"r":{"a":0,"k":0,"ix":10},"p":{"a":0,"k":[735.98,505.816,0],"ix":2},"a":{"a":0,"k":[36.811,52.638,0],"ix":1},"s":{"a":0,"k":[100,100,100],"ix":6}},"ao":0,"shapes":[{"ty":"gr","it":[{"ind":0,"ty":"sh","ix":1,"ks":{"a":0,"k":{"i":[[0,0],[0,0],[0,-7.91],[0,0],[0,0],[0,-6.883],[0,0]],"o":[[0,0],[7.911,0],[0,0],[0,0],[6.883,0],[0,0],[0,0]],"v":[[-34.31,-50.138],[-34.31,-50.138],[-19.987,-35.815],[-19.987,37.675],[21.847,37.675],[34.31,50.138],[-34.31,50.138]],"c":true},"ix":2},"nm":"路径 1","mn":"ADBE Vector Shape - Group","hd":false},{"ty":"st","c":{"a":0,"k":[0.00526107708,0.006264721975,0.011091979221,1],"ix":3},"o":{"a":0,"k":100,"ix":4},"w":{"a":0,"k":2,"ix":5},"lc":1,"lj":1,"ml":10,"bm":0,"nm":"Trazo 1","mn":"ADBE Vector Graphic - Stroke","hd":false},{"ty":"fl","c":{"a":0,"k":[0.00526107708,0.006264721975,0.011091979221,1],"ix":4},"o":{"a":0,"k":100,"ix":5},"r":1,"bm":0,"nm":"Relleno 1","mn":"ADBE Vector Graphic - Fill","hd":false},{"ty":"tr","p":{"a":0,"k":[36.81,52.638],"ix":2},"a":{"a":0,"k":[0,0],"ix":1},"s":{"a":0,"k":[100,100],"ix":3},"r":{"a":0,"k":0,"ix":6},"o":{"a":0,"k":100,"ix":7},"sk":{"a":0,"k":0,"ix":4},"sa":{"a":0,"k":0,"ix":5},"nm":"变换"}],"nm":"Grupo 1","np":3,"cix":2,"bm":0,"ix":1,"mn":"ADBE Vector Group","hd":false}],"ip":22.5,"op":110,"st":22.5,"bm":0},{"ddd":0,"ind":4,"ty":4,"nm":"I contornos","sr":1,"ks":{"o":{"a":1,"k":[{"i":{"x":[0.667],"y":[1]},"o":{"x":[0.333],"y":[0]},"t":60,"s":[0]},{"i":{"x":[0.667],"y":[1]},"o":{"x":[0.167],"y":[0]},"t":98.5,"s":[100]},{"i":{"x":[0.833],"y":[1]},"o":{"x":[0.167],"y":[0]},"t":146.5,"s":[100]},{"t":179.5,"s":[0]}],"ix":11},"r":{"a":0,"k":0,"ix":10},"p":{"a":0,"k":[861.251,505.816,0],"ix":2},"a":{"a":0,"k":[9.661,52.638,0],"ix":1},"s":{"a":0,"k":[100,100,100],"ix":6}},"ao":0,"shapes":[{"ty":"gr","it":[{"ind":0,"ty":"sh","ix":1,"ks":{"a":0,"k":{"i":[[0,0],[0,0],[0,-7.91],[0,0],[0,7.911]],"o":[[0,0],[7.911,0],[0,0],[-7.91,0],[0,0]],"v":[[-7.161,-50.138],[-7.161,-50.138],[7.161,-35.815],[7.161,50.138],[-7.161,35.814]],"c":true},"ix":2},"nm":"路径 1","mn":"ADBE Vector Shape - Group","hd":false},{"ty":"st","c":{"a":0,"k":[0.00526107708,0.006264721975,0.011091979221,1],"ix":3},"o":{"a":0,"k":100,"ix":4},"w":{"a":0,"k":2,"ix":5},"lc":1,"lj":1,"ml":10,"bm":0,"nm":"Trazo 1","mn":"ADBE Vector Graphic - Stroke","hd":false},{"ty":"fl","c":{"a":0,"k":[0.00526107708,0.006264721975,0.011091979221,1],"ix":4},"o":{"a":0,"k":100,"ix":5},"r":1,"bm":0,"nm":"Relleno 1","mn":"ADBE Vector Graphic - Fill","hd":false},{"ty":"tr","p":{"a":0,"k":[9.661,52.638],"ix":2},"a":{"a":0,"k":[0,0],"ix":1},"s":{"a":0,"k":[100,100],"ix":3},"r":{"a":0,"k":0,"ix":6},"o":{"a":0,"k":100,"ix":7},"sk":{"a":0,"k":0,"ix":4},"sa":{"a":0,"k":0,"ix":5},"nm":"变换"}],"nm":"Grupo 1","np":3,"cix":2,"bm":0,"ix":1,"mn":"ADBE Vector Group","hd":false}],"ip":48.5,"op":110,"st":48.5,"bm":0},{"ddd":0,"ind":5,"ty":0,"nm":"Q","refId":"comp_1","sr":1,"ks":{"o":{"a":0,"k":100,"ix":11},"r":{"a":0,"k":0,"ix":10},"p":{"a":0,"k":[960,540,0],"ix":2},"a":{"a":0,"k":[960,540,0],"ix":1},"s":{"a":0,"k":[100,100,100],"ix":6}},"ao":0,"w":1920,"h":1080,"ip":1,"op":241,"st":1,"bm":0},{"ddd":0,"ind":6,"ty":4,"nm":"I contornos","sr":1,"ks":{"o":{"a":1,"k":[{"i":{"x":[0.667],"y":[1]},"o":{"x":[0.333],"y":[0]},"t":42.5,"s":[0]},{"i":{"x":[0.667],"y":[1]},"o":{"x":[0.167],"y":[0]},"t":81,"s":[100]},{"i":{"x":[0.833],"y":[1]},"o":{"x":[0.167],"y":[0]},"t":129,"s":[100]},{"t":162,"s":[0]}],"ix":11},"r":{"a":0,"k":0,"ix":10},"p":{"a":0,"k":[1160.642,505.816,0],"ix":2},"a":{"a":0,"k":[9.662,52.638,0],"ix":1},"s":{"a":0,"k":[100,100,100],"ix":6}},"ao":0,"shapes":[{"ty":"gr","it":[{"ind":0,"ty":"sh","ix":1,"ks":{"a":0,"k":{"i":[[0,0],[0,0],[0,-7.91],[0,0],[0,7.911]],"o":[[0,0],[7.91,0],[0,0],[-7.91,0],[0,0]],"v":[[-7.161,-50.138],[-7.161,-50.138],[7.161,-35.815],[7.161,50.138],[-7.161,35.814]],"c":true},"ix":2},"nm":"路径 1","mn":"ADBE Vector Shape - Group","hd":false},{"ty":"st","c":{"a":0,"k":[0.00526107708,0.006264721975,0.011091979221,1],"ix":3},"o":{"a":0,"k":100,"ix":4},"w":{"a":0,"k":2,"ix":5},"lc":1,"lj":1,"ml":10,"bm":0,"nm":"Trazo 1","mn":"ADBE Vector Graphic - Stroke","hd":false},{"ty":"fl","c":{"a":0,"k":[0.00526107708,0.006264721975,0.011091979221,1],"ix":4},"o":{"a":0,"k":100,"ix":5},"r":1,"bm":0,"nm":"Relleno 1","mn":"ADBE Vector Graphic - Fill","hd":false},{"ty":"tr","p":{"a":0,"k":[9.662,52.638],"ix":2},"a":{"a":0,"k":[0,0],"ix":1},"s":{"a":0,"k":[100,100],"ix":3},"r":{"a":0,"k":0,"ix":6},"o":{"a":0,"k":100,"ix":7},"sk":{"a":0,"k":0,"ix":4},"sa":{"a":0,"k":0,"ix":5},"nm":"变换"}],"nm":"Grupo 1","np":3,"cix":2,"bm":0,"ix":1,"mn":"ADBE Vector Group","hd":false}],"ip":31,"op":110,"st":31,"bm":0},{"ddd":0,"ind":7,"ty":4,"nm":"U contornos","sr":1,"ks":{"o":{"a":1,"k":[{"i":{"x":[0.667],"y":[1]},"o":{"x":[0.333],"y":[0]},"t":68,"s":[0]},{"i":{"x":[0.667],"y":[1]},"o":{"x":[0.167],"y":[0]},"t":106.5,"s":[100]},{"i":{"x":[0.833],"y":[1]},"o":{"x":[0.167],"y":[0]},"t":154.5,"s":[100]},{"t":179.5,"s":[0]}],"ix":11},"r":{"a":0,"k":0,"ix":10},"p":{"a":0,"k":[1306.765,506.388,0],"ix":2},"a":{"a":0,"k":[44.902,53.21,0],"ix":1},"s":{"a":0,"k":[100,100,100],"ix":6}},"ao":0,"shapes":[{"ty":"gr","it":[{"ind":0,"ty":"sh","ix":1,"ks":{"a":0,"k":{"i":[[7.45,7.642],[0,14.328],[0,0],[0,-7.91],[0,0],[-18.813,0],[-4.865,5.301],[0,10.887],[0,0],[-7.675,0],[0,0],[7.449,-7.594],[13.372,0]],"o":[[-7.45,-7.638],[0,0],[7.91,0],[0,0],[0,21.489],[9.17,0],[4.874,-5.302],[0,0],[0,-7.674],[0,0],[0,14.424],[-7.441,7.59],[-13.371,0]],"v":[[-31.232,39.251],[-42.402,6.303],[-42.402,-50.71],[-28.079,-36.387],[-28.079,5.732],[0.14,37.964],[21.196,30.012],[28.506,5.732],[28.506,-36.814],[42.402,-50.71],[42.402,6.303],[31.223,39.326],[-0.001,50.71]],"c":true},"ix":2},"nm":"路径 1","mn":"ADBE Vector Shape - Group","hd":false},{"ty":"st","c":{"a":0,"k":[0.00526107708,0.006264721975,0.011091979221,1],"ix":3},"o":{"a":0,"k":100,"ix":4},"w":{"a":0,"k":2,"ix":5},"lc":1,"lj":1,"ml":10,"bm":0,"nm":"Trazo 1","mn":"ADBE Vector Graphic - Stroke","hd":false},{"ty":"fl","c":{"a":0,"k":[0.00526107708,0.006264721975,0.011091979221,1],"ix":4},"o":{"a":0,"k":100,"ix":5},"r":1,"bm":0,"nm":"Relleno 1","mn":"ADBE Vector Graphic - Fill","hd":false},{"ty":"tr","p":{"a":0,"k":[44.902,53.21],"ix":2},"a":{"a":0,"k":[0,0],"ix":1},"s":{"a":0,"k":[100,100],"ix":3},"r":{"a":0,"k":0,"ix":6},"o":{"a":0,"k":100,"ix":7},"sk":{"a":0,"k":0,"ix":4},"sa":{"a":0,"k":0,"ix":5},"nm":"变换"}],"nm":"Grupo 1","np":3,"cix":2,"bm":0,"ix":1,"mn":"ADBE Vector Group","hd":false}],"ip":54.5,"op":110,"st":54.5,"bm":0},{"ddd":0,"ind":8,"ty":4,"nm":"M contornos","sr":1,"ks":{"o":{"a":1,"k":[{"i":{"x":[0.667],"y":[1]},"o":{"x":[0.333],"y":[0]},"t":49,"s":[0]},{"i":{"x":[0.667],"y":[1]},"o":{"x":[0.167],"y":[0]},"t":87.5,"s":[100]},{"i":{"x":[0.833],"y":[1]},"o":{"x":[0.167],"y":[0]},"t":136.5,"s":[100]},{"t":166.5,"s":[0]}],"ix":11},"r":{"a":0,"k":0,"ix":10},"p":{"a":0,"k":[1499.22,505.816,0],"ix":2},"a":{"a":0,"k":[55.863,52.637,0],"ix":1},"s":{"a":0,"k":[100,100,100],"ix":6}},"ao":0,"shapes":[{"ty":"gr","it":[{"ind":0,"ty":"sh","ix":1,"ks":{"a":0,"k":{"i":[[0.015,7.601],[0,0],[0,0],[0,0],[0,0],[0,0],[7.596,0],[0,0],[-3.717,-6.262],[0,0],[-1.996,3.411],[0,0],[-7.275,0],[0,0]],"o":[[0,0],[0,0],[0,0],[0,0],[0,0],[0,7.597],[0,0],[7.282,0],[0,0],[2.017,3.398],[0,0],[3.675,-6.279],[0,0],[-7.601,0]],"v":[[39.581,36.382],[39.468,-22.919],[3.223,37.964],[-3.363,37.964],[-39.608,-22.491],[-39.608,36.382],[-53.363,50.137],[-53.363,-50.137],[-35.62,-40.036],[-4.273,12.775],[4.663,12.748],[35.533,-39.999],[53.214,-50.137],[53.363,50.137]],"c":true},"ix":2},"nm":"路径 1","mn":"ADBE Vector Shape - Group","hd":false},{"ty":"st","c":{"a":0,"k":[0.00526107708,0.006264721975,0.011091979221,1],"ix":3},"o":{"a":0,"k":100,"ix":4},"w":{"a":0,"k":2,"ix":5},"lc":1,"lj":1,"ml":10,"bm":0,"nm":"Trazo 1","mn":"ADBE Vector Graphic - Stroke","hd":false},{"ty":"fl","c":{"a":0,"k":[0.00526107708,0.006264721975,0.011091979221,1],"ix":4},"o":{"a":0,"k":100,"ix":5},"r":1,"bm":0,"nm":"Relleno 1","mn":"ADBE Vector Graphic - Fill","hd":false},{"ty":"tr","p":{"a":0,"k":[55.862,52.638],"ix":2},"a":{"a":0,"k":[0,0],"ix":1},"s":{"a":0,"k":[100,100],"ix":3},"r":{"a":0,"k":0,"ix":6},"o":{"a":0,"k":100,"ix":7},"sk":{"a":0,"k":0,"ix":4},"sa":{"a":0,"k":0,"ix":5},"nm":"变换"}],"nm":"Grupo 1","np":3,"cix":2,"bm":0,"ix":1,"mn":"ADBE Vector Group","hd":false}],"ip":33.5,"op":110,"st":33.5,"bm":0}]},{"id":"comp_1","layers":[{"ddd":0,"ind":1,"ty":4,"nm":"Q 2 contornos","sr":1,"ks":{"o":{"a":1,"k":[{"i":{"x":[0.409],"y":[1]},"o":{"x":[0.333],"y":[0]},"t":4,"s":[0]},{"i":{"x":[0.409],"y":[1]},"o":{"x":[0.167],"y":[0]},"t":36.5,"s":[100]},{"i":{"x":[0.667],"y":[1]},"o":{"x":[0.637],"y":[0]},"t":161,"s":[100]},{"t":205,"s":[0]}],"ix":11},"r":{"a":1,"k":[{"i":{"x":[0.323],"y":[1]},"o":{"x":[0.333],"y":[0]},"t":4,"s":[-180]},{"i":{"x":[0.323],"y":[1]},"o":{"x":[0.225],"y":[0]},"t":36.5,"s":[0]},{"i":{"x":[0.667],"y":[1]},"o":{"x":[0.803],"y":[0]},"t":161,"s":[0]},{"t":205,"s":[-180]}],"ix":10},"p":{"a":0,"k":[1011.579,506.063,0],"ix":2},"a":{"a":0,"k":[54.597,53.098,0],"ix":1},"s":{"a":1,"k":[{"i":{"x":[0.667,0.667,0.667],"y":[1,1,1]},"o":{"x":[0.333,0.333,0.333],"y":[0,0,0]},"t":4,"s":[90,90,100]},{"i":{"x":[0.667,0.667,0.667],"y":[1,1,1]},"o":{"x":[0.167,0.167,0.167],"y":[0,0,0]},"t":36.5,"s":[100,100,100]},{"i":{"x":[0.667,0.667,0.667],"y":[1,1,1]},"o":{"x":[0.637,0.637,0.167],"y":[0,0,0]},"t":161,"s":[100,100,100]},{"t":205,"s":[90,90,100]}],"ix":6}},"ao":0,"hasMask":true,"masksProperties":[{"inv":false,"mode":"l","pt":{"a":0,"k":{"i":[[0,0],[0,0],[0,0]],"o":[[0,0],[0,0],[0,0]],"v":[[0.424,-0.963],[0.423,1.708],[4.34,0.503]],"c":true},"ix":1},"o":{"a":0,"k":100,"ix":3},"x":{"a":0,"k":0,"ix":4},"nm":"蒙版 1"}],"shapes":[{"ty":"gr","it":[{"ind":0,"ty":"sh","ix":1,"ks":{"a":0,"k":{"i":[[-0.858,18.789],[28.96,0],[0,0],[0,-27.848],[-16.786,-8.15],[0,0],[0,0],[1.131,11.103],[-22.321,0],[0,0],[-1.961,-19.482],[22.306,0],[0,0],[2.082,0.344],[0,0],[0,0],[0,3.053],[-10.096,5.03]],"o":[[1.322,-28.93],[0,0],[-27.729,0],[0,19.877],[0,0],[0,0],[-8.558,-6.116],[-2.308,-22.67],[0,0],[19.581,0],[2.279,22.651],[0,0],[-2.165,0],[0,0],[0,0],[3.053,0],[0,-11.28],[15.889,-7.916]],"v":[[50.776,-11.216],[-0.368,-63.849],[-1.8,-63.849],[-52.097,-13.438],[-23.707,31.789],[-23.707,17.044],[-23.707,17.043],[-39.376,-9.678],[-1.019,-51.324],[-0.327,-51.324],[38.112,-17.271],[-0.248,24.331],[-0.986,24.331],[-7.363,23.799],[-7.363,63.849],[1.001,63.849],[6.53,58.319],[22.888,31.573]],"c":true},"ix":2},"nm":"路径 1","mn":"ADBE Vector Shape - Group","hd":false},{"ty":"st","c":{"a":0,"k":[0.00526107708,0.006264721975,0.011091979221,1],"ix":3},"o":{"a":0,"k":100,"ix":4},"w":{"a":0,"k":2,"ix":5},"lc":1,"lj":1,"ml":10,"bm":0,"nm":"Trazo 1","mn":"ADBE Vector Graphic - Stroke","hd":false},{"ty":"fl","c":{"a":0,"k":[0.00526107708,0.006264721975,0.011091979221,1],"ix":4},"o":{"a":0,"k":100,"ix":5},"r":1,"bm":0,"nm":"Relleno 1","mn":"ADBE Vector Graphic - Fill","hd":false},{"ty":"tr","p":{"a":0,"k":[54.597,66.349],"ix":2},"a":{"a":0,"k":[0,0],"ix":1},"s":{"a":0,"k":[100,100],"ix":3},"r":{"a":0,"k":0,"ix":6},"o":{"a":0,"k":100,"ix":7},"sk":{"a":0,"k":0,"ix":4},"sa":{"a":0,"k":0,"ix":5},"nm":"变换"}],"nm":"Grupo 1","np":3,"cix":2,"bm":0,"ix":1,"mn":"ADBE Vector Group","hd":false}],"ip":0,"op":244,"st":0,"bm":0},{"ddd":0,"ind":2,"ty":4,"nm":"Q contornos","sr":1,"ks":{"o":{"a":1,"k":[{"i":{"x":[0.833],"y":[0.833]},"o":{"x":[0.333],"y":[0]},"t":4,"s":[0]},{"i":{"x":[0.833],"y":[1]},"o":{"x":[0.167],"y":[0]},"t":36.5,"s":[100]},{"i":{"x":[0.667],"y":[1]},"o":{"x":[0.167],"y":[0.167]},"t":161,"s":[100]},{"t":205,"s":[0]}],"ix":11},"r":{"a":1,"k":[{"i":{"x":[0.833],"y":[0.833]},"o":{"x":[0.333],"y":[0]},"t":4,"s":[-180]},{"i":{"x":[0.833],"y":[1]},"o":{"x":[0.167],"y":[0]},"t":36.5,"s":[0]},{"i":{"x":[0.667],"y":[1]},"o":{"x":[0.167],"y":[0.167]},"t":161,"s":[0]},{"t":205,"s":[-180]}],"ix":10},"p":{"a":0,"k":[1011.579,506.063,0],"ix":2},"a":{"a":0,"k":[54.597,53.098,0],"ix":1},"s":{"a":1,"k":[{"i":{"x":[0.667,0.667,0.667],"y":[1,1,1]},"o":{"x":[0.333,0.333,0.333],"y":[0,0,0]},"t":4,"s":[90,90,100]},{"i":{"x":[0.667,0.667,0.667],"y":[1,1,1]},"o":{"x":[0.167,0.167,0.167],"y":[0,0,0]},"t":36.5,"s":[100,100,100]},{"i":{"x":[0.667,0.667,0.667],"y":[1,1,1]},"o":{"x":[0.655,0.655,0.167],"y":[0,0,0]},"t":161,"s":[100,100,100]},{"t":205,"s":[90,90,100]}],"ix":6}},"ao":0,"shapes":[{"ty":"gr","it":[{"ind":0,"ty":"sh","ix":1,"ks":{"a":0,"k":{"i":[[-0.858,18.789],[28.96,0],[0,0],[0,-27.848],[-16.786,-8.15],[0,0],[0,0],[1.131,11.103],[-22.321,0],[0,0],[-1.961,-19.482],[22.306,0],[0,0],[2.082,0.344],[0,0],[0,0],[0,3.053],[-10.096,5.03]],"o":[[1.322,-28.93],[0,0],[-27.729,0],[0,19.877],[0,0],[0,0],[-8.558,-6.116],[-2.308,-22.67],[0,0],[19.581,0],[2.279,22.651],[0,0],[-2.165,0],[0,0],[0,0],[3.053,0],[0,-11.28],[15.889,-7.916]],"v":[[50.776,-11.216],[-0.368,-63.849],[-1.8,-63.849],[-52.097,-13.438],[-23.707,31.789],[-23.707,17.044],[-23.707,17.043],[-39.376,-9.678],[-1.019,-51.324],[-0.327,-51.324],[38.112,-17.271],[-0.248,24.331],[-0.986,24.331],[-7.363,23.799],[-7.363,63.849],[1.001,63.849],[6.53,58.319],[22.888,31.573]],"c":true},"ix":2},"nm":"路径 1","mn":"ADBE Vector Shape - Group","hd":false},{"ty":"st","c":{"a":0,"k":[0.00526107708,0.006264721975,0.011091979221,1],"ix":3},"o":{"a":0,"k":100,"ix":4},"w":{"a":0,"k":2,"ix":5},"lc":1,"lj":1,"ml":10,"bm":0,"nm":"Trazo 1","mn":"ADBE Vector Graphic - Stroke","hd":false},{"ty":"fl","c":{"a":0,"k":[0.00526107708,0.006264721975,0.011091979221,1],"ix":4},"o":{"a":0,"k":100,"ix":5},"r":1,"bm":0,"nm":"Relleno 1","mn":"ADBE Vector Graphic - Fill","hd":false},{"ty":"tr","p":{"a":0,"k":[54.597,66.349],"ix":2},"a":{"a":0,"k":[0,0],"ix":1},"s":{"a":0,"k":[100,100],"ix":3},"r":{"a":0,"k":0,"ix":6},"o":{"a":0,"k":100,"ix":7},"sk":{"a":0,"k":0,"ix":4},"sa":{"a":0,"k":0,"ix":5},"nm":"变换"}],"nm":"Grupo 1","np":3,"cix":2,"bm":0,"ix":1,"mn":"ADBE Vector Group","hd":false}],"ip":0,"op":244,"st":0,"bm":0}]},{"id":"comp_2","layers":[{"ddd":0,"ind":1,"ty":2,"nm":"qq+2673228572_000.png","cl":"png","refId":"image_0","sr":1,"ks":{"o":{"a":0,"k":100,"ix":11},"r":{"a":0,"k":0,"ix":10},"p":{"a":0,"k":[267,150,0],"ix":2},"a":{"a":0,"k":[267,150,0],"ix":1},"s":{"a":0,"k":[100,100,100],"ix":6}},"ao":0,"ip":0,"op":2,"st":0,"bm":0},{"ddd":0,"ind":2,"ty":2,"nm":"qq+2673228572_001.png","cl":"png","refId":"image_1","sr":1,"ks":{"o":{"a":0,"k":100,"ix":11},"r":{"a":0,"k":0,"ix":10},"p":{"a":0,"k":[267,150,0],"ix":2},"a":{"a":0,"k":[267,150,0],"ix":1},"s":{"a":0,"k":[100,100,100],"ix":6}},"ao":0,"ip":2,"op":4,"st":2,"bm":0},{"ddd":0,"ind":3,"ty":2,"nm":"qq+2673228572_002.png","cl":"png","refId":"image_2","sr":1,"ks":{"o":{"a":0,"k":100,"ix":11},"r":{"a":0,"k":0,"ix":10},"p":{"a":0,"k":[267,150,0],"ix":2},"a":{"a":0,"k":[267,150,0],"ix":1},"s":{"a":0,"k":[100,100,100],"ix":6}},"ao":0,"ip":4,"op":6,"st":4,"bm":0},{"ddd":0,"ind":4,"ty":2,"nm":"qq+2673228572_003.png","cl":"png","refId":"image_3","sr":1,"ks":{"o":{"a":0,"k":100,"ix":11},"r":{"a":0,"k":0,"ix":10},"p":{"a":0,"k":[267,150,0],"ix":2},"a":{"a":0,"k":[267,150,0],"ix":1},"s":{"a":0,"k":[100,100,100],"ix":6}},"ao":0,"ip":6,"op":8,"st":6,"bm":0},{"ddd":0,"ind":5,"ty":2,"nm":"qq+2673228572_004.png","cl":"png","refId":"image_4","sr":1,"ks":{"o":{"a":0,"k":100,"ix":11},"r":{"a":0,"k":0,"ix":10},"p":{"a":0,"k":[267,150,0],"ix":2},"a":{"a":0,"k":[267,150,0],"ix":1},"s":{"a":0,"k":[100,100,100],"ix":6}},"ao":0,"ip":8,"op":10,"st":8,"bm":0},{"ddd":0,"ind":6,"ty":2,"nm":"qq+2673228572_005.png","cl":"png","refId":"image_5","sr":1,"ks":{"o":{"a":0,"k":100,"ix":11},"r":{"a":0,"k":0,"ix":10},"p":{"a":0,"k":[267,150,0],"ix":2},"a":{"a":0,"k":[267,150,0],"ix":1},"s":{"a":0,"k":[100,100,100],"ix":6}},"ao":0,"ip":10,"op":12,"st":10,"bm":0},{"ddd":0,"ind":7,"ty":2,"nm":"qq+2673228572_006.png","cl":"png","refId":"image_6","sr":1,"ks":{"o":{"a":0,"k":100,"ix":11},"r":{"a":0,"k":0,"ix":10},"p":{"a":0,"k":[267,150,0],"ix":2},"a":{"a":0,"k":[267,150,0],"ix":1},"s":{"a":0,"k":[100,100,100],"ix":6}},"ao":0,"ip":12,"op":14,"st":12,"bm":0},{"ddd":0,"ind":8,"ty":2,"nm":"qq+2673228572_007.png","cl":"png","refId":"image_7","sr":1,"ks":{"o":{"a":0,"k":100,"ix":11},"r":{"a":0,"k":0,"ix":10},"p":{"a":0,"k":[267,150,0],"ix":2},"a":{"a":0,"k":[267,150,0],"ix":1},"s":{"a":0,"k":[100,100,100],"ix":6}},"ao":0,"ip":14,"op":16,"st":14,"bm":0},{"ddd":0,"ind":9,"ty":2,"nm":"qq+2673228572_008.png","cl":"png","refId":"image_8","sr":1,"ks":{"o":{"a":0,"k":100,"ix":11},"r":{"a":0,"k":0,"ix":10},"p":{"a":0,"k":[267,150,0],"ix":2},"a":{"a":0,"k":[267,150,0],"ix":1},"s":{"a":0,"k":[100,100,100],"ix":6}},"ao":0,"ip":16,"op":18,"st":16,"bm":0},{"ddd":0,"ind":10,"ty":2,"nm":"qq+2673228572_009.png","cl":"png","refId":"image_9","sr":1,"ks":{"o":{"a":0,"k":100,"ix":11},"r":{"a":0,"k":0,"ix":10},"p":{"a":0,"k":[267,150,0],"ix":2},"a":{"a":0,"k":[267,150,0],"ix":1},"s":{"a":0,"k":[100,100,100],"ix":6}},"ao":0,"ip":18,"op":20,"st":18,"bm":0},{"ddd":0,"ind":11,"ty":2,"nm":"qq+2673228572_010.png","cl":"png","refId":"image_10","sr":1,"ks":{"o":{"a":0,"k":100,"ix":11},"r":{"a":0,"k":0,"ix":10},"p":{"a":0,"k":[267,150,0],"ix":2},"a":{"a":0,"k":[267,150,0],"ix":1},"s":{"a":0,"k":[100,100,100],"ix":6}},"ao":0,"ip":20,"op":22,"st":20,"bm":0},{"ddd":0,"ind":12,"ty":2,"nm":"qq+2673228572_011.png","cl":"png","refId":"image_11","sr":1,"ks":{"o":{"a":0,"k":100,"ix":11},"r":{"a":0,"k":0,"ix":10},"p":{"a":0,"k":[267,150,0],"ix":2},"a":{"a":0,"k":[267,150,0],"ix":1},"s":{"a":0,"k":[100,100,100],"ix":6}},"ao":0,"ip":22,"op":24,"st":22,"bm":0},{"ddd":0,"ind":13,"ty":2,"nm":"qq+2673228572_012.png","cl":"png","refId":"image_12","sr":1,"ks":{"o":{"a":0,"k":100,"ix":11},"r":{"a":0,"k":0,"ix":10},"p":{"a":0,"k":[267,150,0],"ix":2},"a":{"a":0,"k":[267,150,0],"ix":1},"s":{"a":0,"k":[100,100,100],"ix":6}},"ao":0,"ip":24,"op":26,"st":24,"bm":0},{"ddd":0,"ind":14,"ty":2,"nm":"qq+2673228572_013.png","cl":"png","refId":"image_13","sr":1,"ks":{"o":{"a":0,"k":100,"ix":11},"r":{"a":0,"k":0,"ix":10},"p":{"a":0,"k":[267,150,0],"ix":2},"a":{"a":0,"k":[267,150,0],"ix":1},"s":{"a":0,"k":[100,100,100],"ix":6}},"ao":0,"ip":26,"op":28,"st":26,"bm":0},{"ddd":0,"ind":15,"ty":2,"nm":"qq+2673228572_014.png","cl":"png","refId":"image_14","sr":1,"ks":{"o":{"a":0,"k":100,"ix":11},"r":{"a":0,"k":0,"ix":10},"p":{"a":0,"k":[267,150,0],"ix":2},"a":{"a":0,"k":[267,150,0],"ix":1},"s":{"a":0,"k":[100,100,100],"ix":6}},"ao":0,"ip":28,"op":30,"st":28,"bm":0},{"ddd":0,"ind":16,"ty":2,"nm":"qq+2673228572_015.png","cl":"png","refId":"image_15","sr":1,"ks":{"o":{"a":0,"k":100,"ix":11},"r":{"a":0,"k":0,"ix":10},"p":{"a":0,"k":[267,150,0],"ix":2},"a":{"a":0,"k":[267,150,0],"ix":1},"s":{"a":0,"k":[100,100,100],"ix":6}},"ao":0,"ip":30,"op":32,"st":30,"bm":0},{"ddd":0,"ind":17,"ty":2,"nm":"qq+2673228572_016.png","cl":"png","refId":"image_16","sr":1,"ks":{"o":{"a":0,"k":100,"ix":11},"r":{"a":0,"k":0,"ix":10},"p":{"a":0,"k":[267,150,0],"ix":2},"a":{"a":0,"k":[267,150,0],"ix":1},"s":{"a":0,"k":[100,100,100],"ix":6}},"ao":0,"ip":32,"op":34,"st":32,"bm":0},{"ddd":0,"ind":18,"ty":2,"nm":"qq+2673228572_017.png","cl":"png","refId":"image_17","sr":1,"ks":{"o":{"a":0,"k":100,"ix":11},"r":{"a":0,"k":0,"ix":10},"p":{"a":0,"k":[267,150,0],"ix":2},"a":{"a":0,"k":[267,150,0],"ix":1},"s":{"a":0,"k":[100,100,100],"ix":6}},"ao":0,"ip":34,"op":36,"st":34,"bm":0},{"ddd":0,"ind":19,"ty":2,"nm":"qq+2673228572_018.png","cl":"png","refId":"image_18","sr":1,"ks":{"o":{"a":0,"k":100,"ix":11},"r":{"a":0,"k":0,"ix":10},"p":{"a":0,"k":[267,150,0],"ix":2},"a":{"a":0,"k":[267,150,0],"ix":1},"s":{"a":0,"k":[100,100,100],"ix":6}},"ao":0,"ip":36,"op":38,"st":36,"bm":0},{"ddd":0,"ind":20,"ty":2,"nm":"qq+2673228572_019.png","cl":"png","refId":"image_19","sr":1,"ks":{"o":{"a":0,"k":100,"ix":11},"r":{"a":0,"k":0,"ix":10},"p":{"a":0,"k":[267,150,0],"ix":2},"a":{"a":0,"k":[267,150,0],"ix":1},"s":{"a":0,"k":[100,100,100],"ix":6}},"ao":0,"ip":38,"op":40,"st":38,"bm":0},{"ddd":0,"ind":21,"ty":2,"nm":"qq+2673228572_020.png","cl":"png","refId":"image_20","sr":1,"ks":{"o":{"a":0,"k":100,"ix":11},"r":{"a":0,"k":0,"ix":10},"p":{"a":0,"k":[267,150,0],"ix":2},"a":{"a":0,"k":[267,150,0],"ix":1},"s":{"a":0,"k":[100,100,100],"ix":6}},"ao":0,"ip":40,"op":42,"st":40,"bm":0},{"ddd":0,"ind":22,"ty":2,"nm":"qq+2673228572_021.png","cl":"png","refId":"image_21","sr":1,"ks":{"o":{"a":0,"k":100,"ix":11},"r":{"a":0,"k":0,"ix":10},"p":{"a":0,"k":[267,150,0],"ix":2},"a":{"a":0,"k":[267,150,0],"ix":1},"s":{"a":0,"k":[100,100,100],"ix":6}},"ao":0,"ip":42,"op":44,"st":42,"bm":0},{"ddd":0,"ind":23,"ty":2,"nm":"qq+2673228572_022.png","cl":"png","refId":"image_22","sr":1,"ks":{"o":{"a":0,"k":100,"ix":11},"r":{"a":0,"k":0,"ix":10},"p":{"a":0,"k":[267,150,0],"ix":2},"a":{"a":0,"k":[267,150,0],"ix":1},"s":{"a":0,"k":[100,100,100],"ix":6}},"ao":0,"ip":44,"op":46,"st":44,"bm":0},{"ddd":0,"ind":24,"ty":2,"nm":"qq+2673228572_023.png","cl":"png","refId":"image_23","sr":1,"ks":{"o":{"a":0,"k":100,"ix":11},"r":{"a":0,"k":0,"ix":10},"p":{"a":0,"k":[267,150,0],"ix":2},"a":{"a":0,"k":[267,150,0],"ix":1},"s":{"a":0,"k":[100,100,100],"ix":6}},"ao":0,"ip":46,"op":48,"st":46,"bm":0},{"ddd":0,"ind":25,"ty":2,"nm":"qq+2673228572_024.png","cl":"png","refId":"image_24","sr":1,"ks":{"o":{"a":0,"k":100,"ix":11},"r":{"a":0,"k":0,"ix":10},"p":{"a":0,"k":[267,150,0],"ix":2},"a":{"a":0,"k":[267,150,0],"ix":1},"s":{"a":0,"k":[100,100,100],"ix":6}},"ao":0,"ip":48,"op":50,"st":48,"bm":0},{"ddd":0,"ind":26,"ty":2,"nm":"qq+2673228572_025.png","cl":"png","refId":"image_25","sr":1,"ks":{"o":{"a":0,"k":100,"ix":11},"r":{"a":0,"k":0,"ix":10},"p":{"a":0,"k":[267,150,0],"ix":2},"a":{"a":0,"k":[267,150,0],"ix":1},"s":{"a":0,"k":[100,100,100],"ix":6}},"ao":0,"ip":50,"op":52,"st":50,"bm":0},{"ddd":0,"ind":27,"ty":2,"nm":"qq+2673228572_026.png","cl":"png","refId":"image_26","sr":1,"ks":{"o":{"a":0,"k":100,"ix":11},"r":{"a":0,"k":0,"ix":10},"p":{"a":0,"k":[267,150,0],"ix":2},"a":{"a":0,"k":[267,150,0],"ix":1},"s":{"a":0,"k":[100,100,100],"ix":6}},"ao":0,"ip":52,"op":54,"st":52,"bm":0},{"ddd":0,"ind":28,"ty":2,"nm":"qq+2673228572_027.png","cl":"png","refId":"image_27","sr":1,"ks":{"o":{"a":0,"k":100,"ix":11},"r":{"a":0,"k":0,"ix":10},"p":{"a":0,"k":[267,150,0],"ix":2},"a":{"a":0,"k":[267,150,0],"ix":1},"s":{"a":0,"k":[100,100,100],"ix":6}},"ao":0,"ip":54,"op":56,"st":54,"bm":0},{"ddd":0,"ind":29,"ty":2,"nm":"qq+2673228572_028.png","cl":"png","refId":"image_28","sr":1,"ks":{"o":{"a":0,"k":100,"ix":11},"r":{"a":0,"k":0,"ix":10},"p":{"a":0,"k":[267,150,0],"ix":2},"a":{"a":0,"k":[267,150,0],"ix":1},"s":{"a":0,"k":[100,100,100],"ix":6}},"ao":0,"ip":56,"op":58,"st":56,"bm":0},{"ddd":0,"ind":30,"ty":2,"nm":"qq+2673228572_029.png","cl":"png","refId":"image_29","sr":1,"ks":{"o":{"a":0,"k":100,"ix":11},"r":{"a":0,"k":0,"ix":10},"p":{"a":0,"k":[267,150,0],"ix":2},"a":{"a":0,"k":[267,150,0],"ix":1},"s":{"a":0,"k":[100,100,100],"ix":6}},"ao":0,"ip":58,"op":60,"st":58,"bm":0},{"ddd":0,"ind":31,"ty":2,"nm":"qq+2673228572_030.png","cl":"png","refId":"image_30","sr":1,"ks":{"o":{"a":0,"k":100,"ix":11},"r":{"a":0,"k":0,"ix":10},"p":{"a":0,"k":[267,150,0],"ix":2},"a":{"a":0,"k":[267,150,0],"ix":1},"s":{"a":0,"k":[100,100,100],"ix":6}},"ao":0,"ip":60,"op":62,"st":60,"bm":0},{"ddd":0,"ind":32,"ty":2,"nm":"qq+2673228572_031.png","cl":"png","refId":"image_31","sr":1,"ks":{"o":{"a":0,"k":100,"ix":11},"r":{"a":0,"k":0,"ix":10},"p":{"a":0,"k":[267,150,0],"ix":2},"a":{"a":0,"k":[267,150,0],"ix":1},"s":{"a":0,"k":[100,100,100],"ix":6}},"ao":0,"ip":62,"op":64,"st":62,"bm":0},{"ddd":0,"ind":33,"ty":2,"nm":"qq+2673228572_032.png","cl":"png","refId":"image_32","sr":1,"ks":{"o":{"a":0,"k":100,"ix":11},"r":{"a":0,"k":0,"ix":10},"p":{"a":0,"k":[267,150,0],"ix":2},"a":{"a":0,"k":[267,150,0],"ix":1},"s":{"a":0,"k":[100,100,100],"ix":6}},"ao":0,"ip":64,"op":66,"st":64,"bm":0},{"ddd":0,"ind":34,"ty":2,"nm":"qq+2673228572_033.png","cl":"png","refId":"image_33","sr":1,"ks":{"o":{"a":0,"k":100,"ix":11},"r":{"a":0,"k":0,"ix":10},"p":{"a":0,"k":[267,150,0],"ix":2},"a":{"a":0,"k":[267,150,0],"ix":1},"s":{"a":0,"k":[100,100,100],"ix":6}},"ao":0,"ip":66,"op":68,"st":66,"bm":0},{"ddd":0,"ind":35,"ty":2,"nm":"qq+2673228572_034.png","cl":"png","refId":"image_34","sr":1,"ks":{"o":{"a":0,"k":100,"ix":11},"r":{"a":0,"k":0,"ix":10},"p":{"a":0,"k":[267,150,0],"ix":2},"a":{"a":0,"k":[267,150,0],"ix":1},"s":{"a":0,"k":[100,100,100],"ix":6}},"ao":0,"ip":68,"op":70,"st":68,"bm":0},{"ddd":0,"ind":36,"ty":2,"nm":"qq+2673228572_035.png","cl":"png","refId":"image_35","sr":1,"ks":{"o":{"a":0,"k":100,"ix":11},"r":{"a":0,"k":0,"ix":10},"p":{"a":0,"k":[267,150,0],"ix":2},"a":{"a":0,"k":[267,150,0],"ix":1},"s":{"a":0,"k":[100,100,100],"ix":6}},"ao":0,"ip":70,"op":72,"st":70,"bm":0},{"ddd":0,"ind":37,"ty":2,"nm":"qq+2673228572_036.png","cl":"png","refId":"image_36","sr":1,"ks":{"o":{"a":0,"k":100,"ix":11},"r":{"a":0,"k":0,"ix":10},"p":{"a":0,"k":[267,150,0],"ix":2},"a":{"a":0,"k":[267,150,0],"ix":1},"s":{"a":0,"k":[100,100,100],"ix":6}},"ao":0,"ip":72,"op":74,"st":72,"bm":0},{"ddd":0,"ind":38,"ty":2,"nm":"qq+2673228572_037.png","cl":"png","refId":"image_37","sr":1,"ks":{"o":{"a":0,"k":100,"ix":11},"r":{"a":0,"k":0,"ix":10},"p":{"a":0,"k":[267,150,0],"ix":2},"a":{"a":0,"k":[267,150,0],"ix":1},"s":{"a":0,"k":[100,100,100],"ix":6}},"ao":0,"ip":74,"op":76,"st":74,"bm":0},{"ddd":0,"ind":39,"ty":2,"nm":"qq+2673228572_038.png","cl":"png","refId":"image_38","sr":1,"ks":{"o":{"a":0,"k":100,"ix":11},"r":{"a":0,"k":0,"ix":10},"p":{"a":0,"k":[267,150,0],"ix":2},"a":{"a":0,"k":[267,150,0],"ix":1},"s":{"a":0,"k":[100,100,100],"ix":6}},"ao":0,"ip":76,"op":78,"st":76,"bm":0},{"ddd":0,"ind":40,"ty":2,"nm":"qq+2673228572_039.png","cl":"png","refId":"image_39","sr":1,"ks":{"o":{"a":0,"k":100,"ix":11},"r":{"a":0,"k":0,"ix":10},"p":{"a":0,"k":[267,150,0],"ix":2},"a":{"a":0,"k":[267,150,0],"ix":1},"s":{"a":0,"k":[100,100,100],"ix":6}},"ao":0,"ip":78,"op":80,"st":78,"bm":0},{"ddd":0,"ind":41,"ty":2,"nm":"qq+2673228572_040.png","cl":"png","refId":"image_40","sr":1,"ks":{"o":{"a":0,"k":100,"ix":11},"r":{"a":0,"k":0,"ix":10},"p":{"a":0,"k":[267,150,0],"ix":2},"a":{"a":0,"k":[267,150,0],"ix":1},"s":{"a":0,"k":[100,100,100],"ix":6}},"ao":0,"ip":80,"op":82,"st":80,"bm":0},{"ddd":0,"ind":42,"ty":2,"nm":"qq+2673228572_041.png","cl":"png","refId":"image_41","sr":1,"ks":{"o":{"a":0,"k":100,"ix":11},"r":{"a":0,"k":0,"ix":10},"p":{"a":0,"k":[267,150,0],"ix":2},"a":{"a":0,"k":[267,150,0],"ix":1},"s":{"a":0,"k":[100,100,100],"ix":6}},"ao":0,"ip":82,"op":84,"st":82,"bm":0},{"ddd":0,"ind":43,"ty":2,"nm":"qq+2673228572_042.png","cl":"png","refId":"image_42","sr":1,"ks":{"o":{"a":0,"k":100,"ix":11},"r":{"a":0,"k":0,"ix":10},"p":{"a":0,"k":[267,150,0],"ix":2},"a":{"a":0,"k":[267,150,0],"ix":1},"s":{"a":0,"k":[100,100,100],"ix":6}},"ao":0,"ip":84,"op":86,"st":84,"bm":0},{"ddd":0,"ind":44,"ty":2,"nm":"qq+2673228572_043.png","cl":"png","refId":"image_43","sr":1,"ks":{"o":{"a":0,"k":100,"ix":11},"r":{"a":0,"k":0,"ix":10},"p":{"a":0,"k":[267,150,0],"ix":2},"a":{"a":0,"k":[267,150,0],"ix":1},"s":{"a":0,"k":[100,100,100],"ix":6}},"ao":0,"ip":86,"op":88,"st":86,"bm":0},{"ddd":0,"ind":45,"ty":2,"nm":"qq+2673228572_044.png","cl":"png","refId":"image_44","sr":1,"ks":{"o":{"a":0,"k":100,"ix":11},"r":{"a":0,"k":0,"ix":10},"p":{"a":0,"k":[267,150,0],"ix":2},"a":{"a":0,"k":[267,150,0],"ix":1},"s":{"a":0,"k":[100,100,100],"ix":6}},"ao":0,"ip":88,"op":90,"st":88,"bm":0},{"ddd":0,"ind":46,"ty":2,"nm":"qq+2673228572_045.png","cl":"png","refId":"image_45","sr":1,"ks":{"o":{"a":0,"k":100,"ix":11},"r":{"a":0,"k":0,"ix":10},"p":{"a":0,"k":[267,150,0],"ix":2},"a":{"a":0,"k":[267,150,0],"ix":1},"s":{"a":0,"k":[100,100,100],"ix":6}},"ao":0,"ip":90,"op":92,"st":90,"bm":0},{"ddd":0,"ind":47,"ty":2,"nm":"qq+2673228572_046.png","cl":"png","refId":"image_46","sr":1,"ks":{"o":{"a":0,"k":100,"ix":11},"r":{"a":0,"k":0,"ix":10},"p":{"a":0,"k":[267,150,0],"ix":2},"a":{"a":0,"k":[267,150,0],"ix":1},"s":{"a":0,"k":[100,100,100],"ix":6}},"ao":0,"ip":92,"op":94,"st":92,"bm":0},{"ddd":0,"ind":48,"ty":2,"nm":"qq+2673228572_047.png","cl":"png","refId":"image_47","sr":1,"ks":{"o":{"a":0,"k":100,"ix":11},"r":{"a":0,"k":0,"ix":10},"p":{"a":0,"k":[267,150,0],"ix":2},"a":{"a":0,"k":[267,150,0],"ix":1},"s":{"a":0,"k":[100,100,100],"ix":6}},"ao":0,"ip":94,"op":96,"st":94,"bm":0},{"ddd":0,"ind":49,"ty":2,"nm":"qq+2673228572_048.png","cl":"png","refId":"image_48","sr":1,"ks":{"o":{"a":0,"k":100,"ix":11},"r":{"a":0,"k":0,"ix":10},"p":{"a":0,"k":[267,150,0],"ix":2},"a":{"a":0,"k":[267,150,0],"ix":1},"s":{"a":0,"k":[100,100,100],"ix":6}},"ao":0,"ip":96,"op":98,"st":96,"bm":0},{"ddd":0,"ind":50,"ty":2,"nm":"qq+2673228572_049.png","cl":"png","refId":"image_49","sr":1,"ks":{"o":{"a":0,"k":100,"ix":11},"r":{"a":0,"k":0,"ix":10},"p":{"a":0,"k":[267,150,0],"ix":2},"a":{"a":0,"k":[267,150,0],"ix":1},"s":{"a":0,"k":[100,100,100],"ix":6}},"ao":0,"ip":98,"op":100,"st":98,"bm":0},{"ddd":0,"ind":51,"ty":2,"nm":"qq+2673228572_050.png","cl":"png","refId":"image_50","sr":1,"ks":{"o":{"a":0,"k":100,"ix":11},"r":{"a":0,"k":0,"ix":10},"p":{"a":0,"k":[267,150,0],"ix":2},"a":{"a":0,"k":[267,150,0],"ix":1},"s":{"a":0,"k":[100,100,100],"ix":6}},"ao":0,"ip":100,"op":102,"st":100,"bm":0},{"ddd":0,"ind":52,"ty":2,"nm":"qq+2673228572_051.png","cl":"png","refId":"image_51","sr":1,"ks":{"o":{"a":0,"k":100,"ix":11},"r":{"a":0,"k":0,"ix":10},"p":{"a":0,"k":[267,150,0],"ix":2},"a":{"a":0,"k":[267,150,0],"ix":1},"s":{"a":0,"k":[100,100,100],"ix":6}},"ao":0,"ip":102,"op":104,"st":102,"bm":0},{"ddd":0,"ind":53,"ty":2,"nm":"qq+2673228572_052.png","cl":"png","refId":"image_52","sr":1,"ks":{"o":{"a":0,"k":100,"ix":11},"r":{"a":0,"k":0,"ix":10},"p":{"a":0,"k":[267,150,0],"ix":2},"a":{"a":0,"k":[267,150,0],"ix":1},"s":{"a":0,"k":[100,100,100],"ix":6}},"ao":0,"ip":104,"op":106,"st":104,"bm":0},{"ddd":0,"ind":54,"ty":2,"nm":"qq+2673228572_053.png","cl":"png","refId":"image_53","sr":1,"ks":{"o":{"a":0,"k":100,"ix":11},"r":{"a":0,"k":0,"ix":10},"p":{"a":0,"k":[267,150,0],"ix":2},"a":{"a":0,"k":[267,150,0],"ix":1},"s":{"a":0,"k":[100,100,100],"ix":6}},"ao":0,"ip":106,"op":108,"st":106,"bm":0},{"ddd":0,"ind":55,"ty":2,"nm":"qq+2673228572_054.png","cl":"png","refId":"image_54","sr":1,"ks":{"o":{"a":0,"k":100,"ix":11},"r":{"a":0,"k":0,"ix":10},"p":{"a":0,"k":[267,150,0],"ix":2},"a":{"a":0,"k":[267,150,0],"ix":1},"s":{"a":0,"k":[100,100,100],"ix":6}},"ao":0,"ip":108,"op":110,"st":108,"bm":0},{"ddd":0,"ind":56,"ty":2,"nm":"qq+2673228572_055.png","cl":"png","refId":"image_55","sr":1,"ks":{"o":{"a":0,"k":100,"ix":11},"r":{"a":0,"k":0,"ix":10},"p":{"a":0,"k":[267,150,0],"ix":2},"a":{"a":0,"k":[267,150,0],"ix":1},"s":{"a":0,"k":[100,100,100],"ix":6}},"ao":0,"ip":110,"op":112,"st":110,"bm":0},{"ddd":0,"ind":57,"ty":2,"nm":"qq+2673228572_056.png","cl":"png","refId":"image_56","sr":1,"ks":{"o":{"a":0,"k":100,"ix":11},"r":{"a":0,"k":0,"ix":10},"p":{"a":0,"k":[267,150,0],"ix":2},"a":{"a":0,"k":[267,150,0],"ix":1},"s":{"a":0,"k":[100,100,100],"ix":6}},"ao":0,"ip":112,"op":114,"st":112,"bm":0},{"ddd":0,"ind":58,"ty":2,"nm":"qq+2673228572_057.png","cl":"png","refId":"image_57","sr":1,"ks":{"o":{"a":0,"k":100,"ix":11},"r":{"a":0,"k":0,"ix":10},"p":{"a":0,"k":[267,150,0],"ix":2},"a":{"a":0,"k":[267,150,0],"ix":1},"s":{"a":0,"k":[100,100,100],"ix":6}},"ao":0,"ip":114,"op":116,"st":114,"bm":0},{"ddd":0,"ind":59,"ty":2,"nm":"qq+2673228572_058.png","cl":"png","refId":"image_58","sr":1,"ks":{"o":{"a":0,"k":100,"ix":11},"r":{"a":0,"k":0,"ix":10},"p":{"a":0,"k":[267,150,0],"ix":2},"a":{"a":0,"k":[267,150,0],"ix":1},"s":{"a":0,"k":[100,100,100],"ix":6}},"ao":0,"ip":116,"op":118,"st":116,"bm":0},{"ddd":0,"ind":60,"ty":2,"nm":"qq+2673228572_059.png","cl":"png","refId":"image_59","sr":1,"ks":{"o":{"a":0,"k":100,"ix":11},"r":{"a":0,"k":0,"ix":10},"p":{"a":0,"k":[267,150,0],"ix":2},"a":{"a":0,"k":[267,150,0],"ix":1},"s":{"a":0,"k":[100,100,100],"ix":6}},"ao":0,"ip":118,"op":120,"st":118,"bm":0},{"ddd":0,"ind":61,"ty":2,"nm":"qq+2673228572_060.png","cl":"png","refId":"image_60","sr":1,"ks":{"o":{"a":0,"k":100,"ix":11},"r":{"a":0,"k":0,"ix":10},"p":{"a":0,"k":[267,150,0],"ix":2},"a":{"a":0,"k":[267,150,0],"ix":1},"s":{"a":0,"k":[100,100,100],"ix":6}},"ao":0,"ip":120,"op":122,"st":120,"bm":0},{"ddd":0,"ind":62,"ty":2,"nm":"qq+2673228572_061.png","cl":"png","refId":"image_61","sr":1,"ks":{"o":{"a":0,"k":100,"ix":11},"r":{"a":0,"k":0,"ix":10},"p":{"a":0,"k":[267,150,0],"ix":2},"a":{"a":0,"k":[267,150,0],"ix":1},"s":{"a":0,"k":[100,100,100],"ix":6}},"ao":0,"ip":122,"op":124,"st":122,"bm":0},{"ddd":0,"ind":63,"ty":2,"nm":"qq+2673228572_062.png","cl":"png","refId":"image_62","sr":1,"ks":{"o":{"a":0,"k":100,"ix":11},"r":{"a":0,"k":0,"ix":10},"p":{"a":0,"k":[267,150,0],"ix":2},"a":{"a":0,"k":[267,150,0],"ix":1},"s":{"a":0,"k":[100,100,100],"ix":6}},"ao":0,"ip":124,"op":126,"st":124,"bm":0},{"ddd":0,"ind":64,"ty":2,"nm":"qq+2673228572_063.png","cl":"png","refId":"image_63","sr":1,"ks":{"o":{"a":0,"k":100,"ix":11},"r":{"a":0,"k":0,"ix":10},"p":{"a":0,"k":[267,150,0],"ix":2},"a":{"a":0,"k":[267,150,0],"ix":1},"s":{"a":0,"k":[100,100,100],"ix":6}},"ao":0,"ip":126,"op":128,"st":126,"bm":0},{"ddd":0,"ind":65,"ty":2,"nm":"qq+2673228572_064.png","cl":"png","refId":"image_64","sr":1,"ks":{"o":{"a":0,"k":100,"ix":11},"r":{"a":0,"k":0,"ix":10},"p":{"a":0,"k":[267,150,0],"ix":2},"a":{"a":0,"k":[267,150,0],"ix":1},"s":{"a":0,"k":[100,100,100],"ix":6}},"ao":0,"ip":128,"op":130,"st":128,"bm":0},{"ddd":0,"ind":66,"ty":2,"nm":"qq+2673228572_065.png","cl":"png","refId":"image_65","sr":1,"ks":{"o":{"a":0,"k":100,"ix":11},"r":{"a":0,"k":0,"ix":10},"p":{"a":0,"k":[267,150,0],"ix":2},"a":{"a":0,"k":[267,150,0],"ix":1},"s":{"a":0,"k":[100,100,100],"ix":6}},"ao":0,"ip":130,"op":132,"st":130,"bm":0},{"ddd":0,"ind":67,"ty":2,"nm":"qq+2673228572_066.png","cl":"png","refId":"image_66","sr":1,"ks":{"o":{"a":0,"k":100,"ix":11},"r":{"a":0,"k":0,"ix":10},"p":{"a":0,"k":[267,150,0],"ix":2},"a":{"a":0,"k":[267,150,0],"ix":1},"s":{"a":0,"k":[100,100,100],"ix":6}},"ao":0,"ip":132,"op":134,"st":132,"bm":0},{"ddd":0,"ind":68,"ty":2,"nm":"qq+2673228572_067.png","cl":"png","refId":"image_67","sr":1,"ks":{"o":{"a":0,"k":100,"ix":11},"r":{"a":0,"k":0,"ix":10},"p":{"a":0,"k":[267,150,0],"ix":2},"a":{"a":0,"k":[267,150,0],"ix":1},"s":{"a":0,"k":[100,100,100],"ix":6}},"ao":0,"ip":134,"op":136,"st":134,"bm":0},{"ddd":0,"ind":69,"ty":2,"nm":"qq+2673228572_068.png","cl":"png","refId":"image_68","sr":1,"ks":{"o":{"a":0,"k":100,"ix":11},"r":{"a":0,"k":0,"ix":10},"p":{"a":0,"k":[267,150,0],"ix":2},"a":{"a":0,"k":[267,150,0],"ix":1},"s":{"a":0,"k":[100,100,100],"ix":6}},"ao":0,"ip":136,"op":138,"st":136,"bm":0},{"ddd":0,"ind":70,"ty":2,"nm":"qq+2673228572_069.png","cl":"png","refId":"image_69","sr":1,"ks":{"o":{"a":0,"k":100,"ix":11},"r":{"a":0,"k":0,"ix":10},"p":{"a":0,"k":[267,150,0],"ix":2},"a":{"a":0,"k":[267,150,0],"ix":1},"s":{"a":0,"k":[100,100,100],"ix":6}},"ao":0,"ip":138,"op":140,"st":138,"bm":0},{"ddd":0,"ind":71,"ty":2,"nm":"qq+2673228572_070.png","cl":"png","refId":"image_70","sr":1,"ks":{"o":{"a":0,"k":100,"ix":11},"r":{"a":0,"k":0,"ix":10},"p":{"a":0,"k":[267,150,0],"ix":2},"a":{"a":0,"k":[267,150,0],"ix":1},"s":{"a":0,"k":[100,100,100],"ix":6}},"ao":0,"ip":140,"op":142,"st":140,"bm":0},{"ddd":0,"ind":72,"ty":2,"nm":"qq+2673228572_071.png","cl":"png","refId":"image_71","sr":1,"ks":{"o":{"a":0,"k":100,"ix":11},"r":{"a":0,"k":0,"ix":10},"p":{"a":0,"k":[267,150,0],"ix":2},"a":{"a":0,"k":[267,150,0],"ix":1},"s":{"a":0,"k":[100,100,100],"ix":6}},"ao":0,"ip":142,"op":144,"st":142,"bm":0},{"ddd":0,"ind":73,"ty":2,"nm":"qq+2673228572_072.png","cl":"png","refId":"image_72","sr":1,"ks":{"o":{"a":0,"k":100,"ix":11},"r":{"a":0,"k":0,"ix":10},"p":{"a":0,"k":[267,150,0],"ix":2},"a":{"a":0,"k":[267,150,0],"ix":1},"s":{"a":0,"k":[100,100,100],"ix":6}},"ao":0,"ip":144,"op":146,"st":144,"bm":0},{"ddd":0,"ind":74,"ty":2,"nm":"qq+2673228572_073.png","cl":"png","refId":"image_73","sr":1,"ks":{"o":{"a":0,"k":100,"ix":11},"r":{"a":0,"k":0,"ix":10},"p":{"a":0,"k":[267,150,0],"ix":2},"a":{"a":0,"k":[267,150,0],"ix":1},"s":{"a":0,"k":[100,100,100],"ix":6}},"ao":0,"ip":146,"op":148,"st":146,"bm":0},{"ddd":0,"ind":75,"ty":2,"nm":"qq+2673228572_074.png","cl":"png","refId":"image_74","sr":1,"ks":{"o":{"a":0,"k":100,"ix":11},"r":{"a":0,"k":0,"ix":10},"p":{"a":0,"k":[267,150,0],"ix":2},"a":{"a":0,"k":[267,150,0],"ix":1},"s":{"a":0,"k":[100,100,100],"ix":6}},"ao":0,"ip":148,"op":150,"st":148,"bm":0},{"ddd":0,"ind":76,"ty":2,"nm":"qq+2673228572_075.png","cl":"png","refId":"image_75","sr":1,"ks":{"o":{"a":0,"k":100,"ix":11},"r":{"a":0,"k":0,"ix":10},"p":{"a":0,"k":[267,150,0],"ix":2},"a":{"a":0,"k":[267,150,0],"ix":1},"s":{"a":0,"k":[100,100,100],"ix":6}},"ao":0,"ip":150,"op":152,"st":150,"bm":0},{"ddd":0,"ind":77,"ty":2,"nm":"qq+2673228572_076.png","cl":"png","refId":"image_76","sr":1,"ks":{"o":{"a":0,"k":100,"ix":11},"r":{"a":0,"k":0,"ix":10},"p":{"a":0,"k":[267,150,0],"ix":2},"a":{"a":0,"k":[267,150,0],"ix":1},"s":{"a":0,"k":[100,100,100],"ix":6}},"ao":0,"ip":152,"op":154,"st":152,"bm":0},{"ddd":0,"ind":78,"ty":2,"nm":"qq+2673228572_077.png","cl":"png","refId":"image_77","sr":1,"ks":{"o":{"a":0,"k":100,"ix":11},"r":{"a":0,"k":0,"ix":10},"p":{"a":0,"k":[267,150,0],"ix":2},"a":{"a":0,"k":[267,150,0],"ix":1},"s":{"a":0,"k":[100,100,100],"ix":6}},"ao":0,"ip":154,"op":156,"st":154,"bm":0},{"ddd":0,"ind":79,"ty":2,"nm":"qq+2673228572_078.png","cl":"png","refId":"image_78","sr":1,"ks":{"o":{"a":0,"k":100,"ix":11},"r":{"a":0,"k":0,"ix":10},"p":{"a":0,"k":[267,150,0],"ix":2},"a":{"a":0,"k":[267,150,0],"ix":1},"s":{"a":0,"k":[100,100,100],"ix":6}},"ao":0,"ip":156,"op":158,"st":156,"bm":0},{"ddd":0,"ind":80,"ty":2,"nm":"qq+2673228572_079.png","cl":"png","refId":"image_79","sr":1,"ks":{"o":{"a":0,"k":100,"ix":11},"r":{"a":0,"k":0,"ix":10},"p":{"a":0,"k":[267,150,0],"ix":2},"a":{"a":0,"k":[267,150,0],"ix":1},"s":{"a":0,"k":[100,100,100],"ix":6}},"ao":0,"ip":158,"op":160,"st":158,"bm":0},{"ddd":0,"ind":81,"ty":2,"nm":"qq+2673228572_080.png","cl":"png","refId":"image_80","sr":1,"ks":{"o":{"a":0,"k":100,"ix":11},"r":{"a":0,"k":0,"ix":10},"p":{"a":0,"k":[267,150,0],"ix":2},"a":{"a":0,"k":[267,150,0],"ix":1},"s":{"a":0,"k":[100,100,100],"ix":6}},"ao":0,"ip":160,"op":162,"st":160,"bm":0},{"ddd":0,"ind":82,"ty":2,"nm":"qq+2673228572_081.png","cl":"png","refId":"image_81","sr":1,"ks":{"o":{"a":0,"k":100,"ix":11},"r":{"a":0,"k":0,"ix":10},"p":{"a":0,"k":[267,150,0],"ix":2},"a":{"a":0,"k":[267,150,0],"ix":1},"s":{"a":0,"k":[100,100,100],"ix":6}},"ao":0,"ip":162,"op":164,"st":162,"bm":0},{"ddd":0,"ind":83,"ty":2,"nm":"qq+2673228572_082.png","cl":"png","refId":"image_82","sr":1,"ks":{"o":{"a":0,"k":100,"ix":11},"r":{"a":0,"k":0,"ix":10},"p":{"a":0,"k":[267,150,0],"ix":2},"a":{"a":0,"k":[267,150,0],"ix":1},"s":{"a":0,"k":[100,100,100],"ix":6}},"ao":0,"ip":164,"op":166,"st":164,"bm":0},{"ddd":0,"ind":84,"ty":2,"nm":"qq+2673228572_083.png","cl":"png","refId":"image_83","sr":1,"ks":{"o":{"a":0,"k":100,"ix":11},"r":{"a":0,"k":0,"ix":10},"p":{"a":0,"k":[267,150,0],"ix":2},"a":{"a":0,"k":[267,150,0],"ix":1},"s":{"a":0,"k":[100,100,100],"ix":6}},"ao":0,"ip":166,"op":168,"st":166,"bm":0},{"ddd":0,"ind":85,"ty":2,"nm":"qq+2673228572_084.png","cl":"png","refId":"image_84","sr":1,"ks":{"o":{"a":0,"k":100,"ix":11},"r":{"a":0,"k":0,"ix":10},"p":{"a":0,"k":[267,150,0],"ix":2},"a":{"a":0,"k":[267,150,0],"ix":1},"s":{"a":0,"k":[100,100,100],"ix":6}},"ao":0,"ip":168,"op":170,"st":168,"bm":0},{"ddd":0,"ind":86,"ty":2,"nm":"qq+2673228572_085.png","cl":"png","refId":"image_85","sr":1,"ks":{"o":{"a":0,"k":100,"ix":11},"r":{"a":0,"k":0,"ix":10},"p":{"a":0,"k":[267,150,0],"ix":2},"a":{"a":0,"k":[267,150,0],"ix":1},"s":{"a":0,"k":[100,100,100],"ix":6}},"ao":0,"ip":170,"op":172,"st":170,"bm":0},{"ddd":0,"ind":87,"ty":2,"nm":"qq+2673228572_086.png","cl":"png","refId":"image_86","sr":1,"ks":{"o":{"a":0,"k":100,"ix":11},"r":{"a":0,"k":0,"ix":10},"p":{"a":0,"k":[267,150,0],"ix":2},"a":{"a":0,"k":[267,150,0],"ix":1},"s":{"a":0,"k":[100,100,100],"ix":6}},"ao":0,"ip":172,"op":174,"st":172,"bm":0},{"ddd":0,"ind":88,"ty":2,"nm":"qq+2673228572_087.png","cl":"png","refId":"image_87","sr":1,"ks":{"o":{"a":0,"k":100,"ix":11},"r":{"a":0,"k":0,"ix":10},"p":{"a":0,"k":[267,150,0],"ix":2},"a":{"a":0,"k":[267,150,0],"ix":1},"s":{"a":0,"k":[100,100,100],"ix":6}},"ao":0,"ip":174,"op":176,"st":174,"bm":0},{"ddd":0,"ind":89,"ty":2,"nm":"qq+2673228572_088.png","cl":"png","refId":"image_88","sr":1,"ks":{"o":{"a":0,"k":100,"ix":11},"r":{"a":0,"k":0,"ix":10},"p":{"a":0,"k":[267,150,0],"ix":2},"a":{"a":0,"k":[267,150,0],"ix":1},"s":{"a":0,"k":[100,100,100],"ix":6}},"ao":0,"ip":176,"op":178,"st":176,"bm":0},{"ddd":0,"ind":90,"ty":2,"nm":"qq+2673228572_089.png","cl":"png","refId":"image_89","sr":1,"ks":{"o":{"a":0,"k":100,"ix":11},"r":{"a":0,"k":0,"ix":10},"p":{"a":0,"k":[267,150,0],"ix":2},"a":{"a":0,"k":[267,150,0],"ix":1},"s":{"a":0,"k":[100,100,100],"ix":6}},"ao":0,"ip":178,"op":180,"st":178,"bm":0},{"ddd":0,"ind":91,"ty":2,"nm":"qq+2673228572_090.png","cl":"png","refId":"image_90","sr":1,"ks":{"o":{"a":0,"k":100,"ix":11},"r":{"a":0,"k":0,"ix":10},"p":{"a":0,"k":[267,150,0],"ix":2},"a":{"a":0,"k":[267,150,0],"ix":1},"s":{"a":0,"k":[100,100,100],"ix":6}},"ao":0,"ip":180,"op":182,"st":180,"bm":0},{"ddd":0,"ind":92,"ty":2,"nm":"qq+2673228572_091.png","cl":"png","refId":"image_91","sr":1,"ks":{"o":{"a":0,"k":100,"ix":11},"r":{"a":0,"k":0,"ix":10},"p":{"a":0,"k":[267,150,0],"ix":2},"a":{"a":0,"k":[267,150,0],"ix":1},"s":{"a":0,"k":[100,100,100],"ix":6}},"ao":0,"ip":182,"op":184,"st":182,"bm":0},{"ddd":0,"ind":93,"ty":2,"nm":"qq+2673228572_092.png","cl":"png","refId":"image_92","sr":1,"ks":{"o":{"a":0,"k":100,"ix":11},"r":{"a":0,"k":0,"ix":10},"p":{"a":0,"k":[267,150,0],"ix":2},"a":{"a":0,"k":[267,150,0],"ix":1},"s":{"a":0,"k":[100,100,100],"ix":6}},"ao":0,"ip":184,"op":186,"st":184,"bm":0},{"ddd":0,"ind":94,"ty":2,"nm":"qq+2673228572_093.png","cl":"png","refId":"image_93","sr":1,"ks":{"o":{"a":0,"k":100,"ix":11},"r":{"a":0,"k":0,"ix":10},"p":{"a":0,"k":[267,150,0],"ix":2},"a":{"a":0,"k":[267,150,0],"ix":1},"s":{"a":0,"k":[100,100,100],"ix":6}},"ao":0,"ip":186,"op":188,"st":186,"bm":0},{"ddd":0,"ind":95,"ty":2,"nm":"qq+2673228572_094.png","cl":"png","refId":"image_94","sr":1,"ks":{"o":{"a":0,"k":100,"ix":11},"r":{"a":0,"k":0,"ix":10},"p":{"a":0,"k":[267,150,0],"ix":2},"a":{"a":0,"k":[267,150,0],"ix":1},"s":{"a":0,"k":[100,100,100],"ix":6}},"ao":0,"ip":188,"op":190,"st":188,"bm":0},{"ddd":0,"ind":96,"ty":2,"nm":"qq+2673228572_095.png","cl":"png","refId":"image_95","sr":1,"ks":{"o":{"a":0,"k":100,"ix":11},"r":{"a":0,"k":0,"ix":10},"p":{"a":0,"k":[267,150,0],"ix":2},"a":{"a":0,"k":[267,150,0],"ix":1},"s":{"a":0,"k":[100,100,100],"ix":6}},"ao":0,"ip":190,"op":192,"st":190,"bm":0},{"ddd":0,"ind":97,"ty":2,"nm":"qq+2673228572_096.png","cl":"png","refId":"image_96","sr":1,"ks":{"o":{"a":0,"k":100,"ix":11},"r":{"a":0,"k":0,"ix":10},"p":{"a":0,"k":[267,150,0],"ix":2},"a":{"a":0,"k":[267,150,0],"ix":1},"s":{"a":0,"k":[100,100,100],"ix":6}},"ao":0,"ip":192,"op":194,"st":192,"bm":0},{"ddd":0,"ind":98,"ty":2,"nm":"qq+2673228572_097.png","cl":"png","refId":"image_97","sr":1,"ks":{"o":{"a":0,"k":100,"ix":11},"r":{"a":0,"k":0,"ix":10},"p":{"a":0,"k":[267,150,0],"ix":2},"a":{"a":0,"k":[267,150,0],"ix":1},"s":{"a":0,"k":[100,100,100],"ix":6}},"ao":0,"ip":194,"op":196,"st":194,"bm":0},{"ddd":0,"ind":99,"ty":2,"nm":"qq+2673228572_098.png","cl":"png","refId":"image_98","sr":1,"ks":{"o":{"a":0,"k":100,"ix":11},"r":{"a":0,"k":0,"ix":10},"p":{"a":0,"k":[267,150,0],"ix":2},"a":{"a":0,"k":[267,150,0],"ix":1},"s":{"a":0,"k":[100,100,100],"ix":6}},"ao":0,"ip":196,"op":198,"st":196,"bm":0},{"ddd":0,"ind":100,"ty":2,"nm":"qq+2673228572_099.png","cl":"png","refId":"image_99","sr":1,"ks":{"o":{"a":0,"k":100,"ix":11},"r":{"a":0,"k":0,"ix":10},"p":{"a":0,"k":[267,150,0],"ix":2},"a":{"a":0,"k":[267,150,0],"ix":1},"s":{"a":0,"k":[100,100,100],"ix":6}},"ao":0,"ip":198,"op":200,"st":198,"bm":0},{"ddd":0,"ind":101,"ty":2,"nm":"qq+2673228572_100.png","cl":"png","refId":"image_100","sr":1,"ks":{"o":{"a":0,"k":100,"ix":11},"r":{"a":0,"k":0,"ix":10},"p":{"a":0,"k":[267,150,0],"ix":2},"a":{"a":0,"k":[267,150,0],"ix":1},"s":{"a":0,"k":[100,100,100],"ix":6}},"ao":0,"ip":200,"op":202,"st":200,"bm":0},{"ddd":0,"ind":102,"ty":2,"nm":"qq+2673228572_101.png","cl":"png","refId":"image_101","sr":1,"ks":{"o":{"a":0,"k":100,"ix":11},"r":{"a":0,"k":0,"ix":10},"p":{"a":0,"k":[267,150,0],"ix":2},"a":{"a":0,"k":[267,150,0],"ix":1},"s":{"a":0,"k":[100,100,100],"ix":6}},"ao":0,"ip":202,"op":204,"st":202,"bm":0},{"ddd":0,"ind":103,"ty":2,"nm":"qq+2673228572_102.png","cl":"png","refId":"image_102","sr":1,"ks":{"o":{"a":0,"k":100,"ix":11},"r":{"a":0,"k":0,"ix":10},"p":{"a":0,"k":[267,150,0],"ix":2},"a":{"a":0,"k":[267,150,0],"ix":1},"s":{"a":0,"k":[100,100,100],"ix":6}},"ao":0,"ip":204,"op":206,"st":204,"bm":0},{"ddd":0,"ind":104,"ty":2,"nm":"qq+2673228572_103.png","cl":"png","refId":"image_103","sr":1,"ks":{"o":{"a":0,"k":100,"ix":11},"r":{"a":0,"k":0,"ix":10},"p":{"a":0,"k":[267,150,0],"ix":2},"a":{"a":0,"k":[267,150,0],"ix":1},"s":{"a":0,"k":[100,100,100],"ix":6}},"ao":0,"ip":206,"op":208,"st":206,"bm":0},{"ddd":0,"ind":105,"ty":2,"nm":"qq+2673228572_104.png","cl":"png","refId":"image_104","sr":1,"ks":{"o":{"a":0,"k":100,"ix":11},"r":{"a":0,"k":0,"ix":10},"p":{"a":0,"k":[267,150,0],"ix":2},"a":{"a":0,"k":[267,150,0],"ix":1},"s":{"a":0,"k":[100,100,100],"ix":6}},"ao":0,"ip":208,"op":210,"st":208,"bm":0},{"ddd":0,"ind":106,"ty":2,"nm":"qq+2673228572_105.png","cl":"png","refId":"image_105","sr":1,"ks":{"o":{"a":0,"k":100,"ix":11},"r":{"a":0,"k":0,"ix":10},"p":{"a":0,"k":[267,150,0],"ix":2},"a":{"a":0,"k":[267,150,0],"ix":1},"s":{"a":0,"k":[100,100,100],"ix":6}},"ao":0,"ip":210,"op":212,"st":210,"bm":0},{"ddd":0,"ind":107,"ty":2,"nm":"qq+2673228572_106.png","cl":"png","refId":"image_106","sr":1,"ks":{"o":{"a":0,"k":100,"ix":11},"r":{"a":0,"k":0,"ix":10},"p":{"a":0,"k":[267,150,0],"ix":2},"a":{"a":0,"k":[267,150,0],"ix":1},"s":{"a":0,"k":[100,100,100],"ix":6}},"ao":0,"ip":212,"op":214,"st":212,"bm":0},{"ddd":0,"ind":108,"ty":2,"nm":"qq+2673228572_107.png","cl":"png","refId":"image_107","sr":1,"ks":{"o":{"a":0,"k":100,"ix":11},"r":{"a":0,"k":0,"ix":10},"p":{"a":0,"k":[267,150,0],"ix":2},"a":{"a":0,"k":[267,150,0],"ix":1},"s":{"a":0,"k":[100,100,100],"ix":6}},"ao":0,"ip":214,"op":216,"st":214,"bm":0},{"ddd":0,"ind":109,"ty":2,"nm":"qq+2673228572_108.png","cl":"png","refId":"image_108","sr":1,"ks":{"o":{"a":0,"k":100,"ix":11},"r":{"a":0,"k":0,"ix":10},"p":{"a":0,"k":[267,150,0],"ix":2},"a":{"a":0,"k":[267,150,0],"ix":1},"s":{"a":0,"k":[100,100,100],"ix":6}},"ao":0,"ip":216,"op":218,"st":216,"bm":0},{"ddd":0,"ind":110,"ty":2,"nm":"qq+2673228572_109.png","cl":"png","refId":"image_109","sr":1,"ks":{"o":{"a":0,"k":100,"ix":11},"r":{"a":0,"k":0,"ix":10},"p":{"a":0,"k":[267,150,0],"ix":2},"a":{"a":0,"k":[267,150,0],"ix":1},"s":{"a":0,"k":[100,100,100],"ix":6}},"ao":0,"ip":218,"op":220,"st":218,"bm":0},{"ddd":0,"ind":111,"ty":2,"nm":"qq+2673228572_110.png","cl":"png","refId":"image_110","sr":1,"ks":{"o":{"a":0,"k":100,"ix":11},"r":{"a":0,"k":0,"ix":10},"p":{"a":0,"k":[267,150,0],"ix":2},"a":{"a":0,"k":[267,150,0],"ix":1},"s":{"a":0,"k":[100,100,100],"ix":6}},"ao":0,"ip":220,"op":222,"st":220,"bm":0},{"ddd":0,"ind":112,"ty":2,"nm":"qq+2673228572_111.png","cl":"png","refId":"image_111","sr":1,"ks":{"o":{"a":0,"k":100,"ix":11},"r":{"a":0,"k":0,"ix":10},"p":{"a":0,"k":[267,150,0],"ix":2},"a":{"a":0,"k":[267,150,0],"ix":1},"s":{"a":0,"k":[100,100,100],"ix":6}},"ao":0,"ip":222,"op":224,"st":222,"bm":0},{"ddd":0,"ind":113,"ty":2,"nm":"qq+2673228572_112.png","cl":"png","refId":"image_112","sr":1,"ks":{"o":{"a":0,"k":100,"ix":11},"r":{"a":0,"k":0,"ix":10},"p":{"a":0,"k":[267,150,0],"ix":2},"a":{"a":0,"k":[267,150,0],"ix":1},"s":{"a":0,"k":[100,100,100],"ix":6}},"ao":0,"ip":224,"op":226,"st":224,"bm":0},{"ddd":0,"ind":114,"ty":2,"nm":"qq+2673228572_113.png","cl":"png","refId":"image_113","sr":1,"ks":{"o":{"a":0,"k":100,"ix":11},"r":{"a":0,"k":0,"ix":10},"p":{"a":0,"k":[267,150,0],"ix":2},"a":{"a":0,"k":[267,150,0],"ix":1},"s":{"a":0,"k":[100,100,100],"ix":6}},"ao":0,"ip":226,"op":228,"st":226,"bm":0},{"ddd":0,"ind":115,"ty":2,"nm":"qq+2673228572_114.png","cl":"png","refId":"image_114","sr":1,"ks":{"o":{"a":0,"k":100,"ix":11},"r":{"a":0,"k":0,"ix":10},"p":{"a":0,"k":[267,150,0],"ix":2},"a":{"a":0,"k":[267,150,0],"ix":1},"s":{"a":0,"k":[100,100,100],"ix":6}},"ao":0,"ip":228,"op":230,"st":228,"bm":0},{"ddd":0,"ind":116,"ty":2,"nm":"qq+2673228572_115.png","cl":"png","refId":"image_115","sr":1,"ks":{"o":{"a":0,"k":100,"ix":11},"r":{"a":0,"k":0,"ix":10},"p":{"a":0,"k":[267,150,0],"ix":2},"a":{"a":0,"k":[267,150,0],"ix":1},"s":{"a":0,"k":[100,100,100],"ix":6}},"ao":0,"ip":230,"op":232,"st":230,"bm":0},{"ddd":0,"ind":117,"ty":2,"nm":"qq+2673228572_116.png","cl":"png","refId":"image_116","sr":1,"ks":{"o":{"a":0,"k":100,"ix":11},"r":{"a":0,"k":0,"ix":10},"p":{"a":0,"k":[267,150,0],"ix":2},"a":{"a":0,"k":[267,150,0],"ix":1},"s":{"a":0,"k":[100,100,100],"ix":6}},"ao":0,"ip":232,"op":234,"st":232,"bm":0},{"ddd":0,"ind":118,"ty":2,"nm":"qq+2673228572_117.png","cl":"png","refId":"image_117","sr":1,"ks":{"o":{"a":0,"k":100,"ix":11},"r":{"a":0,"k":0,"ix":10},"p":{"a":0,"k":[267,150,0],"ix":2},"a":{"a":0,"k":[267,150,0],"ix":1},"s":{"a":0,"k":[100,100,100],"ix":6}},"ao":0,"ip":234,"op":236,"st":234,"bm":0},{"ddd":0,"ind":119,"ty":2,"nm":"qq+2673228572_118.png","cl":"png","refId":"image_118","sr":1,"ks":{"o":{"a":0,"k":100,"ix":11},"r":{"a":0,"k":0,"ix":10},"p":{"a":0,"k":[267,150,0],"ix":2},"a":{"a":0,"k":[267,150,0],"ix":1},"s":{"a":0,"k":[100,100,100],"ix":6}},"ao":0,"ip":236,"op":238,"st":236,"bm":0},{"ddd":0,"ind":120,"ty":2,"nm":"qq+2673228572_119.png","cl":"png","refId":"image_119","sr":1,"ks":{"o":{"a":0,"k":100,"ix":11},"r":{"a":0,"k":0,"ix":10},"p":{"a":0,"k":[267,150,0],"ix":2},"a":{"a":0,"k":[267,150,0],"ix":1},"s":{"a":0,"k":[100,100,100],"ix":6}},"ao":0,"ip":238,"op":240,"st":238,"bm":0},{"ddd":0,"ind":121,"ty":2,"nm":"qq+2673228572_120.png","cl":"png","refId":"image_120","sr":1,"ks":{"o":{"a":0,"k":100,"ix":11},"r":{"a":0,"k":0,"ix":10},"p":{"a":0,"k":[267,150,0],"ix":2},"a":{"a":0,"k":[267,150,0],"ix":1},"s":{"a":0,"k":[100,100,100],"ix":6}},"ao":0,"ip":240,"op":242,"st":240,"bm":0},{"ddd":0,"ind":122,"ty":2,"nm":"qq+2673228572_121.png","cl":"png","refId":"image_121","sr":1,"ks":{"o":{"a":0,"k":100,"ix":11},"r":{"a":0,"k":0,"ix":10},"p":{"a":0,"k":[267,150,0],"ix":2},"a":{"a":0,"k":[267,150,0],"ix":1},"s":{"a":0,"k":[100,100,100],"ix":6}},"ao":0,"ip":242,"op":244,"st":242,"bm":0},{"ddd":0,"ind":123,"ty":2,"nm":"qq+2673228572_122.png","cl":"png","refId":"image_122","sr":1,"ks":{"o":{"a":0,"k":100,"ix":11},"r":{"a":0,"k":0,"ix":10},"p":{"a":0,"k":[267,150,0],"ix":2},"a":{"a":0,"k":[267,150,0],"ix":1},"s":{"a":0,"k":[100,100,100],"ix":6}},"ao":0,"ip":244,"op":246,"st":244,"bm":0},{"ddd":0,"ind":124,"ty":2,"nm":"qq+2673228572_123.png","cl":"png","refId":"image_123","sr":1,"ks":{"o":{"a":0,"k":100,"ix":11},"r":{"a":0,"k":0,"ix":10},"p":{"a":0,"k":[267,150,0],"ix":2},"a":{"a":0,"k":[267,150,0],"ix":1},"s":{"a":0,"k":[100,100,100],"ix":6}},"ao":0,"ip":246,"op":248,"st":246,"bm":0},{"ddd":0,"ind":125,"ty":2,"nm":"qq+2673228572_124.png","cl":"png","refId":"image_124","sr":1,"ks":{"o":{"a":0,"k":100,"ix":11},"r":{"a":0,"k":0,"ix":10},"p":{"a":0,"k":[267,150,0],"ix":2},"a":{"a":0,"k":[267,150,0],"ix":1},"s":{"a":0,"k":[100,100,100],"ix":6}},"ao":0,"ip":248,"op":250,"st":248,"bm":0},{"ddd":0,"ind":126,"ty":2,"nm":"qq+2673228572_125.png","cl":"png","refId":"image_125","sr":1,"ks":{"o":{"a":0,"k":100,"ix":11},"r":{"a":0,"k":0,"ix":10},"p":{"a":0,"k":[267,150,0],"ix":2},"a":{"a":0,"k":[267,150,0],"ix":1},"s":{"a":0,"k":[100,100,100],"ix":6}},"ao":0,"ip":250,"op":252,"st":250,"bm":0},{"ddd":0,"ind":127,"ty":2,"nm":"qq+2673228572_126.png","cl":"png","refId":"image_126","sr":1,"ks":{"o":{"a":0,"k":100,"ix":11},"r":{"a":0,"k":0,"ix":10},"p":{"a":0,"k":[267,150,0],"ix":2},"a":{"a":0,"k":[267,150,0],"ix":1},"s":{"a":0,"k":[100,100,100],"ix":6}},"ao":0,"ip":252,"op":254,"st":252,"bm":0},{"ddd":0,"ind":128,"ty":2,"nm":"qq+2673228572_127.png","cl":"png","refId":"image_127","sr":1,"ks":{"o":{"a":0,"k":100,"ix":11},"r":{"a":0,"k":0,"ix":10},"p":{"a":0,"k":[267,150,0],"ix":2},"a":{"a":0,"k":[267,150,0],"ix":1},"s":{"a":0,"k":[100,100,100],"ix":6}},"ao":0,"ip":254,"op":256,"st":254,"bm":0},{"ddd":0,"ind":129,"ty":2,"nm":"qq+2673228572_128.png","cl":"png","refId":"image_128","sr":1,"ks":{"o":{"a":0,"k":100,"ix":11},"r":{"a":0,"k":0,"ix":10},"p":{"a":0,"k":[267,150,0],"ix":2},"a":{"a":0,"k":[267,150,0],"ix":1},"s":{"a":0,"k":[100,100,100],"ix":6}},"ao":0,"ip":256,"op":258,"st":256,"bm":0},{"ddd":0,"ind":130,"ty":2,"nm":"qq+2673228572_129.png","cl":"png","refId":"image_129","sr":1,"ks":{"o":{"a":0,"k":100,"ix":11},"r":{"a":0,"k":0,"ix":10},"p":{"a":0,"k":[267,150,0],"ix":2},"a":{"a":0,"k":[267,150,0],"ix":1},"s":{"a":0,"k":[100,100,100],"ix":6}},"ao":0,"ip":258,"op":260,"st":258,"bm":0},{"ddd":0,"ind":131,"ty":2,"nm":"qq+2673228572_130.png","cl":"png","refId":"image_130","sr":1,"ks":{"o":{"a":0,"k":100,"ix":11},"r":{"a":0,"k":0,"ix":10},"p":{"a":0,"k":[267,150,0],"ix":2},"a":{"a":0,"k":[267,150,0],"ix":1},"s":{"a":0,"k":[100,100,100],"ix":6}},"ao":0,"ip":260,"op":262,"st":260,"bm":0},{"ddd":0,"ind":132,"ty":2,"nm":"qq+2673228572_131.png","cl":"png","refId":"image_131","sr":1,"ks":{"o":{"a":0,"k":100,"ix":11},"r":{"a":0,"k":0,"ix":10},"p":{"a":0,"k":[267,150,0],"ix":2},"a":{"a":0,"k":[267,150,0],"ix":1},"s":{"a":0,"k":[100,100,100],"ix":6}},"ao":0,"ip":262,"op":264,"st":262,"bm":0},{"ddd":0,"ind":133,"ty":2,"nm":"qq+2673228572_132.png","cl":"png","refId":"image_132","sr":1,"ks":{"o":{"a":0,"k":100,"ix":11},"r":{"a":0,"k":0,"ix":10},"p":{"a":0,"k":[267,150,0],"ix":2},"a":{"a":0,"k":[267,150,0],"ix":1},"s":{"a":0,"k":[100,100,100],"ix":6}},"ao":0,"ip":264,"op":266,"st":264,"bm":0},{"ddd":0,"ind":134,"ty":2,"nm":"qq+2673228572_133.png","cl":"png","refId":"image_133","sr":1,"ks":{"o":{"a":0,"k":100,"ix":11},"r":{"a":0,"k":0,"ix":10},"p":{"a":0,"k":[267,150,0],"ix":2},"a":{"a":0,"k":[267,150,0],"ix":1},"s":{"a":0,"k":[100,100,100],"ix":6}},"ao":0,"ip":266,"op":268,"st":266,"bm":0},{"ddd":0,"ind":135,"ty":2,"nm":"qq+2673228572_134.png","cl":"png","refId":"image_134","sr":1,"ks":{"o":{"a":0,"k":100,"ix":11},"r":{"a":0,"k":0,"ix":10},"p":{"a":0,"k":[267,150,0],"ix":2},"a":{"a":0,"k":[267,150,0],"ix":1},"s":{"a":0,"k":[100,100,100],"ix":6}},"ao":0,"ip":268,"op":270,"st":268,"bm":0},{"ddd":0,"ind":136,"ty":2,"nm":"qq+2673228572_135.png","cl":"png","refId":"image_135","sr":1,"ks":{"o":{"a":0,"k":100,"ix":11},"r":{"a":0,"k":0,"ix":10},"p":{"a":0,"k":[267,150,0],"ix":2},"a":{"a":0,"k":[267,150,0],"ix":1},"s":{"a":0,"k":[100,100,100],"ix":6}},"ao":0,"ip":270,"op":272,"st":270,"bm":0},{"ddd":0,"ind":137,"ty":2,"nm":"qq+2673228572_136.png","cl":"png","refId":"image_136","sr":1,"ks":{"o":{"a":0,"k":100,"ix":11},"r":{"a":0,"k":0,"ix":10},"p":{"a":0,"k":[267,150,0],"ix":2},"a":{"a":0,"k":[267,150,0],"ix":1},"s":{"a":0,"k":[100,100,100],"ix":6}},"ao":0,"ip":272,"op":274,"st":272,"bm":0},{"ddd":0,"ind":138,"ty":2,"nm":"qq+2673228572_137.png","cl":"png","refId":"image_137","sr":1,"ks":{"o":{"a":0,"k":100,"ix":11},"r":{"a":0,"k":0,"ix":10},"p":{"a":0,"k":[267,150,0],"ix":2},"a":{"a":0,"k":[267,150,0],"ix":1},"s":{"a":0,"k":[100,100,100],"ix":6}},"ao":0,"ip":274,"op":276,"st":274,"bm":0},{"ddd":0,"ind":139,"ty":2,"nm":"qq+2673228572_138.png","cl":"png","refId":"image_138","sr":1,"ks":{"o":{"a":0,"k":100,"ix":11},"r":{"a":0,"k":0,"ix":10},"p":{"a":0,"k":[267,150,0],"ix":2},"a":{"a":0,"k":[267,150,0],"ix":1},"s":{"a":0,"k":[100,100,100],"ix":6}},"ao":0,"ip":276,"op":278,"st":276,"bm":0},{"ddd":0,"ind":140,"ty":2,"nm":"qq+2673228572_139.png","cl":"png","refId":"image_139","sr":1,"ks":{"o":{"a":0,"k":100,"ix":11},"r":{"a":0,"k":0,"ix":10},"p":{"a":0,"k":[267,150,0],"ix":2},"a":{"a":0,"k":[267,150,0],"ix":1},"s":{"a":0,"k":[100,100,100],"ix":6}},"ao":0,"ip":278,"op":280,"st":278,"bm":0},{"ddd":0,"ind":141,"ty":2,"nm":"qq+2673228572_140.png","cl":"png","refId":"image_140","sr":1,"ks":{"o":{"a":0,"k":100,"ix":11},"r":{"a":0,"k":0,"ix":10},"p":{"a":0,"k":[267,150,0],"ix":2},"a":{"a":0,"k":[267,150,0],"ix":1},"s":{"a":0,"k":[100,100,100],"ix":6}},"ao":0,"ip":280,"op":282,"st":280,"bm":0},{"ddd":0,"ind":142,"ty":2,"nm":"qq+2673228572_141.png","cl":"png","refId":"image_141","sr":1,"ks":{"o":{"a":0,"k":100,"ix":11},"r":{"a":0,"k":0,"ix":10},"p":{"a":0,"k":[267,150,0],"ix":2},"a":{"a":0,"k":[267,150,0],"ix":1},"s":{"a":0,"k":[100,100,100],"ix":6}},"ao":0,"ip":282,"op":284,"st":282,"bm":0},{"ddd":0,"ind":143,"ty":2,"nm":"qq+2673228572_142.png","cl":"png","refId":"image_142","sr":1,"ks":{"o":{"a":0,"k":100,"ix":11},"r":{"a":0,"k":0,"ix":10},"p":{"a":0,"k":[267,150,0],"ix":2},"a":{"a":0,"k":[267,150,0],"ix":1},"s":{"a":0,"k":[100,100,100],"ix":6}},"ao":0,"ip":284,"op":286,"st":284,"bm":0},{"ddd":0,"ind":144,"ty":2,"nm":"qq+2673228572_143.png","cl":"png","refId":"image_143","sr":1,"ks":{"o":{"a":0,"k":100,"ix":11},"r":{"a":0,"k":0,"ix":10},"p":{"a":0,"k":[267,150,0],"ix":2},"a":{"a":0,"k":[267,150,0],"ix":1},"s":{"a":0,"k":[100,100,100],"ix":6}},"ao":0,"ip":286,"op":288,"st":286,"bm":0},{"ddd":0,"ind":145,"ty":2,"nm":"qq+2673228572_144.png","cl":"png","refId":"image_144","sr":1,"ks":{"o":{"a":0,"k":100,"ix":11},"r":{"a":0,"k":0,"ix":10},"p":{"a":0,"k":[267,150,0],"ix":2},"a":{"a":0,"k":[267,150,0],"ix":1},"s":{"a":0,"k":[100,100,100],"ix":6}},"ao":0,"ip":288,"op":290,"st":288,"bm":0},{"ddd":0,"ind":146,"ty":2,"nm":"qq+2673228572_145.png","cl":"png","refId":"image_145","sr":1,"ks":{"o":{"a":0,"k":100,"ix":11},"r":{"a":0,"k":0,"ix":10},"p":{"a":0,"k":[267,150,0],"ix":2},"a":{"a":0,"k":[267,150,0],"ix":1},"s":{"a":0,"k":[100,100,100],"ix":6}},"ao":0,"ip":290,"op":292,"st":290,"bm":0},{"ddd":0,"ind":147,"ty":2,"nm":"qq+2673228572_146.png","cl":"png","refId":"image_146","sr":1,"ks":{"o":{"a":0,"k":100,"ix":11},"r":{"a":0,"k":0,"ix":10},"p":{"a":0,"k":[267,150,0],"ix":2},"a":{"a":0,"k":[267,150,0],"ix":1},"s":{"a":0,"k":[100,100,100],"ix":6}},"ao":0,"ip":292,"op":294,"st":292,"bm":0},{"ddd":0,"ind":148,"ty":2,"nm":"qq+2673228572_147.png","cl":"png","refId":"image_147","sr":1,"ks":{"o":{"a":0,"k":100,"ix":11},"r":{"a":0,"k":0,"ix":10},"p":{"a":0,"k":[267,150,0],"ix":2},"a":{"a":0,"k":[267,150,0],"ix":1},"s":{"a":0,"k":[100,100,100],"ix":6}},"ao":0,"ip":294,"op":296,"st":294,"bm":0},{"ddd":0,"ind":149,"ty":2,"nm":"qq+2673228572_148.png","cl":"png","refId":"image_148","sr":1,"ks":{"o":{"a":0,"k":100,"ix":11},"r":{"a":0,"k":0,"ix":10},"p":{"a":0,"k":[267,150,0],"ix":2},"a":{"a":0,"k":[267,150,0],"ix":1},"s":{"a":0,"k":[100,100,100],"ix":6}},"ao":0,"ip":296,"op":298,"st":296,"bm":0},{"ddd":0,"ind":150,"ty":2,"nm":"qq+2673228572_149.png","cl":"png","refId":"image_149","sr":1,"ks":{"o":{"a":0,"k":100,"ix":11},"r":{"a":0,"k":0,"ix":10},"p":{"a":0,"k":[267,150,0],"ix":2},"a":{"a":0,"k":[267,150,0],"ix":1},"s":{"a":0,"k":[100,100,100],"ix":6}},"ao":0,"ip":298,"op":300,"st":298,"bm":0},{"ddd":0,"ind":151,"ty":2,"nm":"qq+2673228572_150.png","cl":"png","refId":"image_150","sr":1,"ks":{"o":{"a":0,"k":100,"ix":11},"r":{"a":0,"k":0,"ix":10},"p":{"a":0,"k":[267,150,0],"ix":2},"a":{"a":0,"k":[267,150,0],"ix":1},"s":{"a":0,"k":[100,100,100],"ix":6}},"ao":0,"ip":300,"op":302,"st":300,"bm":0},{"ddd":0,"ind":152,"ty":2,"nm":"qq+2673228572_151.png","cl":"png","refId":"image_151","sr":1,"ks":{"o":{"a":0,"k":100,"ix":11},"r":{"a":0,"k":0,"ix":10},"p":{"a":0,"k":[267,150,0],"ix":2},"a":{"a":0,"k":[267,150,0],"ix":1},"s":{"a":0,"k":[100,100,100],"ix":6}},"ao":0,"ip":302,"op":304,"st":302,"bm":0},{"ddd":0,"ind":153,"ty":2,"nm":"qq+2673228572_152.png","cl":"png","refId":"image_152","sr":1,"ks":{"o":{"a":0,"k":100,"ix":11},"r":{"a":0,"k":0,"ix":10},"p":{"a":0,"k":[267,150,0],"ix":2},"a":{"a":0,"k":[267,150,0],"ix":1},"s":{"a":0,"k":[100,100,100],"ix":6}},"ao":0,"ip":304,"op":306,"st":304,"bm":0},{"ddd":0,"ind":154,"ty":2,"nm":"qq+2673228572_153.png","cl":"png","refId":"image_153","sr":1,"ks":{"o":{"a":0,"k":100,"ix":11},"r":{"a":0,"k":0,"ix":10},"p":{"a":0,"k":[267,150,0],"ix":2},"a":{"a":0,"k":[267,150,0],"ix":1},"s":{"a":0,"k":[100,100,100],"ix":6}},"ao":0,"ip":306,"op":308,"st":306,"bm":0},{"ddd":0,"ind":155,"ty":2,"nm":"qq+2673228572_154.png","cl":"png","refId":"image_154","sr":1,"ks":{"o":{"a":0,"k":100,"ix":11},"r":{"a":0,"k":0,"ix":10},"p":{"a":0,"k":[267,150,0],"ix":2},"a":{"a":0,"k":[267,150,0],"ix":1},"s":{"a":0,"k":[100,100,100],"ix":6}},"ao":0,"ip":308,"op":310,"st":308,"bm":0}]}],"layers":[{"ddd":0,"ind":1,"ty":0,"nm":"Precomp. 1","refId":"comp_0","sr":1,"ks":{"o":{"a":0,"k":100,"ix":11},"r":{"a":0,"k":0,"ix":10},"p":{"a":0,"k":[540,1094,0],"ix":2},"a":{"a":0,"k":[960,540,0],"ix":1},"s":{"a":0,"k":[33.704,33.704,100],"ix":6}},"ao":0,"w":1920,"h":1080,"ip":0,"op":9999,"st":0,"bm":0},{"ddd":0,"ind":2,"ty":0,"nm":"qq+2673228572_000","refId":"comp_2","sr":1,"ks":{"o":{"a":0,"k":100,"ix":11},"r":{"a":0,"k":0,"ix":10},"p":{"a":0,"k":[540,732,0],"ix":2},"a":{"a":0,"k":[267,150,0],"ix":1},"s":{"a":0,"k":[201.873,193.333,100],"ix":6}},"ao":0,"w":534,"h":300,"ip":0,"op":310,"st":0,"bm":0},{"ddd":0,"ind":3,"ty":2,"nm":"2673228572.png","cl":"png","refId":"image_155","sr":1.01973684210526,"ks":{"o":{"a":0,"k":100,"ix":11},"r":{"a":0,"k":0,"ix":10},"p":{"a":0,"k":[540,1170,0],"ix":2},"a":{"a":0,"k":[540,1170,0],"ix":1},"s":{"a":0,"k":[100,100,100],"ix":6}},"ao":0,"ip":0,"op":310,"st":0,"bm":0}],"markers":[]}