{"v":"5.6.10","fr":"60","ip":0,"op":240,"w":1080,"h":1920,"nm":"QQ909125644","ddd":0,"assets":[{"id":"img_0","w":"194","h":"46","u":"images/","p":"img_0.png","e":0},{"id":"img_1","w":"194","h":"46","u":"images/","p":"img_1.png","e":0},{"id":"img_2","w":"194","h":"46","u":"images/","p":"img_2.png","e":0},{"id":"img_3","w":"194","h":"46","u":"images/","p":"img_3.png","e":0},{"id":"img_4","w":"194","h":"46","u":"images/","p":"img_4.png","e":0},{"id":"img_5","w":"194","h":"46","u":"images/","p":"img_5.png","e":0},{"id":"img_6","w":"194","h":"46","u":"images/","p":"img_6.png","e":0},{"id":"img_7","w":"194","h":"46","u":"images/","p":"img_7.png","e":0},{"id":"img_8","w":"194","h":"46","u":"images/","p":"img_8.png","e":0},{"id":"img_9","w":"194","h":"46","u":"images/","p":"img_9.png","e":0},{"id":"img_10","w":"194","h":"46","u":"images/","p":"img_10.png","e":0},{"id":"img_11","w":"194","h":"46","u":"images/","p":"img_11.png","e":0},{"id":"img_12","w":"194","h":"46","u":"images/","p":"img_12.png","e":0},{"id":"img_13","w":"194","h":"46","u":"images/","p":"img_13.png","e":0},{"id":"img_14","w":"194","h":"46","u":"images/","p":"img_14.png","e":0},{"id":"img_15","w":"194","h":"46","u":"images/","p":"img_15.png","e":0},{"id":"img_16","w":"194","h":"46","u":"images/","p":"img_16.png","e":0},{"id":"img_17","w":"194","h":"46","u":"images/","p":"img_17.png","e":0},{"id":"img_18","w":"194","h":"46","u":"images/","p":"img_18.png","e":0},{"id":"img_19","w":"194","h":"46","u":"images/","p":"img_19.png","e":0},{"id":"img_20","w":"194","h":"46","u":"images/","p":"img_20.png","e":0},{"id":"img_21","w":"194","h":"46","u":"images/","p":"img_21.png","e":0},{"id":"img_22","w":"194","h":"46","u":"images/","p":"img_22.png","e":0},{"id":"img_23","w":"194","h":"46","u":"images/","p":"img_23.png","e":0},{"id":"img_24","w":"194","h":"46","u":"images/","p":"img_24.png","e":0},{"id":"img_25","w":"194","h":"46","u":"images/","p":"img_25.png","e":0},{"id":"img_26","w":"194","h":"46","u":"images/","p":"img_26.png","e":0},{"id":"img_27","w":"194","h":"46","u":"images/","p":"img_27.png","e":0},{"id":"img_28","w":"194","h":"46","u":"images/","p":"img_28.png","e":0},{"id":"img_29","w":"194","h":"46","u":"images/","p":"img_29.png","e":0}],"layers":[{"ddd":0,"ind":1,"ty":2,"nm":"QQ909125644","cl":"png","refId":"img_0","sr":1,"ks":{"o":{"a":0,"k":100,"ix":11},"r":{"a":0,"k":0,"ix":10},"p":{"a":0,"k":[476,945,0],"ix":2},"a":{"a":0,"k":[89.5,153,0],"ix":1},"s":{"a":0,"k":[100,100,100],"ix":6}},"ao":0,"ip":0,"op":8,"st":0,"bm":0},{"ddd":0,"ind":2,"ty":2,"nm":"QQ909125644","cl":"png","refId":"img_1","sr":1,"ks":{"o":{"a":0,"k":100,"ix":11},"r":{"a":0,"k":0,"ix":10},"p":{"a":0,"k":[476,945,0],"ix":2},"a":{"a":0,"k":[89.5,153,0],"ix":1},"s":{"a":0,"k":[100,100,100],"ix":6}},"ao":0,"ip":8,"op":16,"st":8,"bm":0},{"ddd":0,"ind":3,"ty":2,"nm":"QQ909125644","cl":"png","refId":"img_2","sr":1,"ks":{"o":{"a":0,"k":100,"ix":11},"r":{"a":0,"k":0,"ix":10},"p":{"a":0,"k":[476,945,0],"ix":2},"a":{"a":0,"k":[89.5,153,0],"ix":1},"s":{"a":0,"k":[100,100,100],"ix":6}},"ao":0,"ip":16,"op":24,"st":16,"bm":0},{"ddd":0,"ind":4,"ty":2,"nm":"QQ909125644","cl":"png","refId":"img_3","sr":1,"ks":{"o":{"a":0,"k":100,"ix":11},"r":{"a":0,"k":0,"ix":10},"p":{"a":0,"k":[476,945,0],"ix":2},"a":{"a":0,"k":[89.5,153,0],"ix":1},"s":{"a":0,"k":[100,100,100],"ix":6}},"ao":0,"ip":24,"op":32,"st":24,"bm":0},{"ddd":0,"ind":5,"ty":2,"nm":"QQ909125644","cl":"png","refId":"img_4","sr":1,"ks":{"o":{"a":0,"k":100,"ix":11},"r":{"a":0,"k":0,"ix":10},"p":{"a":0,"k":[476,945,0],"ix":2},"a":{"a":0,"k":[89.5,153,0],"ix":1},"s":{"a":0,"k":[100,100,100],"ix":6}},"ao":0,"ip":32,"op":40,"st":32,"bm":0},{"ddd":0,"ind":6,"ty":2,"nm":"QQ909125644","cl":"png","refId":"img_5","sr":1,"ks":{"o":{"a":0,"k":100,"ix":11},"r":{"a":0,"k":0,"ix":10},"p":{"a":0,"k":[476,945,0],"ix":2},"a":{"a":0,"k":[89.5,153,0],"ix":1},"s":{"a":0,"k":[100,100,100],"ix":6}},"ao":0,"ip":40,"op":48,"st":40,"bm":0},{"ddd":0,"ind":7,"ty":2,"nm":"QQ909125644","cl":"png","refId":"img_6","sr":1,"ks":{"o":{"a":0,"k":100,"ix":11},"r":{"a":0,"k":0,"ix":10},"p":{"a":0,"k":[476,945,0],"ix":2},"a":{"a":0,"k":[89.5,153,0],"ix":1},"s":{"a":0,"k":[100,100,100],"ix":6}},"ao":0,"ip":48,"op":56,"st":48,"bm":0},{"ddd":0,"ind":8,"ty":2,"nm":"QQ909125644","cl":"png","refId":"img_7","sr":1,"ks":{"o":{"a":0,"k":100,"ix":11},"r":{"a":0,"k":0,"ix":10},"p":{"a":0,"k":[476,945,0],"ix":2},"a":{"a":0,"k":[89.5,153,0],"ix":1},"s":{"a":0,"k":[100,100,100],"ix":6}},"ao":0,"ip":56,"op":64,"st":56,"bm":0},{"ddd":0,"ind":9,"ty":2,"nm":"QQ909125644","cl":"png","refId":"img_8","sr":1,"ks":{"o":{"a":0,"k":100,"ix":11},"r":{"a":0,"k":0,"ix":10},"p":{"a":0,"k":[476,945,0],"ix":2},"a":{"a":0,"k":[89.5,153,0],"ix":1},"s":{"a":0,"k":[100,100,100],"ix":6}},"ao":0,"ip":64,"op":72,"st":64,"bm":0},{"ddd":0,"ind":10,"ty":2,"nm":"QQ909125644","cl":"png","refId":"img_9","sr":1,"ks":{"o":{"a":0,"k":100,"ix":11},"r":{"a":0,"k":0,"ix":10},"p":{"a":0,"k":[476,945,0],"ix":2},"a":{"a":0,"k":[89.5,153,0],"ix":1},"s":{"a":0,"k":[100,100,100],"ix":6}},"ao":0,"ip":72,"op":80,"st":72,"bm":0},{"ddd":0,"ind":11,"ty":2,"nm":"QQ909125644","cl":"png","refId":"img_10","sr":1,"ks":{"o":{"a":0,"k":100,"ix":11},"r":{"a":0,"k":0,"ix":10},"p":{"a":0,"k":[476,945,0],"ix":2},"a":{"a":0,"k":[89.5,153,0],"ix":1},"s":{"a":0,"k":[100,100,100],"ix":6}},"ao":0,"ip":80,"op":88,"st":80,"bm":0},{"ddd":0,"ind":12,"ty":2,"nm":"QQ909125644","cl":"png","refId":"img_11","sr":1,"ks":{"o":{"a":0,"k":100,"ix":11},"r":{"a":0,"k":0,"ix":10},"p":{"a":0,"k":[476,945,0],"ix":2},"a":{"a":0,"k":[89.5,153,0],"ix":1},"s":{"a":0,"k":[100,100,100],"ix":6}},"ao":0,"ip":88,"op":96,"st":88,"bm":0},{"ddd":0,"ind":13,"ty":2,"nm":"QQ909125644","cl":"png","refId":"img_12","sr":1,"ks":{"o":{"a":0,"k":100,"ix":11},"r":{"a":0,"k":0,"ix":10},"p":{"a":0,"k":[476,945,0],"ix":2},"a":{"a":0,"k":[89.5,153,0],"ix":1},"s":{"a":0,"k":[100,100,100],"ix":6}},"ao":0,"ip":96,"op":104,"st":96,"bm":0},{"ddd":0,"ind":14,"ty":2,"nm":"QQ909125644","cl":"png","refId":"img_13","sr":1,"ks":{"o":{"a":0,"k":100,"ix":11},"r":{"a":0,"k":0,"ix":10},"p":{"a":0,"k":[476,945,0],"ix":2},"a":{"a":0,"k":[89.5,153,0],"ix":1},"s":{"a":0,"k":[100,100,100],"ix":6}},"ao":0,"ip":104,"op":112,"st":104,"bm":0},{"ddd":0,"ind":15,"ty":2,"nm":"QQ909125644","cl":"png","refId":"img_14","sr":1,"ks":{"o":{"a":0,"k":100,"ix":11},"r":{"a":0,"k":0,"ix":10},"p":{"a":0,"k":[476,945,0],"ix":2},"a":{"a":0,"k":[89.5,153,0],"ix":1},"s":{"a":0,"k":[100,100,100],"ix":6}},"ao":0,"ip":112,"op":120,"st":112,"bm":0},{"ddd":0,"ind":16,"ty":2,"nm":"QQ909125644","cl":"png","refId":"img_15","sr":1,"ks":{"o":{"a":0,"k":100,"ix":11},"r":{"a":0,"k":0,"ix":10},"p":{"a":0,"k":[476,945,0],"ix":2},"a":{"a":0,"k":[89.5,153,0],"ix":1},"s":{"a":0,"k":[100,100,100],"ix":6}},"ao":0,"ip":120,"op":128,"st":120,"bm":0},{"ddd":0,"ind":17,"ty":2,"nm":"QQ909125644","cl":"png","refId":"img_16","sr":1,"ks":{"o":{"a":0,"k":100,"ix":11},"r":{"a":0,"k":0,"ix":10},"p":{"a":0,"k":[476,945,0],"ix":2},"a":{"a":0,"k":[89.5,153,0],"ix":1},"s":{"a":0,"k":[100,100,100],"ix":6}},"ao":0,"ip":128,"op":136,"st":128,"bm":0},{"ddd":0,"ind":18,"ty":2,"nm":"QQ909125644","cl":"png","refId":"img_17","sr":1,"ks":{"o":{"a":0,"k":100,"ix":11},"r":{"a":0,"k":0,"ix":10},"p":{"a":0,"k":[476,945,0],"ix":2},"a":{"a":0,"k":[89.5,153,0],"ix":1},"s":{"a":0,"k":[100,100,100],"ix":6}},"ao":0,"ip":136,"op":144,"st":136,"bm":0},{"ddd":0,"ind":19,"ty":2,"nm":"QQ909125644","cl":"png","refId":"img_18","sr":1,"ks":{"o":{"a":0,"k":100,"ix":11},"r":{"a":0,"k":0,"ix":10},"p":{"a":0,"k":[476,945,0],"ix":2},"a":{"a":0,"k":[89.5,153,0],"ix":1},"s":{"a":0,"k":[100,100,100],"ix":6}},"ao":0,"ip":144,"op":152,"st":144,"bm":0},{"ddd":0,"ind":20,"ty":2,"nm":"QQ909125644","cl":"png","refId":"img_19","sr":1,"ks":{"o":{"a":0,"k":100,"ix":11},"r":{"a":0,"k":0,"ix":10},"p":{"a":0,"k":[476,945,0],"ix":2},"a":{"a":0,"k":[89.5,153,0],"ix":1},"s":{"a":0,"k":[100,100,100],"ix":6}},"ao":0,"ip":152,"op":160,"st":152,"bm":0},{"ddd":0,"ind":21,"ty":2,"nm":"QQ909125644","cl":"png","refId":"img_20","sr":1,"ks":{"o":{"a":0,"k":100,"ix":11},"r":{"a":0,"k":0,"ix":10},"p":{"a":0,"k":[476,945,0],"ix":2},"a":{"a":0,"k":[89.5,153,0],"ix":1},"s":{"a":0,"k":[100,100,100],"ix":6}},"ao":0,"ip":160,"op":168,"st":160,"bm":0},{"ddd":0,"ind":22,"ty":2,"nm":"QQ909125644","cl":"png","refId":"img_21","sr":1,"ks":{"o":{"a":0,"k":100,"ix":11},"r":{"a":0,"k":0,"ix":10},"p":{"a":0,"k":[476,945,0],"ix":2},"a":{"a":0,"k":[89.5,153,0],"ix":1},"s":{"a":0,"k":[100,100,100],"ix":6}},"ao":0,"ip":168,"op":176,"st":168,"bm":0},{"ddd":0,"ind":23,"ty":2,"nm":"QQ909125644","cl":"png","refId":"img_22","sr":1,"ks":{"o":{"a":0,"k":100,"ix":11},"r":{"a":0,"k":0,"ix":10},"p":{"a":0,"k":[476,945,0],"ix":2},"a":{"a":0,"k":[89.5,153,0],"ix":1},"s":{"a":0,"k":[100,100,100],"ix":6}},"ao":0,"ip":176,"op":184,"st":176,"bm":0},{"ddd":0,"ind":24,"ty":2,"nm":"QQ909125644","cl":"png","refId":"img_23","sr":1,"ks":{"o":{"a":0,"k":100,"ix":11},"r":{"a":0,"k":0,"ix":10},"p":{"a":0,"k":[476,945,0],"ix":2},"a":{"a":0,"k":[89.5,153,0],"ix":1},"s":{"a":0,"k":[100,100,100],"ix":6}},"ao":0,"ip":184,"op":192,"st":184,"bm":0},{"ddd":0,"ind":25,"ty":2,"nm":"QQ909125644","cl":"png","refId":"img_24","sr":1,"ks":{"o":{"a":0,"k":100,"ix":11},"r":{"a":0,"k":0,"ix":10},"p":{"a":0,"k":[476,945,0],"ix":2},"a":{"a":0,"k":[89.5,153,0],"ix":1},"s":{"a":0,"k":[100,100,100],"ix":6}},"ao":0,"ip":192,"op":200,"st":192,"bm":0},{"ddd":0,"ind":26,"ty":2,"nm":"QQ909125644","cl":"png","refId":"img_25","sr":1,"ks":{"o":{"a":0,"k":100,"ix":11},"r":{"a":0,"k":0,"ix":10},"p":{"a":0,"k":[476,945,0],"ix":2},"a":{"a":0,"k":[89.5,153,0],"ix":1},"s":{"a":0,"k":[100,100,100],"ix":6}},"ao":0,"ip":200,"op":208,"st":200,"bm":0},{"ddd":0,"ind":27,"ty":2,"nm":"QQ909125644","cl":"png","refId":"img_26","sr":1,"ks":{"o":{"a":0,"k":100,"ix":11},"r":{"a":0,"k":0,"ix":10},"p":{"a":0,"k":[476,945,0],"ix":2},"a":{"a":0,"k":[89.5,153,0],"ix":1},"s":{"a":0,"k":[100,100,100],"ix":6}},"ao":0,"ip":208,"op":216,"st":208,"bm":0},{"ddd":0,"ind":28,"ty":2,"nm":"QQ909125644","cl":"png","refId":"img_27","sr":1,"ks":{"o":{"a":0,"k":100,"ix":11},"r":{"a":0,"k":0,"ix":10},"p":{"a":0,"k":[476,945,0],"ix":2},"a":{"a":0,"k":[89.5,153,0],"ix":1},"s":{"a":0,"k":[100,100,100],"ix":6}},"ao":0,"ip":216,"op":224,"st":216,"bm":0},{"ddd":0,"ind":29,"ty":2,"nm":"QQ909125644","cl":"png","refId":"img_28","sr":1,"ks":{"o":{"a":0,"k":100,"ix":11},"r":{"a":0,"k":0,"ix":10},"p":{"a":0,"k":[476,945,0],"ix":2},"a":{"a":0,"k":[89.5,153,0],"ix":1},"s":{"a":0,"k":[100,100,100],"ix":6}},"ao":0,"ip":224,"op":232,"st":224,"bm":0},{"ddd":0,"ind":30,"ty":2,"nm":"QQ909125644","cl":"png","refId":"img_29","sr":1,"ks":{"o":{"a":0,"k":100,"ix":11},"r":{"a":0,"k":0,"ix":10},"p":{"a":0,"k":[476,945,0],"ix":2},"a":{"a":0,"k":[89.5,153,0],"ix":1},"s":{"a":0,"k":[100,100,100],"ix":6}},"ao":0,"ip":232,"op":240,"st":232,"bm":0}],"markers":[]}