{"v":"5.1.20","fr":25,"ip":0,"op":353,"w":310,"h":551,"nm":"dingzhi+Q.2238954086.....000","ddd":0,"assets":[{"id":"image_0","w":310,"h":551,"u":"images/","p":"img_0.png","e":0},{"id":"image_1","w":310,"h":551,"u":"images/","p":"img_1.png","e":0},{"id":"image_2","w":310,"h":551,"u":"images/","p":"img_2.png","e":0},{"id":"image_3","w":310,"h":551,"u":"images/","p":"img_3.png","e":0},{"id":"image_4","w":310,"h":551,"u":"images/","p":"img_4.png","e":0},{"id":"image_5","w":310,"h":551,"u":"images/","p":"img_5.png","e":0},{"id":"image_6","w":310,"h":551,"u":"images/","p":"img_6.png","e":0},{"id":"image_7","w":310,"h":551,"u":"images/","p":"img_7.png","e":0},{"id":"image_8","w":310,"h":551,"u":"images/","p":"img_8.png","e":0},{"id":"image_9","w":310,"h":551,"u":"images/","p":"img_9.png","e":0},{"id":"image_10","w":310,"h":551,"u":"images/","p":"img_10.png","e":0},{"id":"image_11","w":310,"h":551,"u":"images/","p":"img_11.png","e":0},{"id":"image_12","w":310,"h":551,"u":"images/","p":"img_12.png","e":0},{"id":"image_13","w":310,"h":551,"u":"images/","p":"img_13.png","e":0},{"id":"image_14","w":310,"h":551,"u":"images/","p":"img_14.png","e":0},{"id":"image_15","w":310,"h":551,"u":"images/","p":"img_15.png","e":0},{"id":"image_16","w":310,"h":551,"u":"images/","p":"img_16.png","e":0},{"id":"image_17","w":310,"h":551,"u":"images/","p":"img_17.png","e":0},{"id":"image_18","w":310,"h":551,"u":"images/","p":"img_18.png","e":0},{"id":"image_19","w":310,"h":551,"u":"images/","p":"img_19.png","e":0},{"id":"image_20","w":310,"h":551,"u":"images/","p":"img_20.png","e":0},{"id":"image_21","w":310,"h":551,"u":"images/","p":"img_21.png","e":0},{"id":"image_22","w":310,"h":551,"u":"images/","p":"img_22.png","e":0},{"id":"image_23","w":310,"h":551,"u":"images/","p":"img_23.png","e":0},{"id":"image_24","w":310,"h":551,"u":"images/","p":"img_24.png","e":0},{"id":"image_25","w":310,"h":551,"u":"images/","p":"img_25.png","e":0},{"id":"image_26","w":310,"h":551,"u":"images/","p":"img_26.png","e":0},{"id":"image_27","w":310,"h":551,"u":"images/","p":"img_27.png","e":0},{"id":"image_28","w":310,"h":551,"u":"images/","p":"img_28.png","e":0},{"id":"image_29","w":310,"h":551,"u":"images/","p":"img_29.png","e":0},{"id":"image_30","w":310,"h":551,"u":"images/","p":"img_30.png","e":0},{"id":"image_31","w":310,"h":551,"u":"images/","p":"img_31.png","e":0},{"id":"image_32","w":310,"h":551,"u":"images/","p":"img_32.png","e":0},{"id":"image_33","w":310,"h":551,"u":"images/","p":"img_33.png","e":0},{"id":"image_34","w":310,"h":551,"u":"images/","p":"img_34.png","e":0},{"id":"image_35","w":310,"h":551,"u":"images/","p":"img_35.png","e":0},{"id":"image_36","w":310,"h":551,"u":"images/","p":"img_36.png","e":0},{"id":"image_37","w":310,"h":551,"u":"images/","p":"img_37.png","e":0},{"id":"image_38","w":310,"h":551,"u":"images/","p":"img_38.png","e":0},{"id":"image_39","w":310,"h":551,"u":"images/","p":"img_39.png","e":0},{"id":"image_40","w":310,"h":551,"u":"images/","p":"img_40.png","e":0},{"id":"image_41","w":310,"h":551,"u":"images/","p":"img_41.png","e":0},{"id":"image_42","w":310,"h":551,"u":"images/","p":"img_42.png","e":0},{"id":"image_43","w":310,"h":551,"u":"images/","p":"img_43.png","e":0},{"id":"image_44","w":310,"h":551,"u":"images/","p":"img_44.png","e":0},{"id":"image_45","w":310,"h":551,"u":"images/","p":"img_45.png","e":0},{"id":"image_46","w":310,"h":551,"u":"images/","p":"img_46.png","e":0},{"id":"image_47","w":310,"h":551,"u":"images/","p":"img_47.png","e":0},{"id":"image_48","w":310,"h":551,"u":"images/","p":"img_48.png","e":0},{"id":"image_49","w":310,"h":551,"u":"images/","p":"img_49.png","e":0},{"id":"image_50","w":310,"h":551,"u":"images/","p":"img_50.png","e":0},{"id":"image_51","w":310,"h":551,"u":"images/","p":"img_51.png","e":0},{"id":"image_52","w":310,"h":551,"u":"images/","p":"img_52.png","e":0},{"id":"image_53","w":310,"h":551,"u":"images/","p":"img_53.png","e":0},{"id":"image_54","w":310,"h":551,"u":"images/","p":"img_54.png","e":0},{"id":"image_55","w":310,"h":551,"u":"images/","p":"img_55.png","e":0},{"id":"image_56","w":310,"h":551,"u":"images/","p":"img_56.png","e":0},{"id":"image_57","w":310,"h":551,"u":"images/","p":"img_57.png","e":0},{"id":"image_58","w":310,"h":551,"u":"images/","p":"img_58.png","e":0},{"id":"image_59","w":310,"h":551,"u":"images/","p":"img_59.png","e":0},{"id":"image_60","w":310,"h":551,"u":"images/","p":"img_60.png","e":0},{"id":"image_61","w":310,"h":551,"u":"images/","p":"img_61.png","e":0},{"id":"image_62","w":310,"h":551,"u":"images/","p":"img_62.png","e":0},{"id":"image_63","w":310,"h":551,"u":"images/","p":"img_63.png","e":0},{"id":"image_64","w":310,"h":551,"u":"images/","p":"img_64.png","e":0},{"id":"image_65","w":310,"h":551,"u":"images/","p":"img_65.png","e":0},{"id":"image_66","w":310,"h":551,"u":"images/","p":"img_66.png","e":0},{"id":"image_67","w":310,"h":551,"u":"images/","p":"img_67.png","e":0},{"id":"image_68","w":310,"h":551,"u":"images/","p":"img_68.png","e":0},{"id":"image_69","w":310,"h":551,"u":"images/","p":"img_69.png","e":0},{"id":"image_70","w":310,"h":551,"u":"images/","p":"img_70.png","e":0},{"id":"image_71","w":310,"h":551,"u":"images/","p":"img_71.png","e":0},{"id":"image_72","w":310,"h":551,"u":"images/","p":"img_72.png","e":0},{"id":"image_73","w":310,"h":551,"u":"images/","p":"img_73.png","e":0},{"id":"image_74","w":310,"h":551,"u":"images/","p":"img_74.png","e":0},{"id":"image_75","w":310,"h":551,"u":"images/","p":"img_75.png","e":0},{"id":"image_76","w":310,"h":551,"u":"images/","p":"img_76.png","e":0},{"id":"image_77","w":310,"h":551,"u":"images/","p":"img_77.png","e":0},{"id":"image_78","w":310,"h":551,"u":"images/","p":"img_78.png","e":0},{"id":"image_79","w":310,"h":551,"u":"images/","p":"img_79.png","e":0},{"id":"image_80","w":310,"h":551,"u":"images/","p":"img_80.png","e":0},{"id":"image_81","w":310,"h":551,"u":"images/","p":"img_81.png","e":0},{"id":"image_82","w":310,"h":551,"u":"images/","p":"img_82.png","e":0},{"id":"image_83","w":310,"h":551,"u":"images/","p":"img_83.png","e":0},{"id":"image_84","w":310,"h":551,"u":"images/","p":"img_84.png","e":0},{"id":"image_85","w":310,"h":551,"u":"images/","p":"img_85.png","e":0},{"id":"image_86","w":310,"h":551,"u":"images/","p":"img_86.png","e":0},{"id":"image_87","w":310,"h":551,"u":"images/","p":"img_87.png","e":0},{"id":"image_88","w":310,"h":551,"u":"images/","p":"img_88.png","e":0},{"id":"image_89","w":310,"h":551,"u":"images/","p":"img_89.png","e":0},{"id":"image_90","w":310,"h":551,"u":"images/","p":"img_90.png","e":0},{"id":"image_91","w":310,"h":551,"u":"images/","p":"img_91.png","e":0},{"id":"image_92","w":310,"h":551,"u":"images/","p":"img_92.png","e":0},{"id":"image_93","w":310,"h":551,"u":"images/","p":"img_93.png","e":0},{"id":"image_94","w":310,"h":551,"u":"images/","p":"img_94.png","e":0},{"id":"image_95","w":310,"h":551,"u":"images/","p":"img_95.png","e":0},{"id":"image_96","w":310,"h":551,"u":"images/","p":"img_96.png","e":0},{"id":"image_97","w":310,"h":551,"u":"images/","p":"img_97.png","e":0},{"id":"image_98","w":310,"h":551,"u":"images/","p":"img_98.png","e":0},{"id":"image_99","w":310,"h":551,"u":"images/","p":"img_99.png","e":0},{"id":"image_100","w":310,"h":551,"u":"images/","p":"img_100.png","e":0},{"id":"image_101","w":310,"h":551,"u":"images/","p":"img_101.png","e":0},{"id":"image_102","w":310,"h":551,"u":"images/","p":"img_102.png","e":0},{"id":"image_103","w":310,"h":551,"u":"images/","p":"img_103.png","e":0},{"id":"image_104","w":310,"h":551,"u":"images/","p":"img_104.png","e":0},{"id":"image_105","w":310,"h":551,"u":"images/","p":"img_105.png","e":0},{"id":"image_106","w":310,"h":551,"u":"images/","p":"img_106.png","e":0},{"id":"image_107","w":310,"h":551,"u":"images/","p":"img_107.png","e":0},{"id":"image_108","w":310,"h":551,"u":"images/","p":"img_108.png","e":0},{"id":"image_109","w":310,"h":551,"u":"images/","p":"img_109.png","e":0},{"id":"image_110","w":310,"h":551,"u":"images/","p":"img_110.png","e":0},{"id":"image_111","w":310,"h":551,"u":"images/","p":"img_111.png","e":0},{"id":"image_112","w":310,"h":551,"u":"images/","p":"img_112.png","e":0},{"id":"image_113","w":310,"h":551,"u":"images/","p":"img_113.png","e":0},{"id":"image_114","w":310,"h":551,"u":"images/","p":"img_114.png","e":0},{"id":"image_115","w":310,"h":551,"u":"images/","p":"img_115.png","e":0},{"id":"image_116","w":310,"h":551,"u":"images/","p":"img_116.png","e":0},{"id":"image_117","w":310,"h":551,"u":"images/","p":"img_117.png","e":0},{"id":"image_118","w":310,"h":551,"u":"images/","p":"img_118.png","e":0},{"id":"image_119","w":310,"h":551,"u":"images/","p":"img_119.png","e":0},{"id":"image_120","w":310,"h":551,"u":"images/","p":"img_120.png","e":0},{"id":"image_121","w":310,"h":551,"u":"images/","p":"img_121.png","e":0},{"id":"image_122","w":310,"h":551,"u":"images/","p":"img_122.png","e":0},{"id":"image_123","w":310,"h":551,"u":"images/","p":"img_123.png","e":0},{"id":"image_124","w":310,"h":551,"u":"images/","p":"img_124.png","e":0},{"id":"image_125","w":310,"h":551,"u":"images/","p":"img_125.png","e":0},{"id":"image_126","w":310,"h":551,"u":"images/","p":"img_126.png","e":0},{"id":"image_127","w":310,"h":551,"u":"images/","p":"img_127.png","e":0},{"id":"image_128","w":310,"h":551,"u":"images/","p":"img_128.png","e":0},{"id":"image_129","w":310,"h":551,"u":"images/","p":"img_129.png","e":0},{"id":"image_130","w":310,"h":551,"u":"images/","p":"img_130.png","e":0},{"id":"image_131","w":310,"h":551,"u":"images/","p":"img_131.png","e":0},{"id":"image_132","w":310,"h":551,"u":"images/","p":"img_132.png","e":0},{"id":"image_133","w":310,"h":551,"u":"images/","p":"img_133.png","e":0},{"id":"image_134","w":310,"h":551,"u":"images/","p":"img_134.png","e":0},{"id":"image_135","w":310,"h":551,"u":"images/","p":"img_135.png","e":0},{"id":"image_136","w":310,"h":551,"u":"images/","p":"img_136.png","e":0},{"id":"image_137","w":310,"h":551,"u":"images/","p":"img_137.png","e":0},{"id":"image_138","w":310,"h":551,"u":"images/","p":"img_138.png","e":0},{"id":"image_139","w":310,"h":551,"u":"images/","p":"img_139.png","e":0},{"id":"image_140","w":310,"h":551,"u":"images/","p":"img_140.png","e":0}],"layers":[{"ddd":0,"ind":1,"ty":2,"nm":"dingzhi+Q.2238954086.....000.jpg","cl":"2238954086     000 jpg","refId":"image_0","sr":1,"ks":{"o":{"a":0,"k":100,"ix":11},"r":{"a":0,"k":0,"ix":10},"p":{"a":0,"k":[155,275.5,0],"ix":2},"a":{"a":0,"k":[155,275.5,0],"ix":1},"s":{"a":0,"k":[100,100,100],"ix":6}},"ao":0,"ip":0,"op":2.5,"st":0,"bm":0},{"ddd":0,"ind":2,"ty":2,"nm":"dingzhi+Q.2238954086.....001.jpg","cl":"2238954086     001 jpg","refId":"image_1","sr":1,"ks":{"o":{"a":0,"k":100,"ix":11},"r":{"a":0,"k":0,"ix":10},"p":{"a":0,"k":[155,275.5,0],"ix":2},"a":{"a":0,"k":[155,275.5,0],"ix":1},"s":{"a":0,"k":[100,100,100],"ix":6}},"ao":0,"ip":2.5,"op":5,"st":2.5,"bm":0},{"ddd":0,"ind":3,"ty":2,"nm":"dingzhi+Q.2238954086.....002.jpg","cl":"2238954086     002 jpg","refId":"image_2","sr":1,"ks":{"o":{"a":0,"k":100,"ix":11},"r":{"a":0,"k":0,"ix":10},"p":{"a":0,"k":[155,275.5,0],"ix":2},"a":{"a":0,"k":[155,275.5,0],"ix":1},"s":{"a":0,"k":[100,100,100],"ix":6}},"ao":0,"ip":5,"op":7.5,"st":5,"bm":0},{"ddd":0,"ind":4,"ty":2,"nm":"dingzhi+Q.2238954086.....003.jpg","cl":"2238954086     003 jpg","refId":"image_3","sr":1,"ks":{"o":{"a":0,"k":100,"ix":11},"r":{"a":0,"k":0,"ix":10},"p":{"a":0,"k":[155,275.5,0],"ix":2},"a":{"a":0,"k":[155,275.5,0],"ix":1},"s":{"a":0,"k":[100,100,100],"ix":6}},"ao":0,"ip":7.5,"op":10,"st":7.5,"bm":0},{"ddd":0,"ind":5,"ty":2,"nm":"dingzhi+Q.2238954086.....004.jpg","cl":"2238954086     004 jpg","refId":"image_4","sr":1,"ks":{"o":{"a":0,"k":100,"ix":11},"r":{"a":0,"k":0,"ix":10},"p":{"a":0,"k":[155,275.5,0],"ix":2},"a":{"a":0,"k":[155,275.5,0],"ix":1},"s":{"a":0,"k":[100,100,100],"ix":6}},"ao":0,"ip":10,"op":12.5,"st":10,"bm":0},{"ddd":0,"ind":6,"ty":2,"nm":"dingzhi+Q.2238954086.....005.jpg","cl":"2238954086     005 jpg","refId":"image_5","sr":1,"ks":{"o":{"a":0,"k":100,"ix":11},"r":{"a":0,"k":0,"ix":10},"p":{"a":0,"k":[155,275.5,0],"ix":2},"a":{"a":0,"k":[155,275.5,0],"ix":1},"s":{"a":0,"k":[100,100,100],"ix":6}},"ao":0,"ip":12.5,"op":15,"st":12.5,"bm":0},{"ddd":0,"ind":7,"ty":2,"nm":"dingzhi+Q.2238954086.....006.jpg","cl":"2238954086     006 jpg","refId":"image_6","sr":1,"ks":{"o":{"a":0,"k":100,"ix":11},"r":{"a":0,"k":0,"ix":10},"p":{"a":0,"k":[155,275.5,0],"ix":2},"a":{"a":0,"k":[155,275.5,0],"ix":1},"s":{"a":0,"k":[100,100,100],"ix":6}},"ao":0,"ip":15,"op":17.5,"st":15,"bm":0},{"ddd":0,"ind":8,"ty":2,"nm":"dingzhi+Q.2238954086.....007.jpg","cl":"2238954086     007 jpg","refId":"image_7","sr":1,"ks":{"o":{"a":0,"k":100,"ix":11},"r":{"a":0,"k":0,"ix":10},"p":{"a":0,"k":[155,275.5,0],"ix":2},"a":{"a":0,"k":[155,275.5,0],"ix":1},"s":{"a":0,"k":[100,100,100],"ix":6}},"ao":0,"ip":17.5,"op":20,"st":17.5,"bm":0},{"ddd":0,"ind":9,"ty":2,"nm":"dingzhi+Q.2238954086.....008.jpg","cl":"2238954086     008 jpg","refId":"image_8","sr":1,"ks":{"o":{"a":0,"k":100,"ix":11},"r":{"a":0,"k":0,"ix":10},"p":{"a":0,"k":[155,275.5,0],"ix":2},"a":{"a":0,"k":[155,275.5,0],"ix":1},"s":{"a":0,"k":[100,100,100],"ix":6}},"ao":0,"ip":20,"op":22.5,"st":20,"bm":0},{"ddd":0,"ind":10,"ty":2,"nm":"dingzhi+Q.2238954086.....009.jpg","cl":"2238954086     009 jpg","refId":"image_9","sr":1,"ks":{"o":{"a":0,"k":100,"ix":11},"r":{"a":0,"k":0,"ix":10},"p":{"a":0,"k":[155,275.5,0],"ix":2},"a":{"a":0,"k":[155,275.5,0],"ix":1},"s":{"a":0,"k":[100,100,100],"ix":6}},"ao":0,"ip":22.5,"op":25,"st":22.5,"bm":0},{"ddd":0,"ind":11,"ty":2,"nm":"dingzhi+Q.2238954086.....010.jpg","cl":"2238954086     010 jpg","refId":"image_10","sr":1,"ks":{"o":{"a":0,"k":100,"ix":11},"r":{"a":0,"k":0,"ix":10},"p":{"a":0,"k":[155,275.5,0],"ix":2},"a":{"a":0,"k":[155,275.5,0],"ix":1},"s":{"a":0,"k":[100,100,100],"ix":6}},"ao":0,"ip":25,"op":27.5,"st":25,"bm":0},{"ddd":0,"ind":12,"ty":2,"nm":"dingzhi+Q.2238954086.....011.jpg","cl":"2238954086     011 jpg","refId":"image_11","sr":1,"ks":{"o":{"a":0,"k":100,"ix":11},"r":{"a":0,"k":0,"ix":10},"p":{"a":0,"k":[155,275.5,0],"ix":2},"a":{"a":0,"k":[155,275.5,0],"ix":1},"s":{"a":0,"k":[100,100,100],"ix":6}},"ao":0,"ip":27.5,"op":30,"st":27.5,"bm":0},{"ddd":0,"ind":13,"ty":2,"nm":"dingzhi+Q.2238954086.....012.jpg","cl":"2238954086     012 jpg","refId":"image_12","sr":1,"ks":{"o":{"a":0,"k":100,"ix":11},"r":{"a":0,"k":0,"ix":10},"p":{"a":0,"k":[155,275.5,0],"ix":2},"a":{"a":0,"k":[155,275.5,0],"ix":1},"s":{"a":0,"k":[100,100,100],"ix":6}},"ao":0,"ip":30,"op":32.5,"st":30,"bm":0},{"ddd":0,"ind":14,"ty":2,"nm":"dingzhi+Q.2238954086.....013.jpg","cl":"2238954086     013 jpg","refId":"image_13","sr":1,"ks":{"o":{"a":0,"k":100,"ix":11},"r":{"a":0,"k":0,"ix":10},"p":{"a":0,"k":[155,275.5,0],"ix":2},"a":{"a":0,"k":[155,275.5,0],"ix":1},"s":{"a":0,"k":[100,100,100],"ix":6}},"ao":0,"ip":32.5,"op":35,"st":32.5,"bm":0},{"ddd":0,"ind":15,"ty":2,"nm":"dingzhi+Q.2238954086.....014.jpg","cl":"2238954086     014 jpg","refId":"image_14","sr":1,"ks":{"o":{"a":0,"k":100,"ix":11},"r":{"a":0,"k":0,"ix":10},"p":{"a":0,"k":[155,275.5,0],"ix":2},"a":{"a":0,"k":[155,275.5,0],"ix":1},"s":{"a":0,"k":[100,100,100],"ix":6}},"ao":0,"ip":35,"op":37.5,"st":35,"bm":0},{"ddd":0,"ind":16,"ty":2,"nm":"dingzhi+Q.2238954086.....015.jpg","cl":"2238954086     015 jpg","refId":"image_15","sr":1,"ks":{"o":{"a":0,"k":100,"ix":11},"r":{"a":0,"k":0,"ix":10},"p":{"a":0,"k":[155,275.5,0],"ix":2},"a":{"a":0,"k":[155,275.5,0],"ix":1},"s":{"a":0,"k":[100,100,100],"ix":6}},"ao":0,"ip":37.5,"op":40,"st":37.5,"bm":0},{"ddd":0,"ind":17,"ty":2,"nm":"dingzhi+Q.2238954086.....016.jpg","cl":"2238954086     016 jpg","refId":"image_16","sr":1,"ks":{"o":{"a":0,"k":100,"ix":11},"r":{"a":0,"k":0,"ix":10},"p":{"a":0,"k":[155,275.5,0],"ix":2},"a":{"a":0,"k":[155,275.5,0],"ix":1},"s":{"a":0,"k":[100,100,100],"ix":6}},"ao":0,"ip":40,"op":42.5,"st":40,"bm":0},{"ddd":0,"ind":18,"ty":2,"nm":"dingzhi+Q.2238954086.....017.jpg","cl":"2238954086     017 jpg","refId":"image_17","sr":1,"ks":{"o":{"a":0,"k":100,"ix":11},"r":{"a":0,"k":0,"ix":10},"p":{"a":0,"k":[155,275.5,0],"ix":2},"a":{"a":0,"k":[155,275.5,0],"ix":1},"s":{"a":0,"k":[100,100,100],"ix":6}},"ao":0,"ip":42.5,"op":45,"st":42.5,"bm":0},{"ddd":0,"ind":19,"ty":2,"nm":"dingzhi+Q.2238954086.....018.jpg","cl":"2238954086     018 jpg","refId":"image_18","sr":1,"ks":{"o":{"a":0,"k":100,"ix":11},"r":{"a":0,"k":0,"ix":10},"p":{"a":0,"k":[155,275.5,0],"ix":2},"a":{"a":0,"k":[155,275.5,0],"ix":1},"s":{"a":0,"k":[100,100,100],"ix":6}},"ao":0,"ip":45,"op":47.5,"st":45,"bm":0},{"ddd":0,"ind":20,"ty":2,"nm":"dingzhi+Q.2238954086.....019.jpg","cl":"2238954086     019 jpg","refId":"image_19","sr":1,"ks":{"o":{"a":0,"k":100,"ix":11},"r":{"a":0,"k":0,"ix":10},"p":{"a":0,"k":[155,275.5,0],"ix":2},"a":{"a":0,"k":[155,275.5,0],"ix":1},"s":{"a":0,"k":[100,100,100],"ix":6}},"ao":0,"ip":47.5,"op":50,"st":47.5,"bm":0},{"ddd":0,"ind":21,"ty":2,"nm":"dingzhi+Q.2238954086.....020.jpg","cl":"2238954086     020 jpg","refId":"image_20","sr":1,"ks":{"o":{"a":0,"k":100,"ix":11},"r":{"a":0,"k":0,"ix":10},"p":{"a":0,"k":[155,275.5,0],"ix":2},"a":{"a":0,"k":[155,275.5,0],"ix":1},"s":{"a":0,"k":[100,100,100],"ix":6}},"ao":0,"ip":50,"op":52.5,"st":50,"bm":0},{"ddd":0,"ind":22,"ty":2,"nm":"dingzhi+Q.2238954086.....021.jpg","cl":"2238954086     021 jpg","refId":"image_21","sr":1,"ks":{"o":{"a":0,"k":100,"ix":11},"r":{"a":0,"k":0,"ix":10},"p":{"a":0,"k":[155,275.5,0],"ix":2},"a":{"a":0,"k":[155,275.5,0],"ix":1},"s":{"a":0,"k":[100,100,100],"ix":6}},"ao":0,"ip":52.5,"op":55,"st":52.5,"bm":0},{"ddd":0,"ind":23,"ty":2,"nm":"dingzhi+Q.2238954086.....022.jpg","cl":"2238954086     022 jpg","refId":"image_22","sr":1,"ks":{"o":{"a":0,"k":100,"ix":11},"r":{"a":0,"k":0,"ix":10},"p":{"a":0,"k":[155,275.5,0],"ix":2},"a":{"a":0,"k":[155,275.5,0],"ix":1},"s":{"a":0,"k":[100,100,100],"ix":6}},"ao":0,"ip":55,"op":57.5,"st":55,"bm":0},{"ddd":0,"ind":24,"ty":2,"nm":"dingzhi+Q.2238954086.....023.jpg","cl":"2238954086     023 jpg","refId":"image_23","sr":1,"ks":{"o":{"a":0,"k":100,"ix":11},"r":{"a":0,"k":0,"ix":10},"p":{"a":0,"k":[155,275.5,0],"ix":2},"a":{"a":0,"k":[155,275.5,0],"ix":1},"s":{"a":0,"k":[100,100,100],"ix":6}},"ao":0,"ip":57.5,"op":60,"st":57.5,"bm":0},{"ddd":0,"ind":25,"ty":2,"nm":"dingzhi+Q.2238954086.....024.jpg","cl":"2238954086     024 jpg","refId":"image_24","sr":1,"ks":{"o":{"a":0,"k":100,"ix":11},"r":{"a":0,"k":0,"ix":10},"p":{"a":0,"k":[155,275.5,0],"ix":2},"a":{"a":0,"k":[155,275.5,0],"ix":1},"s":{"a":0,"k":[100,100,100],"ix":6}},"ao":0,"ip":60,"op":62.5,"st":60,"bm":0},{"ddd":0,"ind":26,"ty":2,"nm":"dingzhi+Q.2238954086.....025.jpg","cl":"2238954086     025 jpg","refId":"image_25","sr":1,"ks":{"o":{"a":0,"k":100,"ix":11},"r":{"a":0,"k":0,"ix":10},"p":{"a":0,"k":[155,275.5,0],"ix":2},"a":{"a":0,"k":[155,275.5,0],"ix":1},"s":{"a":0,"k":[100,100,100],"ix":6}},"ao":0,"ip":62.5,"op":65,"st":62.5,"bm":0},{"ddd":0,"ind":27,"ty":2,"nm":"dingzhi+Q.2238954086.....026.jpg","cl":"2238954086     026 jpg","refId":"image_26","sr":1,"ks":{"o":{"a":0,"k":100,"ix":11},"r":{"a":0,"k":0,"ix":10},"p":{"a":0,"k":[155,275.5,0],"ix":2},"a":{"a":0,"k":[155,275.5,0],"ix":1},"s":{"a":0,"k":[100,100,100],"ix":6}},"ao":0,"ip":65,"op":67.5,"st":65,"bm":0},{"ddd":0,"ind":28,"ty":2,"nm":"dingzhi+Q.2238954086.....027.jpg","cl":"2238954086     027 jpg","refId":"image_27","sr":1,"ks":{"o":{"a":0,"k":100,"ix":11},"r":{"a":0,"k":0,"ix":10},"p":{"a":0,"k":[155,275.5,0],"ix":2},"a":{"a":0,"k":[155,275.5,0],"ix":1},"s":{"a":0,"k":[100,100,100],"ix":6}},"ao":0,"ip":67.5,"op":70,"st":67.5,"bm":0},{"ddd":0,"ind":29,"ty":2,"nm":"dingzhi+Q.2238954086.....028.jpg","cl":"2238954086     028 jpg","refId":"image_28","sr":1,"ks":{"o":{"a":0,"k":100,"ix":11},"r":{"a":0,"k":0,"ix":10},"p":{"a":0,"k":[155,275.5,0],"ix":2},"a":{"a":0,"k":[155,275.5,0],"ix":1},"s":{"a":0,"k":[100,100,100],"ix":6}},"ao":0,"ip":70,"op":72.5,"st":70,"bm":0},{"ddd":0,"ind":30,"ty":2,"nm":"dingzhi+Q.2238954086.....029.jpg","cl":"2238954086     029 jpg","refId":"image_29","sr":1,"ks":{"o":{"a":0,"k":100,"ix":11},"r":{"a":0,"k":0,"ix":10},"p":{"a":0,"k":[155,275.5,0],"ix":2},"a":{"a":0,"k":[155,275.5,0],"ix":1},"s":{"a":0,"k":[100,100,100],"ix":6}},"ao":0,"ip":72.5,"op":75,"st":72.5,"bm":0},{"ddd":0,"ind":31,"ty":2,"nm":"dingzhi+Q.2238954086.....030.jpg","cl":"2238954086     030 jpg","refId":"image_30","sr":1,"ks":{"o":{"a":0,"k":100,"ix":11},"r":{"a":0,"k":0,"ix":10},"p":{"a":0,"k":[155,275.5,0],"ix":2},"a":{"a":0,"k":[155,275.5,0],"ix":1},"s":{"a":0,"k":[100,100,100],"ix":6}},"ao":0,"ip":75,"op":77.5,"st":75,"bm":0},{"ddd":0,"ind":32,"ty":2,"nm":"dingzhi+Q.2238954086.....031.jpg","cl":"2238954086     031 jpg","refId":"image_31","sr":1,"ks":{"o":{"a":0,"k":100,"ix":11},"r":{"a":0,"k":0,"ix":10},"p":{"a":0,"k":[155,275.5,0],"ix":2},"a":{"a":0,"k":[155,275.5,0],"ix":1},"s":{"a":0,"k":[100,100,100],"ix":6}},"ao":0,"ip":77.5,"op":80,"st":77.5,"bm":0},{"ddd":0,"ind":33,"ty":2,"nm":"dingzhi+Q.2238954086.....032.jpg","cl":"2238954086     032 jpg","refId":"image_32","sr":1,"ks":{"o":{"a":0,"k":100,"ix":11},"r":{"a":0,"k":0,"ix":10},"p":{"a":0,"k":[155,275.5,0],"ix":2},"a":{"a":0,"k":[155,275.5,0],"ix":1},"s":{"a":0,"k":[100,100,100],"ix":6}},"ao":0,"ip":80,"op":82.5,"st":80,"bm":0},{"ddd":0,"ind":34,"ty":2,"nm":"dingzhi+Q.2238954086.....033.jpg","cl":"2238954086     033 jpg","refId":"image_33","sr":1,"ks":{"o":{"a":0,"k":100,"ix":11},"r":{"a":0,"k":0,"ix":10},"p":{"a":0,"k":[155,275.5,0],"ix":2},"a":{"a":0,"k":[155,275.5,0],"ix":1},"s":{"a":0,"k":[100,100,100],"ix":6}},"ao":0,"ip":82.5,"op":85,"st":82.5,"bm":0},{"ddd":0,"ind":35,"ty":2,"nm":"dingzhi+Q.2238954086.....034.jpg","cl":"2238954086     034 jpg","refId":"image_34","sr":1,"ks":{"o":{"a":0,"k":100,"ix":11},"r":{"a":0,"k":0,"ix":10},"p":{"a":0,"k":[155,275.5,0],"ix":2},"a":{"a":0,"k":[155,275.5,0],"ix":1},"s":{"a":0,"k":[100,100,100],"ix":6}},"ao":0,"ip":85,"op":87.5,"st":85,"bm":0},{"ddd":0,"ind":36,"ty":2,"nm":"dingzhi+Q.2238954086.....035.jpg","cl":"2238954086     035 jpg","refId":"image_35","sr":1,"ks":{"o":{"a":0,"k":100,"ix":11},"r":{"a":0,"k":0,"ix":10},"p":{"a":0,"k":[155,275.5,0],"ix":2},"a":{"a":0,"k":[155,275.5,0],"ix":1},"s":{"a":0,"k":[100,100,100],"ix":6}},"ao":0,"ip":87.5,"op":90,"st":87.5,"bm":0},{"ddd":0,"ind":37,"ty":2,"nm":"dingzhi+Q.2238954086.....036.jpg","cl":"2238954086     036 jpg","refId":"image_36","sr":1,"ks":{"o":{"a":0,"k":100,"ix":11},"r":{"a":0,"k":0,"ix":10},"p":{"a":0,"k":[155,275.5,0],"ix":2},"a":{"a":0,"k":[155,275.5,0],"ix":1},"s":{"a":0,"k":[100,100,100],"ix":6}},"ao":0,"ip":90,"op":92.5,"st":90,"bm":0},{"ddd":0,"ind":38,"ty":2,"nm":"dingzhi+Q.2238954086.....037.jpg","cl":"2238954086     037 jpg","refId":"image_37","sr":1,"ks":{"o":{"a":0,"k":100,"ix":11},"r":{"a":0,"k":0,"ix":10},"p":{"a":0,"k":[155,275.5,0],"ix":2},"a":{"a":0,"k":[155,275.5,0],"ix":1},"s":{"a":0,"k":[100,100,100],"ix":6}},"ao":0,"ip":92.5,"op":95,"st":92.5,"bm":0},{"ddd":0,"ind":39,"ty":2,"nm":"dingzhi+Q.2238954086.....038.jpg","cl":"2238954086     038 jpg","refId":"image_38","sr":1,"ks":{"o":{"a":0,"k":100,"ix":11},"r":{"a":0,"k":0,"ix":10},"p":{"a":0,"k":[155,275.5,0],"ix":2},"a":{"a":0,"k":[155,275.5,0],"ix":1},"s":{"a":0,"k":[100,100,100],"ix":6}},"ao":0,"ip":95,"op":97.5,"st":95,"bm":0},{"ddd":0,"ind":40,"ty":2,"nm":"dingzhi+Q.2238954086.....039.jpg","cl":"2238954086     039 jpg","refId":"image_39","sr":1,"ks":{"o":{"a":0,"k":100,"ix":11},"r":{"a":0,"k":0,"ix":10},"p":{"a":0,"k":[155,275.5,0],"ix":2},"a":{"a":0,"k":[155,275.5,0],"ix":1},"s":{"a":0,"k":[100,100,100],"ix":6}},"ao":0,"ip":97.5,"op":100,"st":97.5,"bm":0},{"ddd":0,"ind":41,"ty":2,"nm":"dingzhi+Q.2238954086.....040.jpg","cl":"2238954086     040 jpg","refId":"image_40","sr":1,"ks":{"o":{"a":0,"k":100,"ix":11},"r":{"a":0,"k":0,"ix":10},"p":{"a":0,"k":[155,275.5,0],"ix":2},"a":{"a":0,"k":[155,275.5,0],"ix":1},"s":{"a":0,"k":[100,100,100],"ix":6}},"ao":0,"ip":100,"op":102.5,"st":100,"bm":0},{"ddd":0,"ind":42,"ty":2,"nm":"dingzhi+Q.2238954086.....041.jpg","cl":"2238954086     041 jpg","refId":"image_41","sr":1,"ks":{"o":{"a":0,"k":100,"ix":11},"r":{"a":0,"k":0,"ix":10},"p":{"a":0,"k":[155,275.5,0],"ix":2},"a":{"a":0,"k":[155,275.5,0],"ix":1},"s":{"a":0,"k":[100,100,100],"ix":6}},"ao":0,"ip":102.5,"op":105,"st":102.5,"bm":0},{"ddd":0,"ind":43,"ty":2,"nm":"dingzhi+Q.2238954086.....042.jpg","cl":"2238954086     042 jpg","refId":"image_42","sr":1,"ks":{"o":{"a":0,"k":100,"ix":11},"r":{"a":0,"k":0,"ix":10},"p":{"a":0,"k":[155,275.5,0],"ix":2},"a":{"a":0,"k":[155,275.5,0],"ix":1},"s":{"a":0,"k":[100,100,100],"ix":6}},"ao":0,"ip":105,"op":107.5,"st":105,"bm":0},{"ddd":0,"ind":44,"ty":2,"nm":"dingzhi+Q.2238954086.....043.jpg","cl":"2238954086     043 jpg","refId":"image_43","sr":1,"ks":{"o":{"a":0,"k":100,"ix":11},"r":{"a":0,"k":0,"ix":10},"p":{"a":0,"k":[155,275.5,0],"ix":2},"a":{"a":0,"k":[155,275.5,0],"ix":1},"s":{"a":0,"k":[100,100,100],"ix":6}},"ao":0,"ip":107.5,"op":110,"st":107.5,"bm":0},{"ddd":0,"ind":45,"ty":2,"nm":"dingzhi+Q.2238954086.....044.jpg","cl":"2238954086     044 jpg","refId":"image_44","sr":1,"ks":{"o":{"a":0,"k":100,"ix":11},"r":{"a":0,"k":0,"ix":10},"p":{"a":0,"k":[155,275.5,0],"ix":2},"a":{"a":0,"k":[155,275.5,0],"ix":1},"s":{"a":0,"k":[100,100,100],"ix":6}},"ao":0,"ip":110,"op":112.5,"st":110,"bm":0},{"ddd":0,"ind":46,"ty":2,"nm":"dingzhi+Q.2238954086.....045.jpg","cl":"2238954086     045 jpg","refId":"image_45","sr":1,"ks":{"o":{"a":0,"k":100,"ix":11},"r":{"a":0,"k":0,"ix":10},"p":{"a":0,"k":[155,275.5,0],"ix":2},"a":{"a":0,"k":[155,275.5,0],"ix":1},"s":{"a":0,"k":[100,100,100],"ix":6}},"ao":0,"ip":112.5,"op":115,"st":112.5,"bm":0},{"ddd":0,"ind":47,"ty":2,"nm":"dingzhi+Q.2238954086.....046.jpg","cl":"2238954086     046 jpg","refId":"image_46","sr":1,"ks":{"o":{"a":0,"k":100,"ix":11},"r":{"a":0,"k":0,"ix":10},"p":{"a":0,"k":[155,275.5,0],"ix":2},"a":{"a":0,"k":[155,275.5,0],"ix":1},"s":{"a":0,"k":[100,100,100],"ix":6}},"ao":0,"ip":115,"op":117.5,"st":115,"bm":0},{"ddd":0,"ind":48,"ty":2,"nm":"dingzhi+Q.2238954086.....047.jpg","cl":"2238954086     047 jpg","refId":"image_47","sr":1,"ks":{"o":{"a":0,"k":100,"ix":11},"r":{"a":0,"k":0,"ix":10},"p":{"a":0,"k":[155,275.5,0],"ix":2},"a":{"a":0,"k":[155,275.5,0],"ix":1},"s":{"a":0,"k":[100,100,100],"ix":6}},"ao":0,"ip":117.5,"op":120,"st":117.5,"bm":0},{"ddd":0,"ind":49,"ty":2,"nm":"dingzhi+Q.2238954086.....048.jpg","cl":"2238954086     048 jpg","refId":"image_48","sr":1,"ks":{"o":{"a":0,"k":100,"ix":11},"r":{"a":0,"k":0,"ix":10},"p":{"a":0,"k":[155,275.5,0],"ix":2},"a":{"a":0,"k":[155,275.5,0],"ix":1},"s":{"a":0,"k":[100,100,100],"ix":6}},"ao":0,"ip":120,"op":122.5,"st":120,"bm":0},{"ddd":0,"ind":50,"ty":2,"nm":"dingzhi+Q.2238954086.....049.jpg","cl":"2238954086     049 jpg","refId":"image_49","sr":1,"ks":{"o":{"a":0,"k":100,"ix":11},"r":{"a":0,"k":0,"ix":10},"p":{"a":0,"k":[155,275.5,0],"ix":2},"a":{"a":0,"k":[155,275.5,0],"ix":1},"s":{"a":0,"k":[100,100,100],"ix":6}},"ao":0,"ip":122.5,"op":125,"st":122.5,"bm":0},{"ddd":0,"ind":51,"ty":2,"nm":"dingzhi+Q.2238954086.....050.jpg","cl":"2238954086     050 jpg","refId":"image_50","sr":1,"ks":{"o":{"a":0,"k":100,"ix":11},"r":{"a":0,"k":0,"ix":10},"p":{"a":0,"k":[155,275.5,0],"ix":2},"a":{"a":0,"k":[155,275.5,0],"ix":1},"s":{"a":0,"k":[100,100,100],"ix":6}},"ao":0,"ip":125,"op":127.5,"st":125,"bm":0},{"ddd":0,"ind":52,"ty":2,"nm":"dingzhi+Q.2238954086.....051.jpg","cl":"2238954086     051 jpg","refId":"image_51","sr":1,"ks":{"o":{"a":0,"k":100,"ix":11},"r":{"a":0,"k":0,"ix":10},"p":{"a":0,"k":[155,275.5,0],"ix":2},"a":{"a":0,"k":[155,275.5,0],"ix":1},"s":{"a":0,"k":[100,100,100],"ix":6}},"ao":0,"ip":127.5,"op":130,"st":127.5,"bm":0},{"ddd":0,"ind":53,"ty":2,"nm":"dingzhi+Q.2238954086.....052.jpg","cl":"2238954086     052 jpg","refId":"image_52","sr":1,"ks":{"o":{"a":0,"k":100,"ix":11},"r":{"a":0,"k":0,"ix":10},"p":{"a":0,"k":[155,275.5,0],"ix":2},"a":{"a":0,"k":[155,275.5,0],"ix":1},"s":{"a":0,"k":[100,100,100],"ix":6}},"ao":0,"ip":130,"op":132.5,"st":130,"bm":0},{"ddd":0,"ind":54,"ty":2,"nm":"dingzhi+Q.2238954086.....053.jpg","cl":"2238954086     053 jpg","refId":"image_53","sr":1,"ks":{"o":{"a":0,"k":100,"ix":11},"r":{"a":0,"k":0,"ix":10},"p":{"a":0,"k":[155,275.5,0],"ix":2},"a":{"a":0,"k":[155,275.5,0],"ix":1},"s":{"a":0,"k":[100,100,100],"ix":6}},"ao":0,"ip":132.5,"op":135,"st":132.5,"bm":0},{"ddd":0,"ind":55,"ty":2,"nm":"dingzhi+Q.2238954086.....054.jpg","cl":"2238954086     054 jpg","refId":"image_54","sr":1,"ks":{"o":{"a":0,"k":100,"ix":11},"r":{"a":0,"k":0,"ix":10},"p":{"a":0,"k":[155,275.5,0],"ix":2},"a":{"a":0,"k":[155,275.5,0],"ix":1},"s":{"a":0,"k":[100,100,100],"ix":6}},"ao":0,"ip":135,"op":137.5,"st":135,"bm":0},{"ddd":0,"ind":56,"ty":2,"nm":"dingzhi+Q.2238954086.....055.jpg","cl":"2238954086     055 jpg","refId":"image_55","sr":1,"ks":{"o":{"a":0,"k":100,"ix":11},"r":{"a":0,"k":0,"ix":10},"p":{"a":0,"k":[155,275.5,0],"ix":2},"a":{"a":0,"k":[155,275.5,0],"ix":1},"s":{"a":0,"k":[100,100,100],"ix":6}},"ao":0,"ip":137.5,"op":140,"st":137.5,"bm":0},{"ddd":0,"ind":57,"ty":2,"nm":"dingzhi+Q.2238954086.....056.jpg","cl":"2238954086     056 jpg","refId":"image_56","sr":1,"ks":{"o":{"a":0,"k":100,"ix":11},"r":{"a":0,"k":0,"ix":10},"p":{"a":0,"k":[155,275.5,0],"ix":2},"a":{"a":0,"k":[155,275.5,0],"ix":1},"s":{"a":0,"k":[100,100,100],"ix":6}},"ao":0,"ip":140,"op":142.5,"st":140,"bm":0},{"ddd":0,"ind":58,"ty":2,"nm":"dingzhi+Q.2238954086.....057.jpg","cl":"2238954086     057 jpg","refId":"image_57","sr":1,"ks":{"o":{"a":0,"k":100,"ix":11},"r":{"a":0,"k":0,"ix":10},"p":{"a":0,"k":[155,275.5,0],"ix":2},"a":{"a":0,"k":[155,275.5,0],"ix":1},"s":{"a":0,"k":[100,100,100],"ix":6}},"ao":0,"ip":142.5,"op":145,"st":142.5,"bm":0},{"ddd":0,"ind":59,"ty":2,"nm":"dingzhi+Q.2238954086.....058.jpg","cl":"2238954086     058 jpg","refId":"image_58","sr":1,"ks":{"o":{"a":0,"k":100,"ix":11},"r":{"a":0,"k":0,"ix":10},"p":{"a":0,"k":[155,275.5,0],"ix":2},"a":{"a":0,"k":[155,275.5,0],"ix":1},"s":{"a":0,"k":[100,100,100],"ix":6}},"ao":0,"ip":145,"op":147.5,"st":145,"bm":0},{"ddd":0,"ind":60,"ty":2,"nm":"dingzhi+Q.2238954086.....059.jpg","cl":"2238954086     059 jpg","refId":"image_59","sr":1,"ks":{"o":{"a":0,"k":100,"ix":11},"r":{"a":0,"k":0,"ix":10},"p":{"a":0,"k":[155,275.5,0],"ix":2},"a":{"a":0,"k":[155,275.5,0],"ix":1},"s":{"a":0,"k":[100,100,100],"ix":6}},"ao":0,"ip":147.5,"op":150,"st":147.5,"bm":0},{"ddd":0,"ind":61,"ty":2,"nm":"dingzhi+Q.2238954086.....060.jpg","cl":"2238954086     060 jpg","refId":"image_60","sr":1,"ks":{"o":{"a":0,"k":100,"ix":11},"r":{"a":0,"k":0,"ix":10},"p":{"a":0,"k":[155,275.5,0],"ix":2},"a":{"a":0,"k":[155,275.5,0],"ix":1},"s":{"a":0,"k":[100,100,100],"ix":6}},"ao":0,"ip":150,"op":152.5,"st":150,"bm":0},{"ddd":0,"ind":62,"ty":2,"nm":"dingzhi+Q.2238954086.....061.jpg","cl":"2238954086     061 jpg","refId":"image_61","sr":1,"ks":{"o":{"a":0,"k":100,"ix":11},"r":{"a":0,"k":0,"ix":10},"p":{"a":0,"k":[155,275.5,0],"ix":2},"a":{"a":0,"k":[155,275.5,0],"ix":1},"s":{"a":0,"k":[100,100,100],"ix":6}},"ao":0,"ip":152.5,"op":155,"st":152.5,"bm":0},{"ddd":0,"ind":63,"ty":2,"nm":"dingzhi+Q.2238954086.....062.jpg","cl":"2238954086     062 jpg","refId":"image_62","sr":1,"ks":{"o":{"a":0,"k":100,"ix":11},"r":{"a":0,"k":0,"ix":10},"p":{"a":0,"k":[155,275.5,0],"ix":2},"a":{"a":0,"k":[155,275.5,0],"ix":1},"s":{"a":0,"k":[100,100,100],"ix":6}},"ao":0,"ip":155,"op":157.5,"st":155,"bm":0},{"ddd":0,"ind":64,"ty":2,"nm":"dingzhi+Q.2238954086.....063.jpg","cl":"2238954086     063 jpg","refId":"image_63","sr":1,"ks":{"o":{"a":0,"k":100,"ix":11},"r":{"a":0,"k":0,"ix":10},"p":{"a":0,"k":[155,275.5,0],"ix":2},"a":{"a":0,"k":[155,275.5,0],"ix":1},"s":{"a":0,"k":[100,100,100],"ix":6}},"ao":0,"ip":157.5,"op":160,"st":157.5,"bm":0},{"ddd":0,"ind":65,"ty":2,"nm":"dingzhi+Q.2238954086.....064.jpg","cl":"2238954086     064 jpg","refId":"image_64","sr":1,"ks":{"o":{"a":0,"k":100,"ix":11},"r":{"a":0,"k":0,"ix":10},"p":{"a":0,"k":[155,275.5,0],"ix":2},"a":{"a":0,"k":[155,275.5,0],"ix":1},"s":{"a":0,"k":[100,100,100],"ix":6}},"ao":0,"ip":160,"op":162.5,"st":160,"bm":0},{"ddd":0,"ind":66,"ty":2,"nm":"dingzhi+Q.2238954086.....065.jpg","cl":"2238954086     065 jpg","refId":"image_65","sr":1,"ks":{"o":{"a":0,"k":100,"ix":11},"r":{"a":0,"k":0,"ix":10},"p":{"a":0,"k":[155,275.5,0],"ix":2},"a":{"a":0,"k":[155,275.5,0],"ix":1},"s":{"a":0,"k":[100,100,100],"ix":6}},"ao":0,"ip":162.5,"op":165,"st":162.5,"bm":0},{"ddd":0,"ind":67,"ty":2,"nm":"dingzhi+Q.2238954086.....066.jpg","cl":"2238954086     066 jpg","refId":"image_66","sr":1,"ks":{"o":{"a":0,"k":100,"ix":11},"r":{"a":0,"k":0,"ix":10},"p":{"a":0,"k":[155,275.5,0],"ix":2},"a":{"a":0,"k":[155,275.5,0],"ix":1},"s":{"a":0,"k":[100,100,100],"ix":6}},"ao":0,"ip":165,"op":167.5,"st":165,"bm":0},{"ddd":0,"ind":68,"ty":2,"nm":"dingzhi+Q.2238954086.....067.jpg","cl":"2238954086     067 jpg","refId":"image_67","sr":1,"ks":{"o":{"a":0,"k":100,"ix":11},"r":{"a":0,"k":0,"ix":10},"p":{"a":0,"k":[155,275.5,0],"ix":2},"a":{"a":0,"k":[155,275.5,0],"ix":1},"s":{"a":0,"k":[100,100,100],"ix":6}},"ao":0,"ip":167.5,"op":170,"st":167.5,"bm":0},{"ddd":0,"ind":69,"ty":2,"nm":"dingzhi+Q.2238954086.....068.jpg","cl":"2238954086     068 jpg","refId":"image_68","sr":1,"ks":{"o":{"a":0,"k":100,"ix":11},"r":{"a":0,"k":0,"ix":10},"p":{"a":0,"k":[155,275.5,0],"ix":2},"a":{"a":0,"k":[155,275.5,0],"ix":1},"s":{"a":0,"k":[100,100,100],"ix":6}},"ao":0,"ip":170,"op":172.5,"st":170,"bm":0},{"ddd":0,"ind":70,"ty":2,"nm":"dingzhi+Q.2238954086.....069.jpg","cl":"2238954086     069 jpg","refId":"image_69","sr":1,"ks":{"o":{"a":0,"k":100,"ix":11},"r":{"a":0,"k":0,"ix":10},"p":{"a":0,"k":[155,275.5,0],"ix":2},"a":{"a":0,"k":[155,275.5,0],"ix":1},"s":{"a":0,"k":[100,100,100],"ix":6}},"ao":0,"ip":172.5,"op":175,"st":172.5,"bm":0},{"ddd":0,"ind":71,"ty":2,"nm":"dingzhi+Q.2238954086.....070.jpg","cl":"2238954086     070 jpg","refId":"image_70","sr":1,"ks":{"o":{"a":0,"k":100,"ix":11},"r":{"a":0,"k":0,"ix":10},"p":{"a":0,"k":[155,275.5,0],"ix":2},"a":{"a":0,"k":[155,275.5,0],"ix":1},"s":{"a":0,"k":[100,100,100],"ix":6}},"ao":0,"ip":175,"op":177.5,"st":175,"bm":0},{"ddd":0,"ind":72,"ty":2,"nm":"dingzhi+Q.2238954086.....071.jpg","cl":"2238954086     071 jpg","refId":"image_71","sr":1,"ks":{"o":{"a":0,"k":100,"ix":11},"r":{"a":0,"k":0,"ix":10},"p":{"a":0,"k":[155,275.5,0],"ix":2},"a":{"a":0,"k":[155,275.5,0],"ix":1},"s":{"a":0,"k":[100,100,100],"ix":6}},"ao":0,"ip":177.5,"op":180,"st":177.5,"bm":0},{"ddd":0,"ind":73,"ty":2,"nm":"dingzhi+Q.2238954086.....072.jpg","cl":"2238954086     072 jpg","refId":"image_72","sr":1,"ks":{"o":{"a":0,"k":100,"ix":11},"r":{"a":0,"k":0,"ix":10},"p":{"a":0,"k":[155,275.5,0],"ix":2},"a":{"a":0,"k":[155,275.5,0],"ix":1},"s":{"a":0,"k":[100,100,100],"ix":6}},"ao":0,"ip":180,"op":182.5,"st":180,"bm":0},{"ddd":0,"ind":74,"ty":2,"nm":"dingzhi+Q.2238954086.....073.jpg","cl":"2238954086     073 jpg","refId":"image_73","sr":1,"ks":{"o":{"a":0,"k":100,"ix":11},"r":{"a":0,"k":0,"ix":10},"p":{"a":0,"k":[155,275.5,0],"ix":2},"a":{"a":0,"k":[155,275.5,0],"ix":1},"s":{"a":0,"k":[100,100,100],"ix":6}},"ao":0,"ip":182.5,"op":185,"st":182.5,"bm":0},{"ddd":0,"ind":75,"ty":2,"nm":"dingzhi+Q.2238954086.....074.jpg","cl":"2238954086     074 jpg","refId":"image_74","sr":1,"ks":{"o":{"a":0,"k":100,"ix":11},"r":{"a":0,"k":0,"ix":10},"p":{"a":0,"k":[155,275.5,0],"ix":2},"a":{"a":0,"k":[155,275.5,0],"ix":1},"s":{"a":0,"k":[100,100,100],"ix":6}},"ao":0,"ip":185,"op":187.5,"st":185,"bm":0},{"ddd":0,"ind":76,"ty":2,"nm":"dingzhi+Q.2238954086.....075.jpg","cl":"2238954086     075 jpg","refId":"image_75","sr":1,"ks":{"o":{"a":0,"k":100,"ix":11},"r":{"a":0,"k":0,"ix":10},"p":{"a":0,"k":[155,275.5,0],"ix":2},"a":{"a":0,"k":[155,275.5,0],"ix":1},"s":{"a":0,"k":[100,100,100],"ix":6}},"ao":0,"ip":187.5,"op":190,"st":187.5,"bm":0},{"ddd":0,"ind":77,"ty":2,"nm":"dingzhi+Q.2238954086.....076.jpg","cl":"2238954086     076 jpg","refId":"image_76","sr":1,"ks":{"o":{"a":0,"k":100,"ix":11},"r":{"a":0,"k":0,"ix":10},"p":{"a":0,"k":[155,275.5,0],"ix":2},"a":{"a":0,"k":[155,275.5,0],"ix":1},"s":{"a":0,"k":[100,100,100],"ix":6}},"ao":0,"ip":190,"op":192.5,"st":190,"bm":0},{"ddd":0,"ind":78,"ty":2,"nm":"dingzhi+Q.2238954086.....077.jpg","cl":"2238954086     077 jpg","refId":"image_77","sr":1,"ks":{"o":{"a":0,"k":100,"ix":11},"r":{"a":0,"k":0,"ix":10},"p":{"a":0,"k":[155,275.5,0],"ix":2},"a":{"a":0,"k":[155,275.5,0],"ix":1},"s":{"a":0,"k":[100,100,100],"ix":6}},"ao":0,"ip":192.5,"op":195,"st":192.5,"bm":0},{"ddd":0,"ind":79,"ty":2,"nm":"dingzhi+Q.2238954086.....078.jpg","cl":"2238954086     078 jpg","refId":"image_78","sr":1,"ks":{"o":{"a":0,"k":100,"ix":11},"r":{"a":0,"k":0,"ix":10},"p":{"a":0,"k":[155,275.5,0],"ix":2},"a":{"a":0,"k":[155,275.5,0],"ix":1},"s":{"a":0,"k":[100,100,100],"ix":6}},"ao":0,"ip":195,"op":197.5,"st":195,"bm":0},{"ddd":0,"ind":80,"ty":2,"nm":"dingzhi+Q.2238954086.....079.jpg","cl":"2238954086     079 jpg","refId":"image_79","sr":1,"ks":{"o":{"a":0,"k":100,"ix":11},"r":{"a":0,"k":0,"ix":10},"p":{"a":0,"k":[155,275.5,0],"ix":2},"a":{"a":0,"k":[155,275.5,0],"ix":1},"s":{"a":0,"k":[100,100,100],"ix":6}},"ao":0,"ip":197.5,"op":200,"st":197.5,"bm":0},{"ddd":0,"ind":81,"ty":2,"nm":"dingzhi+Q.2238954086.....080.jpg","cl":"2238954086     080 jpg","refId":"image_80","sr":1,"ks":{"o":{"a":0,"k":100,"ix":11},"r":{"a":0,"k":0,"ix":10},"p":{"a":0,"k":[155,275.5,0],"ix":2},"a":{"a":0,"k":[155,275.5,0],"ix":1},"s":{"a":0,"k":[100,100,100],"ix":6}},"ao":0,"ip":200,"op":202.5,"st":200,"bm":0},{"ddd":0,"ind":82,"ty":2,"nm":"dingzhi+Q.2238954086.....081.jpg","cl":"2238954086     081 jpg","refId":"image_81","sr":1,"ks":{"o":{"a":0,"k":100,"ix":11},"r":{"a":0,"k":0,"ix":10},"p":{"a":0,"k":[155,275.5,0],"ix":2},"a":{"a":0,"k":[155,275.5,0],"ix":1},"s":{"a":0,"k":[100,100,100],"ix":6}},"ao":0,"ip":202.5,"op":205,"st":202.5,"bm":0},{"ddd":0,"ind":83,"ty":2,"nm":"dingzhi+Q.2238954086.....082.jpg","cl":"2238954086     082 jpg","refId":"image_82","sr":1,"ks":{"o":{"a":0,"k":100,"ix":11},"r":{"a":0,"k":0,"ix":10},"p":{"a":0,"k":[155,275.5,0],"ix":2},"a":{"a":0,"k":[155,275.5,0],"ix":1},"s":{"a":0,"k":[100,100,100],"ix":6}},"ao":0,"ip":205,"op":207.5,"st":205,"bm":0},{"ddd":0,"ind":84,"ty":2,"nm":"dingzhi+Q.2238954086.....083.jpg","cl":"2238954086     083 jpg","refId":"image_83","sr":1,"ks":{"o":{"a":0,"k":100,"ix":11},"r":{"a":0,"k":0,"ix":10},"p":{"a":0,"k":[155,275.5,0],"ix":2},"a":{"a":0,"k":[155,275.5,0],"ix":1},"s":{"a":0,"k":[100,100,100],"ix":6}},"ao":0,"ip":207.5,"op":210,"st":207.5,"bm":0},{"ddd":0,"ind":85,"ty":2,"nm":"dingzhi+Q.2238954086.....084.jpg","cl":"2238954086     084 jpg","refId":"image_84","sr":1,"ks":{"o":{"a":0,"k":100,"ix":11},"r":{"a":0,"k":0,"ix":10},"p":{"a":0,"k":[155,275.5,0],"ix":2},"a":{"a":0,"k":[155,275.5,0],"ix":1},"s":{"a":0,"k":[100,100,100],"ix":6}},"ao":0,"ip":210,"op":212.5,"st":210,"bm":0},{"ddd":0,"ind":86,"ty":2,"nm":"dingzhi+Q.2238954086.....085.jpg","cl":"2238954086     085 jpg","refId":"image_85","sr":1,"ks":{"o":{"a":0,"k":100,"ix":11},"r":{"a":0,"k":0,"ix":10},"p":{"a":0,"k":[155,275.5,0],"ix":2},"a":{"a":0,"k":[155,275.5,0],"ix":1},"s":{"a":0,"k":[100,100,100],"ix":6}},"ao":0,"ip":212.5,"op":215,"st":212.5,"bm":0},{"ddd":0,"ind":87,"ty":2,"nm":"dingzhi+Q.2238954086.....086.jpg","cl":"2238954086     086 jpg","refId":"image_86","sr":1,"ks":{"o":{"a":0,"k":100,"ix":11},"r":{"a":0,"k":0,"ix":10},"p":{"a":0,"k":[155,275.5,0],"ix":2},"a":{"a":0,"k":[155,275.5,0],"ix":1},"s":{"a":0,"k":[100,100,100],"ix":6}},"ao":0,"ip":215,"op":217.5,"st":215,"bm":0},{"ddd":0,"ind":88,"ty":2,"nm":"dingzhi+Q.2238954086.....087.jpg","cl":"2238954086     087 jpg","refId":"image_87","sr":1,"ks":{"o":{"a":0,"k":100,"ix":11},"r":{"a":0,"k":0,"ix":10},"p":{"a":0,"k":[155,275.5,0],"ix":2},"a":{"a":0,"k":[155,275.5,0],"ix":1},"s":{"a":0,"k":[100,100,100],"ix":6}},"ao":0,"ip":217.5,"op":220,"st":217.5,"bm":0},{"ddd":0,"ind":89,"ty":2,"nm":"dingzhi+Q.2238954086.....088.jpg","cl":"2238954086     088 jpg","refId":"image_88","sr":1,"ks":{"o":{"a":0,"k":100,"ix":11},"r":{"a":0,"k":0,"ix":10},"p":{"a":0,"k":[155,275.5,0],"ix":2},"a":{"a":0,"k":[155,275.5,0],"ix":1},"s":{"a":0,"k":[100,100,100],"ix":6}},"ao":0,"ip":220,"op":222.5,"st":220,"bm":0},{"ddd":0,"ind":90,"ty":2,"nm":"dingzhi+Q.2238954086.....089.jpg","cl":"2238954086     089 jpg","refId":"image_89","sr":1,"ks":{"o":{"a":0,"k":100,"ix":11},"r":{"a":0,"k":0,"ix":10},"p":{"a":0,"k":[155,275.5,0],"ix":2},"a":{"a":0,"k":[155,275.5,0],"ix":1},"s":{"a":0,"k":[100,100,100],"ix":6}},"ao":0,"ip":222.5,"op":225,"st":222.5,"bm":0},{"ddd":0,"ind":91,"ty":2,"nm":"dingzhi+Q.2238954086.....090.jpg","cl":"2238954086     090 jpg","refId":"image_90","sr":1,"ks":{"o":{"a":0,"k":100,"ix":11},"r":{"a":0,"k":0,"ix":10},"p":{"a":0,"k":[155,275.5,0],"ix":2},"a":{"a":0,"k":[155,275.5,0],"ix":1},"s":{"a":0,"k":[100,100,100],"ix":6}},"ao":0,"ip":225,"op":227.5,"st":225,"bm":0},{"ddd":0,"ind":92,"ty":2,"nm":"dingzhi+Q.2238954086.....091.jpg","cl":"2238954086     091 jpg","refId":"image_91","sr":1,"ks":{"o":{"a":0,"k":100,"ix":11},"r":{"a":0,"k":0,"ix":10},"p":{"a":0,"k":[155,275.5,0],"ix":2},"a":{"a":0,"k":[155,275.5,0],"ix":1},"s":{"a":0,"k":[100,100,100],"ix":6}},"ao":0,"ip":227.5,"op":230,"st":227.5,"bm":0},{"ddd":0,"ind":93,"ty":2,"nm":"dingzhi+Q.2238954086.....092.jpg","cl":"2238954086     092 jpg","refId":"image_92","sr":1,"ks":{"o":{"a":0,"k":100,"ix":11},"r":{"a":0,"k":0,"ix":10},"p":{"a":0,"k":[155,275.5,0],"ix":2},"a":{"a":0,"k":[155,275.5,0],"ix":1},"s":{"a":0,"k":[100,100,100],"ix":6}},"ao":0,"ip":230,"op":232.5,"st":230,"bm":0},{"ddd":0,"ind":94,"ty":2,"nm":"dingzhi+Q.2238954086.....093.jpg","cl":"2238954086     093 jpg","refId":"image_93","sr":1,"ks":{"o":{"a":0,"k":100,"ix":11},"r":{"a":0,"k":0,"ix":10},"p":{"a":0,"k":[155,275.5,0],"ix":2},"a":{"a":0,"k":[155,275.5,0],"ix":1},"s":{"a":0,"k":[100,100,100],"ix":6}},"ao":0,"ip":232.5,"op":235,"st":232.5,"bm":0},{"ddd":0,"ind":95,"ty":2,"nm":"dingzhi+Q.2238954086.....094.jpg","cl":"2238954086     094 jpg","refId":"image_94","sr":1,"ks":{"o":{"a":0,"k":100,"ix":11},"r":{"a":0,"k":0,"ix":10},"p":{"a":0,"k":[155,275.5,0],"ix":2},"a":{"a":0,"k":[155,275.5,0],"ix":1},"s":{"a":0,"k":[100,100,100],"ix":6}},"ao":0,"ip":235,"op":237.5,"st":235,"bm":0},{"ddd":0,"ind":96,"ty":2,"nm":"dingzhi+Q.2238954086.....095.jpg","cl":"2238954086     095 jpg","refId":"image_95","sr":1,"ks":{"o":{"a":0,"k":100,"ix":11},"r":{"a":0,"k":0,"ix":10},"p":{"a":0,"k":[155,275.5,0],"ix":2},"a":{"a":0,"k":[155,275.5,0],"ix":1},"s":{"a":0,"k":[100,100,100],"ix":6}},"ao":0,"ip":237.5,"op":240,"st":237.5,"bm":0},{"ddd":0,"ind":97,"ty":2,"nm":"dingzhi+Q.2238954086.....096.jpg","cl":"2238954086     096 jpg","refId":"image_96","sr":1,"ks":{"o":{"a":0,"k":100,"ix":11},"r":{"a":0,"k":0,"ix":10},"p":{"a":0,"k":[155,275.5,0],"ix":2},"a":{"a":0,"k":[155,275.5,0],"ix":1},"s":{"a":0,"k":[100,100,100],"ix":6}},"ao":0,"ip":240,"op":242.5,"st":240,"bm":0},{"ddd":0,"ind":98,"ty":2,"nm":"dingzhi+Q.2238954086.....097.jpg","cl":"2238954086     097 jpg","refId":"image_97","sr":1,"ks":{"o":{"a":0,"k":100,"ix":11},"r":{"a":0,"k":0,"ix":10},"p":{"a":0,"k":[155,275.5,0],"ix":2},"a":{"a":0,"k":[155,275.5,0],"ix":1},"s":{"a":0,"k":[100,100,100],"ix":6}},"ao":0,"ip":242.5,"op":245,"st":242.5,"bm":0},{"ddd":0,"ind":99,"ty":2,"nm":"dingzhi+Q.2238954086.....098.jpg","cl":"2238954086     098 jpg","refId":"image_98","sr":1,"ks":{"o":{"a":0,"k":100,"ix":11},"r":{"a":0,"k":0,"ix":10},"p":{"a":0,"k":[155,275.5,0],"ix":2},"a":{"a":0,"k":[155,275.5,0],"ix":1},"s":{"a":0,"k":[100,100,100],"ix":6}},"ao":0,"ip":245,"op":247.5,"st":245,"bm":0},{"ddd":0,"ind":100,"ty":2,"nm":"dingzhi+Q.2238954086.....099.jpg","cl":"2238954086     099 jpg","refId":"image_99","sr":1,"ks":{"o":{"a":0,"k":100,"ix":11},"r":{"a":0,"k":0,"ix":10},"p":{"a":0,"k":[155,275.5,0],"ix":2},"a":{"a":0,"k":[155,275.5,0],"ix":1},"s":{"a":0,"k":[100,100,100],"ix":6}},"ao":0,"ip":247.5,"op":250,"st":247.5,"bm":0},{"ddd":0,"ind":101,"ty":2,"nm":"dingzhi+Q.2238954086.....100.jpg","cl":"2238954086     100 jpg","refId":"image_100","sr":1,"ks":{"o":{"a":0,"k":100,"ix":11},"r":{"a":0,"k":0,"ix":10},"p":{"a":0,"k":[155,275.5,0],"ix":2},"a":{"a":0,"k":[155,275.5,0],"ix":1},"s":{"a":0,"k":[100,100,100],"ix":6}},"ao":0,"ip":250,"op":252.5,"st":250,"bm":0},{"ddd":0,"ind":102,"ty":2,"nm":"dingzhi+Q.2238954086.....101.jpg","cl":"2238954086     101 jpg","refId":"image_101","sr":1,"ks":{"o":{"a":0,"k":100,"ix":11},"r":{"a":0,"k":0,"ix":10},"p":{"a":0,"k":[155,275.5,0],"ix":2},"a":{"a":0,"k":[155,275.5,0],"ix":1},"s":{"a":0,"k":[100,100,100],"ix":6}},"ao":0,"ip":252.5,"op":255,"st":252.5,"bm":0},{"ddd":0,"ind":103,"ty":2,"nm":"dingzhi+Q.2238954086.....102.jpg","cl":"2238954086     102 jpg","refId":"image_102","sr":1,"ks":{"o":{"a":0,"k":100,"ix":11},"r":{"a":0,"k":0,"ix":10},"p":{"a":0,"k":[155,275.5,0],"ix":2},"a":{"a":0,"k":[155,275.5,0],"ix":1},"s":{"a":0,"k":[100,100,100],"ix":6}},"ao":0,"ip":255,"op":257.5,"st":255,"bm":0},{"ddd":0,"ind":104,"ty":2,"nm":"dingzhi+Q.2238954086.....103.jpg","cl":"2238954086     103 jpg","refId":"image_103","sr":1,"ks":{"o":{"a":0,"k":100,"ix":11},"r":{"a":0,"k":0,"ix":10},"p":{"a":0,"k":[155,275.5,0],"ix":2},"a":{"a":0,"k":[155,275.5,0],"ix":1},"s":{"a":0,"k":[100,100,100],"ix":6}},"ao":0,"ip":257.5,"op":260,"st":257.5,"bm":0},{"ddd":0,"ind":105,"ty":2,"nm":"dingzhi+Q.2238954086.....104.jpg","cl":"2238954086     104 jpg","refId":"image_104","sr":1,"ks":{"o":{"a":0,"k":100,"ix":11},"r":{"a":0,"k":0,"ix":10},"p":{"a":0,"k":[155,275.5,0],"ix":2},"a":{"a":0,"k":[155,275.5,0],"ix":1},"s":{"a":0,"k":[100,100,100],"ix":6}},"ao":0,"ip":260,"op":262.5,"st":260,"bm":0},{"ddd":0,"ind":106,"ty":2,"nm":"dingzhi+Q.2238954086.....105.jpg","cl":"2238954086     105 jpg","refId":"image_105","sr":1,"ks":{"o":{"a":0,"k":100,"ix":11},"r":{"a":0,"k":0,"ix":10},"p":{"a":0,"k":[155,275.5,0],"ix":2},"a":{"a":0,"k":[155,275.5,0],"ix":1},"s":{"a":0,"k":[100,100,100],"ix":6}},"ao":0,"ip":262.5,"op":265,"st":262.5,"bm":0},{"ddd":0,"ind":107,"ty":2,"nm":"dingzhi+Q.2238954086.....106.jpg","cl":"2238954086     106 jpg","refId":"image_106","sr":1,"ks":{"o":{"a":0,"k":100,"ix":11},"r":{"a":0,"k":0,"ix":10},"p":{"a":0,"k":[155,275.5,0],"ix":2},"a":{"a":0,"k":[155,275.5,0],"ix":1},"s":{"a":0,"k":[100,100,100],"ix":6}},"ao":0,"ip":265,"op":267.5,"st":265,"bm":0},{"ddd":0,"ind":108,"ty":2,"nm":"dingzhi+Q.2238954086.....107.jpg","cl":"2238954086     107 jpg","refId":"image_107","sr":1,"ks":{"o":{"a":0,"k":100,"ix":11},"r":{"a":0,"k":0,"ix":10},"p":{"a":0,"k":[155,275.5,0],"ix":2},"a":{"a":0,"k":[155,275.5,0],"ix":1},"s":{"a":0,"k":[100,100,100],"ix":6}},"ao":0,"ip":267.5,"op":270,"st":267.5,"bm":0},{"ddd":0,"ind":109,"ty":2,"nm":"dingzhi+Q.2238954086.....108.jpg","cl":"2238954086     108 jpg","refId":"image_108","sr":1,"ks":{"o":{"a":0,"k":100,"ix":11},"r":{"a":0,"k":0,"ix":10},"p":{"a":0,"k":[155,275.5,0],"ix":2},"a":{"a":0,"k":[155,275.5,0],"ix":1},"s":{"a":0,"k":[100,100,100],"ix":6}},"ao":0,"ip":270,"op":272.5,"st":270,"bm":0},{"ddd":0,"ind":110,"ty":2,"nm":"dingzhi+Q.2238954086.....109.jpg","cl":"2238954086     109 jpg","refId":"image_109","sr":1,"ks":{"o":{"a":0,"k":100,"ix":11},"r":{"a":0,"k":0,"ix":10},"p":{"a":0,"k":[155,275.5,0],"ix":2},"a":{"a":0,"k":[155,275.5,0],"ix":1},"s":{"a":0,"k":[100,100,100],"ix":6}},"ao":0,"ip":272.5,"op":275,"st":272.5,"bm":0},{"ddd":0,"ind":111,"ty":2,"nm":"dingzhi+Q.2238954086.....110.jpg","cl":"2238954086     110 jpg","refId":"image_110","sr":1,"ks":{"o":{"a":0,"k":100,"ix":11},"r":{"a":0,"k":0,"ix":10},"p":{"a":0,"k":[155,275.5,0],"ix":2},"a":{"a":0,"k":[155,275.5,0],"ix":1},"s":{"a":0,"k":[100,100,100],"ix":6}},"ao":0,"ip":275,"op":277.5,"st":275,"bm":0},{"ddd":0,"ind":112,"ty":2,"nm":"dingzhi+Q.2238954086.....111.jpg","cl":"2238954086     111 jpg","refId":"image_111","sr":1,"ks":{"o":{"a":0,"k":100,"ix":11},"r":{"a":0,"k":0,"ix":10},"p":{"a":0,"k":[155,275.5,0],"ix":2},"a":{"a":0,"k":[155,275.5,0],"ix":1},"s":{"a":0,"k":[100,100,100],"ix":6}},"ao":0,"ip":277.5,"op":280,"st":277.5,"bm":0},{"ddd":0,"ind":113,"ty":2,"nm":"dingzhi+Q.2238954086.....112.jpg","cl":"2238954086     112 jpg","refId":"image_112","sr":1,"ks":{"o":{"a":0,"k":100,"ix":11},"r":{"a":0,"k":0,"ix":10},"p":{"a":0,"k":[155,275.5,0],"ix":2},"a":{"a":0,"k":[155,275.5,0],"ix":1},"s":{"a":0,"k":[100,100,100],"ix":6}},"ao":0,"ip":280,"op":282.5,"st":280,"bm":0},{"ddd":0,"ind":114,"ty":2,"nm":"dingzhi+Q.2238954086.....113.jpg","cl":"2238954086     113 jpg","refId":"image_113","sr":1,"ks":{"o":{"a":0,"k":100,"ix":11},"r":{"a":0,"k":0,"ix":10},"p":{"a":0,"k":[155,275.5,0],"ix":2},"a":{"a":0,"k":[155,275.5,0],"ix":1},"s":{"a":0,"k":[100,100,100],"ix":6}},"ao":0,"ip":282.5,"op":285,"st":282.5,"bm":0},{"ddd":0,"ind":115,"ty":2,"nm":"dingzhi+Q.2238954086.....114.jpg","cl":"2238954086     114 jpg","refId":"image_114","sr":1,"ks":{"o":{"a":0,"k":100,"ix":11},"r":{"a":0,"k":0,"ix":10},"p":{"a":0,"k":[155,275.5,0],"ix":2},"a":{"a":0,"k":[155,275.5,0],"ix":1},"s":{"a":0,"k":[100,100,100],"ix":6}},"ao":0,"ip":285,"op":287.5,"st":285,"bm":0},{"ddd":0,"ind":116,"ty":2,"nm":"dingzhi+Q.2238954086.....115.jpg","cl":"2238954086     115 jpg","refId":"image_115","sr":1,"ks":{"o":{"a":0,"k":100,"ix":11},"r":{"a":0,"k":0,"ix":10},"p":{"a":0,"k":[155,275.5,0],"ix":2},"a":{"a":0,"k":[155,275.5,0],"ix":1},"s":{"a":0,"k":[100,100,100],"ix":6}},"ao":0,"ip":287.5,"op":290,"st":287.5,"bm":0},{"ddd":0,"ind":117,"ty":2,"nm":"dingzhi+Q.2238954086.....116.jpg","cl":"2238954086     116 jpg","refId":"image_116","sr":1,"ks":{"o":{"a":0,"k":100,"ix":11},"r":{"a":0,"k":0,"ix":10},"p":{"a":0,"k":[155,275.5,0],"ix":2},"a":{"a":0,"k":[155,275.5,0],"ix":1},"s":{"a":0,"k":[100,100,100],"ix":6}},"ao":0,"ip":290,"op":292.5,"st":290,"bm":0},{"ddd":0,"ind":118,"ty":2,"nm":"dingzhi+Q.2238954086.....117.jpg","cl":"2238954086     117 jpg","refId":"image_117","sr":1,"ks":{"o":{"a":0,"k":100,"ix":11},"r":{"a":0,"k":0,"ix":10},"p":{"a":0,"k":[155,275.5,0],"ix":2},"a":{"a":0,"k":[155,275.5,0],"ix":1},"s":{"a":0,"k":[100,100,100],"ix":6}},"ao":0,"ip":292.5,"op":295,"st":292.5,"bm":0},{"ddd":0,"ind":119,"ty":2,"nm":"dingzhi+Q.2238954086.....118.jpg","cl":"2238954086     118 jpg","refId":"image_118","sr":1,"ks":{"o":{"a":0,"k":100,"ix":11},"r":{"a":0,"k":0,"ix":10},"p":{"a":0,"k":[155,275.5,0],"ix":2},"a":{"a":0,"k":[155,275.5,0],"ix":1},"s":{"a":0,"k":[100,100,100],"ix":6}},"ao":0,"ip":295,"op":297.5,"st":295,"bm":0},{"ddd":0,"ind":120,"ty":2,"nm":"dingzhi+Q.2238954086.....119.jpg","cl":"2238954086     119 jpg","refId":"image_119","sr":1,"ks":{"o":{"a":0,"k":100,"ix":11},"r":{"a":0,"k":0,"ix":10},"p":{"a":0,"k":[155,275.5,0],"ix":2},"a":{"a":0,"k":[155,275.5,0],"ix":1},"s":{"a":0,"k":[100,100,100],"ix":6}},"ao":0,"ip":297.5,"op":300,"st":297.5,"bm":0},{"ddd":0,"ind":121,"ty":2,"nm":"dingzhi+Q.2238954086.....120.jpg","cl":"2238954086     120 jpg","refId":"image_120","sr":1,"ks":{"o":{"a":0,"k":100,"ix":11},"r":{"a":0,"k":0,"ix":10},"p":{"a":0,"k":[155,275.5,0],"ix":2},"a":{"a":0,"k":[155,275.5,0],"ix":1},"s":{"a":0,"k":[100,100,100],"ix":6}},"ao":0,"ip":300,"op":302.5,"st":300,"bm":0},{"ddd":0,"ind":122,"ty":2,"nm":"dingzhi+Q.2238954086.....121.jpg","cl":"2238954086     121 jpg","refId":"image_121","sr":1,"ks":{"o":{"a":0,"k":100,"ix":11},"r":{"a":0,"k":0,"ix":10},"p":{"a":0,"k":[155,275.5,0],"ix":2},"a":{"a":0,"k":[155,275.5,0],"ix":1},"s":{"a":0,"k":[100,100,100],"ix":6}},"ao":0,"ip":302.5,"op":305,"st":302.5,"bm":0},{"ddd":0,"ind":123,"ty":2,"nm":"dingzhi+Q.2238954086.....122.jpg","cl":"2238954086     122 jpg","refId":"image_122","sr":1,"ks":{"o":{"a":0,"k":100,"ix":11},"r":{"a":0,"k":0,"ix":10},"p":{"a":0,"k":[155,275.5,0],"ix":2},"a":{"a":0,"k":[155,275.5,0],"ix":1},"s":{"a":0,"k":[100,100,100],"ix":6}},"ao":0,"ip":305,"op":307.5,"st":305,"bm":0},{"ddd":0,"ind":124,"ty":2,"nm":"dingzhi+Q.2238954086.....123.jpg","cl":"2238954086     123 jpg","refId":"image_123","sr":1,"ks":{"o":{"a":0,"k":100,"ix":11},"r":{"a":0,"k":0,"ix":10},"p":{"a":0,"k":[155,275.5,0],"ix":2},"a":{"a":0,"k":[155,275.5,0],"ix":1},"s":{"a":0,"k":[100,100,100],"ix":6}},"ao":0,"ip":307.5,"op":310,"st":307.5,"bm":0},{"ddd":0,"ind":125,"ty":2,"nm":"dingzhi+Q.2238954086.....124.jpg","cl":"2238954086     124 jpg","refId":"image_124","sr":1,"ks":{"o":{"a":0,"k":100,"ix":11},"r":{"a":0,"k":0,"ix":10},"p":{"a":0,"k":[155,275.5,0],"ix":2},"a":{"a":0,"k":[155,275.5,0],"ix":1},"s":{"a":0,"k":[100,100,100],"ix":6}},"ao":0,"ip":310,"op":312.5,"st":310,"bm":0},{"ddd":0,"ind":126,"ty":2,"nm":"dingzhi+Q.2238954086.....125.jpg","cl":"2238954086     125 jpg","refId":"image_125","sr":1,"ks":{"o":{"a":0,"k":100,"ix":11},"r":{"a":0,"k":0,"ix":10},"p":{"a":0,"k":[155,275.5,0],"ix":2},"a":{"a":0,"k":[155,275.5,0],"ix":1},"s":{"a":0,"k":[100,100,100],"ix":6}},"ao":0,"ip":312.5,"op":315,"st":312.5,"bm":0},{"ddd":0,"ind":127,"ty":2,"nm":"dingzhi+Q.2238954086.....126.jpg","cl":"2238954086     126 jpg","refId":"image_126","sr":1,"ks":{"o":{"a":0,"k":100,"ix":11},"r":{"a":0,"k":0,"ix":10},"p":{"a":0,"k":[155,275.5,0],"ix":2},"a":{"a":0,"k":[155,275.5,0],"ix":1},"s":{"a":0,"k":[100,100,100],"ix":6}},"ao":0,"ip":315,"op":317.5,"st":315,"bm":0},{"ddd":0,"ind":128,"ty":2,"nm":"dingzhi+Q.2238954086.....127.jpg","cl":"2238954086     127 jpg","refId":"image_127","sr":1,"ks":{"o":{"a":0,"k":100,"ix":11},"r":{"a":0,"k":0,"ix":10},"p":{"a":0,"k":[155,275.5,0],"ix":2},"a":{"a":0,"k":[155,275.5,0],"ix":1},"s":{"a":0,"k":[100,100,100],"ix":6}},"ao":0,"ip":317.5,"op":320,"st":317.5,"bm":0},{"ddd":0,"ind":129,"ty":2,"nm":"dingzhi+Q.2238954086.....128.jpg","cl":"2238954086     128 jpg","refId":"image_128","sr":1,"ks":{"o":{"a":0,"k":100,"ix":11},"r":{"a":0,"k":0,"ix":10},"p":{"a":0,"k":[155,275.5,0],"ix":2},"a":{"a":0,"k":[155,275.5,0],"ix":1},"s":{"a":0,"k":[100,100,100],"ix":6}},"ao":0,"ip":320,"op":322.5,"st":320,"bm":0},{"ddd":0,"ind":130,"ty":2,"nm":"dingzhi+Q.2238954086.....129.jpg","cl":"2238954086     129 jpg","refId":"image_129","sr":1,"ks":{"o":{"a":0,"k":100,"ix":11},"r":{"a":0,"k":0,"ix":10},"p":{"a":0,"k":[155,275.5,0],"ix":2},"a":{"a":0,"k":[155,275.5,0],"ix":1},"s":{"a":0,"k":[100,100,100],"ix":6}},"ao":0,"ip":322.5,"op":325,"st":322.5,"bm":0},{"ddd":0,"ind":131,"ty":2,"nm":"dingzhi+Q.2238954086.....130.jpg","cl":"2238954086     130 jpg","refId":"image_130","sr":1,"ks":{"o":{"a":0,"k":100,"ix":11},"r":{"a":0,"k":0,"ix":10},"p":{"a":0,"k":[155,275.5,0],"ix":2},"a":{"a":0,"k":[155,275.5,0],"ix":1},"s":{"a":0,"k":[100,100,100],"ix":6}},"ao":0,"ip":325,"op":327.5,"st":325,"bm":0},{"ddd":0,"ind":132,"ty":2,"nm":"dingzhi+Q.2238954086.....131.jpg","cl":"2238954086     131 jpg","refId":"image_131","sr":1,"ks":{"o":{"a":0,"k":100,"ix":11},"r":{"a":0,"k":0,"ix":10},"p":{"a":0,"k":[155,275.5,0],"ix":2},"a":{"a":0,"k":[155,275.5,0],"ix":1},"s":{"a":0,"k":[100,100,100],"ix":6}},"ao":0,"ip":327.5,"op":330,"st":327.5,"bm":0},{"ddd":0,"ind":133,"ty":2,"nm":"dingzhi+Q.2238954086.....132.jpg","cl":"2238954086     132 jpg","refId":"image_132","sr":1,"ks":{"o":{"a":0,"k":100,"ix":11},"r":{"a":0,"k":0,"ix":10},"p":{"a":0,"k":[155,275.5,0],"ix":2},"a":{"a":0,"k":[155,275.5,0],"ix":1},"s":{"a":0,"k":[100,100,100],"ix":6}},"ao":0,"ip":330,"op":332.5,"st":330,"bm":0},{"ddd":0,"ind":134,"ty":2,"nm":"dingzhi+Q.2238954086.....133.jpg","cl":"2238954086     133 jpg","refId":"image_133","sr":1,"ks":{"o":{"a":0,"k":100,"ix":11},"r":{"a":0,"k":0,"ix":10},"p":{"a":0,"k":[155,275.5,0],"ix":2},"a":{"a":0,"k":[155,275.5,0],"ix":1},"s":{"a":0,"k":[100,100,100],"ix":6}},"ao":0,"ip":332.5,"op":335,"st":332.5,"bm":0},{"ddd":0,"ind":135,"ty":2,"nm":"dingzhi+Q.2238954086.....134.jpg","cl":"2238954086     134 jpg","refId":"image_134","sr":1,"ks":{"o":{"a":0,"k":100,"ix":11},"r":{"a":0,"k":0,"ix":10},"p":{"a":0,"k":[155,275.5,0],"ix":2},"a":{"a":0,"k":[155,275.5,0],"ix":1},"s":{"a":0,"k":[100,100,100],"ix":6}},"ao":0,"ip":335,"op":337.5,"st":335,"bm":0},{"ddd":0,"ind":136,"ty":2,"nm":"dingzhi+Q.2238954086.....135.jpg","cl":"2238954086     135 jpg","refId":"image_135","sr":1,"ks":{"o":{"a":0,"k":100,"ix":11},"r":{"a":0,"k":0,"ix":10},"p":{"a":0,"k":[155,275.5,0],"ix":2},"a":{"a":0,"k":[155,275.5,0],"ix":1},"s":{"a":0,"k":[100,100,100],"ix":6}},"ao":0,"ip":337.5,"op":340,"st":337.5,"bm":0},{"ddd":0,"ind":137,"ty":2,"nm":"dingzhi+Q.2238954086.....136.jpg","cl":"2238954086     136 jpg","refId":"image_136","sr":1,"ks":{"o":{"a":0,"k":100,"ix":11},"r":{"a":0,"k":0,"ix":10},"p":{"a":0,"k":[155,275.5,0],"ix":2},"a":{"a":0,"k":[155,275.5,0],"ix":1},"s":{"a":0,"k":[100,100,100],"ix":6}},"ao":0,"ip":340,"op":342.5,"st":340,"bm":0},{"ddd":0,"ind":138,"ty":2,"nm":"dingzhi+Q.2238954086.....137.jpg","cl":"2238954086     137 jpg","refId":"image_137","sr":1,"ks":{"o":{"a":0,"k":100,"ix":11},"r":{"a":0,"k":0,"ix":10},"p":{"a":0,"k":[155,275.5,0],"ix":2},"a":{"a":0,"k":[155,275.5,0],"ix":1},"s":{"a":0,"k":[100,100,100],"ix":6}},"ao":0,"ip":342.5,"op":345,"st":342.5,"bm":0},{"ddd":0,"ind":139,"ty":2,"nm":"dingzhi+Q.2238954086.....138.jpg","cl":"2238954086     138 jpg","refId":"image_138","sr":1,"ks":{"o":{"a":0,"k":100,"ix":11},"r":{"a":0,"k":0,"ix":10},"p":{"a":0,"k":[155,275.5,0],"ix":2},"a":{"a":0,"k":[155,275.5,0],"ix":1},"s":{"a":0,"k":[100,100,100],"ix":6}},"ao":0,"ip":345,"op":347.5,"st":345,"bm":0},{"ddd":0,"ind":140,"ty":2,"nm":"dingzhi+Q.2238954086.....139.jpg","cl":"2238954086     139 jpg","refId":"image_139","sr":1,"ks":{"o":{"a":0,"k":100,"ix":11},"r":{"a":0,"k":0,"ix":10},"p":{"a":0,"k":[155,275.5,0],"ix":2},"a":{"a":0,"k":[155,275.5,0],"ix":1},"s":{"a":0,"k":[100,100,100],"ix":6}},"ao":0,"ip":347.5,"op":350,"st":347.5,"bm":0},{"ddd":0,"ind":141,"ty":2,"nm":"dingzhi+Q.2238954086.....140.jpg","cl":"2238954086     140 jpg","refId":"image_140","sr":1,"ks":{"o":{"a":0,"k":100,"ix":11},"r":{"a":0,"k":0,"ix":10},"p":{"a":0,"k":[155,275.5,0],"ix":2},"a":{"a":0,"k":[155,275.5,0],"ix":1},"s":{"a":0,"k":[100,100,100],"ix":6}},"ao":0,"ip":350,"op":352.5,"st":350,"bm":0}],"markers":[]}