{"v":"5.6.9","fr":60,"ip":0,"op":540,"w":1080,"h":2340,"nm":"323500883最终","ddd":0,"assets":[{"id":"image_0","w":572,"h":740,"u":"images/","p":"img_0.png","e":0},{"id":"image_1","w":572,"h":740,"u":"images/","p":"img_1.png","e":0},{"id":"image_2","w":572,"h":740,"u":"images/","p":"img_2.png","e":0},{"id":"image_3","w":572,"h":740,"u":"images/","p":"img_3.png","e":0},{"id":"image_4","w":572,"h":740,"u":"images/","p":"img_4.png","e":0},{"id":"image_5","w":1200,"h":483,"u":"images/","p":"img_5.png","e":0},{"id":"image_6","w":1200,"h":500,"u":"images/","p":"img_6.png","e":0},{"id":"image_7","w":200,"h":200,"u":"images/","p":"img_7.png","e":0},{"id":"image_8","w":200,"h":200,"u":"images/","p":"img_8.png","e":0},{"id":"image_9","w":200,"h":200,"u":"images/","p":"img_9.png","e":0},{"id":"image_10","w":1080,"h":2340,"u":"images/","p":"img_10.jpg","e":0},{"id":"comp_0","layers":[{"ddd":0,"ind":1,"ty":2,"nm":"01.png 2","cl":"png","refId":"image_0","sr":1,"ks":{"o":{"a":0,"k":100,"ix":11},"r":{"a":0,"k":0,"ix":10},"p":{"a":1,"k":[{"i":{"x":0.833,"y":1},"o":{"x":0.167,"y":0},"t":60,"s":[328.5,1296.3,0],"to":[-99.333,-4.5,0],"ti":[99.333,4.5,0]},{"t":120,"s":[-267.5,1269.299,0]}],"ix":2},"a":{"a":0,"k":[286,370,0],"ix":1},"s":{"a":0,"k":[91.83,91.83,100],"ix":6}},"ao":0,"ip":0,"op":125,"st":0,"bm":0},{"ddd":0,"ind":2,"ty":2,"nm":"02.png 2","cl":"png","refId":"image_1","sr":1,"ks":{"o":{"a":0,"k":100,"ix":11},"r":{"a":0,"k":0,"ix":10},"p":{"a":1,"k":[{"i":{"x":0.833,"y":1},"o":{"x":0.167,"y":0},"t":60,"s":[816.3,1265,0],"to":[-81.35,5.217,0],"ti":[81.35,-5.217,0]},{"i":{"x":0.833,"y":0.833},"o":{"x":0.167,"y":0.167},"t":120,"s":[328.2,1296.3,0],"to":[0,0,0],"ti":[0,0,0]},{"i":{"x":0.833,"y":1},"o":{"x":0.167,"y":0},"t":239,"s":[328.2,1296.3,0],"to":[-99.283,0,0],"ti":[99.283,0,0]},{"t":300,"s":[-267.5,1296.3,0]}],"ix":2},"a":{"a":0,"k":[286,370,0],"ix":1},"s":{"a":1,"k":[{"i":{"x":[0.833,0.833,0.833],"y":[0.833,0.833,1]},"o":{"x":[0.167,0.167,0.167],"y":[0.167,0.167,0]},"t":60,"s":[70,70,100]},{"t":120,"s":[91.83,91.83,100]}],"ix":6}},"ao":0,"ip":0,"op":318,"st":0,"bm":0},{"ddd":0,"ind":3,"ty":2,"nm":"03.png 2","cl":"png","refId":"image_2","sr":1,"ks":{"o":{"a":0,"k":100,"ix":11},"r":{"a":0,"k":0,"ix":10},"p":{"a":1,"k":[{"i":{"x":0.833,"y":1},"o":{"x":0.167,"y":0},"t":60,"s":[1226.14,1264.982,0],"to":[-68.307,0,0],"ti":[68.307,0,0]},{"i":{"x":0.767,"y":0.767},"o":{"x":0.158,"y":0.158},"t":120,"s":[816.3,1264.982,0],"to":[0,0,0],"ti":[0,0,0]},{"i":{"x":0.833,"y":1},"o":{"x":0.167,"y":0},"t":240,"s":[816.3,1264.982,0],"to":[-81.3,5.22,0],"ti":[81.3,-5.22,0]},{"i":{"x":0.833,"y":0.833},"o":{"x":0.167,"y":0.167},"t":300,"s":[328.5,1296.3,0],"to":[0,0,0],"ti":[0,0,0]},{"i":{"x":0.833,"y":1},"o":{"x":0.167,"y":0},"t":421,"s":[328.5,1296.3,0],"to":[-99.333,0,0],"ti":[99.333,0,0]},{"t":480,"s":[-267.5,1296.3,0]}],"ix":2},"a":{"a":0,"k":[286,370,0],"ix":1},"s":{"a":1,"k":[{"i":{"x":[0.833,0.833,0.833],"y":[0.833,0.833,1]},"o":{"x":[0.167,0.167,0.167],"y":[0.167,0.167,0]},"t":60,"s":[50,50,100]},{"i":{"x":[0.833,0.833,0.833],"y":[1,1,1]},"o":{"x":[0.167,0.167,0.167],"y":[0,0,0]},"t":120,"s":[70,70,100]},{"i":{"x":[0.833,0.833,0.833],"y":[0.833,0.833,1]},"o":{"x":[0.167,0.167,0.167],"y":[0.167,0.167,0]},"t":240,"s":[70,70,100]},{"t":300,"s":[91.83,91.83,100]}],"ix":6}},"ao":0,"ip":44,"op":500,"st":0,"bm":0},{"ddd":0,"ind":4,"ty":2,"nm":"img_5 .png","cl":"png","refId":"image_3","sr":1,"ks":{"o":{"a":0,"k":100,"ix":11},"r":{"a":0,"k":0,"ix":10},"p":{"a":1,"k":[{"i":{"x":0.667,"y":1},"o":{"x":0.333,"y":0},"t":60,"s":[1636,1265,0],"to":[-68.333,0,0],"ti":[68.333,0,0]},{"i":{"x":0.667,"y":0.667},"o":{"x":0.333,"y":0.333},"t":120,"s":[1226,1265,0],"to":[0,0,0],"ti":[0,0,0]},{"i":{"x":0.667,"y":1},"o":{"x":0.333,"y":0},"t":240,"s":[1226,1265,0],"to":[-68.283,0,0],"ti":[68.283,0,0]},{"i":{"x":0.667,"y":0.667},"o":{"x":0.333,"y":0.333},"t":300,"s":[816.3,1265,0],"to":[0,0,0],"ti":[0,0,0]},{"i":{"x":0.667,"y":1},"o":{"x":0.333,"y":0},"t":421,"s":[816.3,1265,0],"to":[-81.3,5.217,0],"ti":[81.3,-5.217,0]},{"t":480,"s":[328.5,1296.3,0]}],"ix":2},"a":{"a":0,"k":[286,370,0],"ix":1},"s":{"a":1,"k":[{"i":{"x":[0.833,0.833,0.833],"y":[1,1,1]},"o":{"x":[0.333,0.333,0.333],"y":[0,0,0]},"t":60,"s":[50,50,100]},{"i":{"x":[0.833,0.833,0.833],"y":[1,1,1]},"o":{"x":[0.167,0.167,0.167],"y":[0,0,0]},"t":120,"s":[50,50,100]},{"i":{"x":[0.833,0.833,0.833],"y":[1,1,1]},"o":{"x":[0.167,0.167,0.167],"y":[0,0,0]},"t":240,"s":[50,50,100]},{"i":{"x":[0.833,0.833,0.833],"y":[1,1,1]},"o":{"x":[0.167,0.167,0.167],"y":[0,0,0]},"t":300,"s":[70,70,100]},{"i":{"x":[0.833,0.833,0.833],"y":[1,1,1]},"o":{"x":[0.167,0.167,0.167],"y":[0,0,0]},"t":421,"s":[70,70,100]},{"t":480,"s":[91.8,91.8,100]}],"ix":6}},"ao":0,"ip":0,"op":541,"st":0,"bm":0},{"ddd":0,"ind":5,"ty":2,"nm":"5.png","cl":"png","refId":"image_4","sr":1,"ks":{"o":{"a":0,"k":100,"ix":11},"r":{"a":0,"k":0,"ix":10},"p":{"a":1,"k":[{"i":{"x":0.833,"y":1},"o":{"x":0.167,"y":0},"t":421,"s":[1226.1,1265,0],"to":[-68.3,0,0],"ti":[68.3,0,0]},{"t":480,"s":[816.3,1265,0]}],"ix":2},"a":{"a":0,"k":[286,370,0],"ix":1},"s":{"a":1,"k":[{"i":{"x":[0.833,0.833,0.833],"y":[0.833,0.833,1]},"o":{"x":[0.167,0.167,0.167],"y":[0.167,0.167,0]},"t":421,"s":[50,50,100]},{"t":480,"s":[70,70,100]}],"ix":6}},"ao":0,"ip":401,"op":546,"st":0,"bm":0}]},{"id":"comp_1","layers":[{"ddd":0,"ind":1,"ty":4,"nm":"Shape Layer 24","sr":1,"ks":{"o":{"a":0,"k":100,"ix":11},"r":{"a":0,"k":270,"ix":10},"p":{"a":0,"k":[960,750,0],"ix":2},"a":{"a":0,"k":[0,0,0],"ix":1},"s":{"a":1,"k":[{"i":{"x":[0.18,0.18,0.18],"y":[1,1,1]},"o":{"x":[0.71,0.71,0.71],"y":[0,0,0]},"t":8.008,"s":[74,74,100]},{"i":{"x":[0.18,0.18,0.18],"y":[1,1,1]},"o":{"x":[0.82,0.82,0.82],"y":[0,0,0]},"t":68.068,"s":[100,100,100]},{"i":{"x":[0.19,0.19,0.19],"y":[1,1,1]},"o":{"x":[0.82,0.82,0.82],"y":[0,0,0]},"t":138.139,"s":[29,29,100]},{"i":{"x":[0.19,0.19,0.19],"y":[1,1,1]},"o":{"x":[0.81,0.81,0.81],"y":[0,0,0]},"t":148.148,"s":[29,29,100]},{"t":204.203125,"s":[265,265,100]}],"ix":6}},"ao":0,"shapes":[{"ty":"gr","it":[{"ty":"rc","d":1,"s":{"a":0,"k":[400,400],"ix":2},"p":{"a":0,"k":[0,0],"ix":3},"r":{"a":0,"k":0,"ix":4},"nm":"Rectangle Path 1","mn":"ADBE Vector Shape - Rect","hd":false},{"ty":"st","c":{"a":0,"k":[0.941176474094,0.305882364511,0.368627458811,1],"ix":3},"o":{"a":0,"k":100,"ix":4},"w":{"a":1,"k":[{"i":{"x":[0.833],"y":[0.833]},"o":{"x":[0.167],"y":[0.167]},"t":174.174,"s":[4]},{"t":204.203125,"s":[0]}],"ix":5},"lc":1,"lj":1,"ml":4,"bm":0,"nm":"Stroke 1","mn":"ADBE Vector Graphic - Stroke","hd":false},{"ty":"tr","p":{"a":0,"k":[0,0],"ix":2},"a":{"a":0,"k":[0,0],"ix":1},"s":{"a":0,"k":[100,100],"ix":3},"r":{"a":0,"k":45,"ix":6},"o":{"a":0,"k":100,"ix":7},"sk":{"a":0,"k":0,"ix":4},"sa":{"a":0,"k":0,"ix":5},"nm":"变换"}],"nm":"Rectangle 1","np":2,"cix":2,"bm":0,"ix":1,"mn":"ADBE Vector Group","hd":false},{"ty":"tm","s":{"a":0,"k":0,"ix":1},"e":{"a":1,"k":[{"i":{"x":[0.21],"y":[1]},"o":{"x":[0.79],"y":[0]},"t":8.008,"s":[0]},{"t":68.068359375,"s":[100]}],"ix":2},"o":{"a":0,"k":0,"ix":3},"m":1,"ix":2,"nm":"Trim Paths 1","mn":"ADBE Vector Filter - Trim","hd":false}],"ip":8.0078125,"op":608.609375,"st":8.0078125,"bm":0},{"ddd":0,"ind":2,"ty":4,"nm":"Shape Layer 23","sr":1,"ks":{"o":{"a":0,"k":100,"ix":11},"r":{"a":0,"k":270,"ix":10},"p":{"a":0,"k":[960,750,0],"ix":2},"a":{"a":0,"k":[0,0,0],"ix":1},"s":{"a":1,"k":[{"i":{"x":[0.18,0.18,0.18],"y":[1,1,1]},"o":{"x":[0.71,0.71,0.71],"y":[0,0,0]},"t":4.004,"s":[74,74,100]},{"i":{"x":[0.18,0.18,0.18],"y":[1,1,1]},"o":{"x":[0.82,0.82,0.82],"y":[0,0,0]},"t":64.064,"s":[100,100,100]},{"i":{"x":[0.19,0.19,0.19],"y":[1,1,1]},"o":{"x":[0.82,0.82,0.82],"y":[0,0,0]},"t":134.135,"s":[29,29,100]},{"i":{"x":[0.19,0.19,0.19],"y":[1,1,1]},"o":{"x":[0.81,0.81,0.81],"y":[0,0,0]},"t":144.145,"s":[29,29,100]},{"t":200.19921875,"s":[265,265,100]}],"ix":6}},"ao":0,"shapes":[{"ty":"gr","it":[{"ty":"rc","d":1,"s":{"a":0,"k":[400,400],"ix":2},"p":{"a":0,"k":[0,0],"ix":3},"r":{"a":0,"k":0,"ix":4},"nm":"Rectangle Path 1","mn":"ADBE Vector Shape - Rect","hd":false},{"ty":"st","c":{"a":0,"k":[0.164705887437,0.57647061348,0.815686285496,1],"ix":3},"o":{"a":0,"k":100,"ix":4},"w":{"a":1,"k":[{"i":{"x":[0.833],"y":[0.833]},"o":{"x":[0.167],"y":[0.167]},"t":170.17,"s":[4]},{"t":200.19921875,"s":[0]}],"ix":5},"lc":1,"lj":1,"ml":4,"bm":0,"nm":"Stroke 1","mn":"ADBE Vector Graphic - Stroke","hd":false},{"ty":"tr","p":{"a":0,"k":[0,0],"ix":2},"a":{"a":0,"k":[0,0],"ix":1},"s":{"a":0,"k":[100,100],"ix":3},"r":{"a":0,"k":45,"ix":6},"o":{"a":0,"k":100,"ix":7},"sk":{"a":0,"k":0,"ix":4},"sa":{"a":0,"k":0,"ix":5},"nm":"变换"}],"nm":"Rectangle 1","np":2,"cix":2,"bm":0,"ix":1,"mn":"ADBE Vector Group","hd":false},{"ty":"tm","s":{"a":0,"k":0,"ix":1},"e":{"a":1,"k":[{"i":{"x":[0.21],"y":[1]},"o":{"x":[0.79],"y":[0]},"t":4.004,"s":[0]},{"t":64.064453125,"s":[100]}],"ix":2},"o":{"a":0,"k":0,"ix":3},"m":1,"ix":2,"nm":"Trim Paths 1","mn":"ADBE Vector Filter - Trim","hd":false}],"ip":4.00390625,"op":604.60546875,"st":4.00390625,"bm":0},{"ddd":0,"ind":3,"ty":4,"nm":"Shape Layer 14","sr":1,"ks":{"o":{"a":0,"k":100,"ix":11},"r":{"a":0,"k":270,"ix":10},"p":{"a":0,"k":[960,750,0],"ix":2},"a":{"a":0,"k":[0,0,0],"ix":1},"s":{"a":1,"k":[{"i":{"x":[0.18,0.18,0.18],"y":[1,1,1]},"o":{"x":[0.71,0.71,0.71],"y":[0,0,0]},"t":0,"s":[74,74,100]},{"i":{"x":[0.18,0.18,0.18],"y":[1,1,1]},"o":{"x":[0.82,0.82,0.82],"y":[0,0,0]},"t":60.061,"s":[100,100,100]},{"i":{"x":[0.19,0.19,0.19],"y":[1,1,1]},"o":{"x":[0.82,0.82,0.82],"y":[0,0,0]},"t":130.131,"s":[29,29,100]},{"i":{"x":[0.19,0.19,0.19],"y":[1,1,1]},"o":{"x":[0.81,0.81,0.81],"y":[0,0,0]},"t":140.141,"s":[29,29,100]},{"t":196.1953125,"s":[265,265,100]}],"ix":6}},"ao":0,"shapes":[{"ty":"gr","it":[{"ty":"rc","d":1,"s":{"a":0,"k":[400,400],"ix":2},"p":{"a":0,"k":[0,0],"ix":3},"r":{"a":0,"k":0,"ix":4},"nm":"Rectangle Path 1","mn":"ADBE Vector Shape - Rect","hd":false},{"ty":"st","c":{"a":0,"k":[0.941176474094,0.305882364511,0.368627458811,1],"ix":3},"o":{"a":0,"k":100,"ix":4},"w":{"a":1,"k":[{"i":{"x":[0.833],"y":[0.833]},"o":{"x":[0.167],"y":[0.167]},"t":166.166,"s":[4]},{"t":196.1953125,"s":[0]}],"ix":5},"lc":1,"lj":1,"ml":4,"bm":0,"nm":"Stroke 1","mn":"ADBE Vector Graphic - Stroke","hd":false},{"ty":"tr","p":{"a":0,"k":[0,0],"ix":2},"a":{"a":0,"k":[0,0],"ix":1},"s":{"a":0,"k":[100,100],"ix":3},"r":{"a":0,"k":45,"ix":6},"o":{"a":0,"k":100,"ix":7},"sk":{"a":0,"k":0,"ix":4},"sa":{"a":0,"k":0,"ix":5},"nm":"变换"}],"nm":"Rectangle 1","np":2,"cix":2,"bm":0,"ix":1,"mn":"ADBE Vector Group","hd":false},{"ty":"tm","s":{"a":0,"k":0,"ix":1},"e":{"a":1,"k":[{"i":{"x":[0.21],"y":[1]},"o":{"x":[0.79],"y":[0]},"t":0,"s":[0]},{"t":60.060546875,"s":[100]}],"ix":2},"o":{"a":0,"k":0,"ix":3},"m":1,"ix":2,"nm":"Trim Paths 1","mn":"ADBE Vector Filter - Trim","hd":false}],"ip":0,"op":600.6015625,"st":0,"bm":0},{"ddd":0,"ind":4,"ty":3,"nm":"Null 3","sr":1,"ks":{"o":{"a":0,"k":0,"ix":11},"r":{"a":0,"k":0,"ix":10},"p":{"a":0,"k":[960,750,0],"ix":2},"a":{"a":0,"k":[0,0,0],"ix":1},"s":{"a":1,"k":[{"i":{"x":[0.07,0.07,0.07],"y":[1,1,1]},"o":{"x":[0.93,0.93,0.93],"y":[0,0,0]},"t":84.084,"s":[100,100,100]},{"t":150.150390625,"s":[554,100,100]}],"ix":6}},"ao":0,"ip":0,"op":600.6015625,"st":0,"bm":0},{"ddd":0,"ind":5,"ty":4,"nm":"Shape Layer 17","parent":4,"sr":1,"ks":{"o":{"a":1,"k":[{"i":{"x":[0.833],"y":[1]},"o":{"x":[0.167],"y":[0]},"t":151,"s":[100]},{"t":211,"s":[0]}],"ix":11},"r":{"a":1,"k":[{"i":{"x":[0.05],"y":[1]},"o":{"x":[0.77],"y":[0]},"t":38.037,"s":[90]},{"i":{"x":[0.05],"y":[1]},"o":{"x":[0.95],"y":[0]},"t":84.084,"s":[270]},{"t":150.150390625,"s":[315]}],"ix":10},"p":{"a":0,"k":[0,0,0],"ix":2},"a":{"a":0,"k":[0,0,0],"ix":1},"s":{"a":1,"k":[{"i":{"x":[0.23,0.23,0.23],"y":[1,1,1]},"o":{"x":[0.77,0.77,0.77],"y":[0,0,0]},"t":38.037,"s":[0,0,100]},{"t":84.083984375,"s":[56,56,100]}],"ix":6}},"ao":0,"shapes":[{"ty":"gr","it":[{"ty":"rc","d":1,"s":{"a":0,"k":[400,400],"ix":2},"p":{"a":0,"k":[0,0],"ix":3},"r":{"a":0,"k":0,"ix":4},"nm":"Rectangle Path 1","mn":"ADBE Vector Shape - Rect","hd":false},{"ty":"st","c":{"a":0,"k":[0,0.61960786581,0.57647061348,1],"ix":3},"o":{"a":0,"k":100,"ix":4},"w":{"a":0,"k":0,"ix":5},"lc":1,"lj":1,"ml":4,"bm":0,"nm":"Stroke 1","mn":"ADBE Vector Graphic - Stroke","hd":false},{"ty":"fl","c":{"a":0,"k":[0,0.61960786581,0.57647061348,1],"ix":4},"o":{"a":0,"k":100,"ix":5},"r":1,"bm":0,"nm":"Fill 1","mn":"ADBE Vector Graphic - Fill","hd":false},{"ty":"tr","p":{"a":0,"k":[0,0],"ix":2},"a":{"a":0,"k":[0,0],"ix":1},"s":{"a":0,"k":[100,100],"ix":3},"r":{"a":0,"k":45,"ix":6},"o":{"a":0,"k":100,"ix":7},"sk":{"a":0,"k":0,"ix":4},"sa":{"a":0,"k":0,"ix":5},"nm":"变换"}],"nm":"Rectangle 1","np":3,"cix":2,"bm":0,"ix":1,"mn":"ADBE Vector Group","hd":false},{"ty":"tm","s":{"a":0,"k":0,"ix":1},"e":{"a":0,"k":100,"ix":2},"o":{"a":0,"k":0,"ix":3},"m":1,"ix":2,"nm":"Trim Paths 1","mn":"ADBE Vector Filter - Trim","hd":false}],"ip":8.0078125,"op":608.609375,"st":8.0078125,"bm":0},{"ddd":0,"ind":6,"ty":4,"nm":"Shape Layer 16","sr":1,"ks":{"o":{"a":0,"k":30,"ix":11},"r":{"a":1,"k":[{"i":{"x":[0.23],"y":[1]},"o":{"x":[0.77],"y":[0]},"t":34.033,"s":[90]},{"t":80.080078125,"s":[270]}],"ix":10},"p":{"a":0,"k":[960,750,0],"ix":2},"a":{"a":0,"k":[0,0,0],"ix":1},"s":{"a":1,"k":[{"i":{"x":[0.23,0.23,0.23],"y":[1,1,1]},"o":{"x":[0.77,0.77,0.77],"y":[0,0,0]},"t":34.033,"s":[0,0,100]},{"i":{"x":[0.28,0.28,0.28],"y":[1,1,1]},"o":{"x":[0.167,0.167,0.167],"y":[0,0,0]},"t":80.08,"s":[56,56,100]},{"i":{"x":[0.28,0.28,0.28],"y":[1,1,1]},"o":{"x":[0.72,0.72,0.72],"y":[0,0,0]},"t":140.141,"s":[56,56,100]},{"t":186.185546875,"s":[0,0,100]}],"ix":6}},"ao":0,"shapes":[{"ty":"gr","it":[{"ty":"rc","d":1,"s":{"a":0,"k":[400,400],"ix":2},"p":{"a":0,"k":[0,0],"ix":3},"r":{"a":0,"k":0,"ix":4},"nm":"Rectangle Path 1","mn":"ADBE Vector Shape - Rect","hd":false},{"ty":"st","c":{"a":0,"k":[0,0.61960786581,0.57647061348,1],"ix":3},"o":{"a":0,"k":100,"ix":4},"w":{"a":0,"k":0,"ix":5},"lc":1,"lj":1,"ml":4,"bm":0,"nm":"Stroke 1","mn":"ADBE Vector Graphic - Stroke","hd":false},{"ty":"fl","c":{"a":0,"k":[0,0.61960786581,0.57647061348,1],"ix":4},"o":{"a":0,"k":100,"ix":5},"r":1,"bm":0,"nm":"Fill 1","mn":"ADBE Vector Graphic - Fill","hd":false},{"ty":"tr","p":{"a":0,"k":[0,0],"ix":2},"a":{"a":0,"k":[0,0],"ix":1},"s":{"a":0,"k":[100,100],"ix":3},"r":{"a":0,"k":45,"ix":6},"o":{"a":0,"k":100,"ix":7},"sk":{"a":0,"k":0,"ix":4},"sa":{"a":0,"k":0,"ix":5},"nm":"变换"}],"nm":"Rectangle 1","np":3,"cix":2,"bm":0,"ix":1,"mn":"ADBE Vector Group","hd":false},{"ty":"tm","s":{"a":0,"k":0,"ix":1},"e":{"a":0,"k":100,"ix":2},"o":{"a":0,"k":0,"ix":3},"m":1,"ix":2,"nm":"Trim Paths 1","mn":"ADBE Vector Filter - Trim","hd":false}],"ip":4.00390625,"op":604.60546875,"st":4.00390625,"bm":0},{"ddd":0,"ind":7,"ty":0,"nm":"头像","refId":"comp_2","sr":1,"ks":{"o":{"a":0,"k":100,"ix":11},"r":{"a":0,"k":0,"ix":10},"p":{"a":0,"k":[960,750,0],"ix":2},"a":{"a":0,"k":[600,250,0],"ix":1},"s":{"a":1,"k":[{"t":144.145,"s":[80,80,100],"h":1},{"t":168.168,"s":[80,80,100],"h":1},{"t":192.193,"s":[80,80,100],"h":1},{"t":206.207,"s":[80,80,100],"h":1},{"t":220.220703125,"s":[80,80,100],"h":1}],"ix":6}},"ao":0,"w":1200,"h":500,"ip":144.14453125,"op":744.744140625,"st":144.14453125,"bm":0},{"ddd":0,"ind":8,"ty":4,"nm":"Shape Layer 15","sr":1,"ks":{"o":{"a":0,"k":30,"ix":11},"r":{"a":1,"k":[{"i":{"x":[0.23],"y":[1]},"o":{"x":[0.77],"y":[0]},"t":30.029,"s":[90]},{"t":76.076171875,"s":[270]}],"ix":10},"p":{"a":0,"k":[960,750,0],"ix":2},"a":{"a":0,"k":[0,0,0],"ix":1},"s":{"a":1,"k":[{"i":{"x":[0.23,0.23,0.23],"y":[1,1,1]},"o":{"x":[0.77,0.77,0.77],"y":[0,0,0]},"t":30.029,"s":[0,0,100]},{"i":{"x":[0.28,0.28,0.28],"y":[1,1,1]},"o":{"x":[0.167,0.167,0.167],"y":[0,0,0]},"t":76.076,"s":[56,56,100]},{"i":{"x":[0.28,0.28,0.28],"y":[1,1,1]},"o":{"x":[0.72,0.72,0.72],"y":[0,0,0]},"t":154.154,"s":[56,56,100]},{"t":200.201171875,"s":[0,0,100]}],"ix":6}},"ao":0,"shapes":[{"ty":"gr","it":[{"ty":"rc","d":1,"s":{"a":0,"k":[400,400],"ix":2},"p":{"a":0,"k":[0,0],"ix":3},"r":{"a":0,"k":0,"ix":4},"nm":"Rectangle Path 1","mn":"ADBE Vector Shape - Rect","hd":false},{"ty":"st","c":{"a":0,"k":[0,0.61960786581,0.57647061348,1],"ix":3},"o":{"a":0,"k":100,"ix":4},"w":{"a":0,"k":0,"ix":5},"lc":1,"lj":1,"ml":4,"bm":0,"nm":"Stroke 1","mn":"ADBE Vector Graphic - Stroke","hd":false},{"ty":"fl","c":{"a":0,"k":[0,0.61960786581,0.57647061348,1],"ix":4},"o":{"a":0,"k":100,"ix":5},"r":1,"bm":0,"nm":"Fill 1","mn":"ADBE Vector Graphic - Fill","hd":false},{"ty":"tr","p":{"a":0,"k":[0,0],"ix":2},"a":{"a":0,"k":[0,0],"ix":1},"s":{"a":0,"k":[100,100],"ix":3},"r":{"a":0,"k":45,"ix":6},"o":{"a":0,"k":100,"ix":7},"sk":{"a":0,"k":0,"ix":4},"sa":{"a":0,"k":0,"ix":5},"nm":"变换"}],"nm":"Rectangle 1","np":3,"cix":2,"bm":0,"ix":1,"mn":"ADBE Vector Group","hd":false},{"ty":"tm","s":{"a":0,"k":0,"ix":1},"e":{"a":0,"k":100,"ix":2},"o":{"a":0,"k":0,"ix":3},"m":1,"ix":2,"nm":"Trim Paths 1","mn":"ADBE Vector Filter - Trim","hd":false}],"ip":0,"op":600.6015625,"st":0,"bm":0},{"ddd":0,"ind":9,"ty":4,"nm":"Shape Layer 13","sr":1,"ks":{"o":{"a":0,"k":100,"ix":11},"r":{"a":0,"k":0,"ix":10},"p":{"a":0,"k":[960,750,0],"ix":2},"a":{"a":0,"k":[0,0,0],"ix":1},"s":{"a":0,"k":[100,100,100],"ix":6}},"ao":0,"shapes":[{"ty":"gr","it":[{"d":1,"ty":"el","s":{"a":1,"k":[{"i":{"x":[0.2,0.2],"y":[1,1]},"o":{"x":[0.8,0.8],"y":[0,0]},"t":10.01,"s":[0,0]},{"t":72.072265625,"s":[500,500]}],"ix":2},"p":{"a":0,"k":[0,0],"ix":3},"nm":"Ellipse Path 1","mn":"ADBE Vector Shape - Ellipse","hd":false},{"ty":"st","c":{"a":0,"k":[0.164705887437,0.57647061348,0.815686285496,1],"ix":3},"o":{"a":0,"k":100,"ix":4},"w":{"a":1,"k":[{"i":{"x":[0.667],"y":[1]},"o":{"x":[0.333],"y":[0]},"t":42.041,"s":[4]},{"t":72.072265625,"s":[0]}],"ix":5},"lc":1,"lj":1,"ml":4,"bm":0,"nm":"Stroke 1","mn":"ADBE Vector Graphic - Stroke","hd":false},{"ty":"tr","p":{"a":0,"k":[0,0],"ix":2},"a":{"a":0,"k":[0,0],"ix":1},"s":{"a":0,"k":[100,100],"ix":3},"r":{"a":0,"k":0,"ix":6},"o":{"a":0,"k":100,"ix":7},"sk":{"a":0,"k":0,"ix":4},"sa":{"a":0,"k":0,"ix":5},"nm":"变换"}],"nm":"Ellipse 1","np":2,"cix":2,"bm":0,"ix":1,"mn":"ADBE Vector Group","hd":false}],"ip":10.009765625,"op":610.611328125,"st":10.009765625,"bm":0},{"ddd":0,"ind":10,"ty":4,"nm":"Shape Layer 12","sr":1,"ks":{"o":{"a":0,"k":100,"ix":11},"r":{"a":0,"k":45,"ix":10},"p":{"a":0,"k":[964,754,0],"ix":2},"a":{"a":0,"k":[0,0,0],"ix":1},"s":{"a":1,"k":[{"i":{"x":[0.14,0.14,0.14],"y":[1,1,1]},"o":{"x":[0.86,0.86,0.86],"y":[0,0,0]},"t":4.004,"s":[0,100,100]},{"t":64.064453125,"s":[100,100,100]}],"ix":6}},"ao":0,"shapes":[{"ty":"gr","it":[{"ind":0,"ty":"sh","ix":1,"ks":{"a":0,"k":{"i":[[0,0],[0,0]],"o":[[0,0],[0,0]],"v":[[-240,0],[238,0]],"c":false},"ix":2},"nm":"路径 1","mn":"ADBE Vector Shape - Group","hd":false},{"ty":"st","c":{"a":0,"k":[0.941176474094,0.305882364511,0.368627458811,1],"ix":3},"o":{"a":0,"k":100,"ix":4},"w":{"a":0,"k":4,"ix":5},"lc":2,"lj":1,"ml":4,"bm":0,"nm":"Stroke 1","mn":"ADBE Vector Graphic - Stroke","hd":false},{"ty":"tr","p":{"a":0,"k":[0,0],"ix":2},"a":{"a":0,"k":[0,0],"ix":1},"s":{"a":0,"k":[100,100],"ix":3},"r":{"a":0,"k":0,"ix":6},"o":{"a":0,"k":100,"ix":7},"sk":{"a":0,"k":0,"ix":4},"sa":{"a":0,"k":0,"ix":5},"nm":"变换"}],"nm":"Shape 1","np":2,"cix":2,"bm":0,"ix":1,"mn":"ADBE Vector Group","hd":false},{"ty":"tm","s":{"a":0,"k":0,"ix":1},"e":{"a":1,"k":[{"i":{"x":[0.22],"y":[1]},"o":{"x":[0.78],"y":[0]},"t":4.004,"s":[100]},{"t":82.08203125,"s":[0]}],"ix":2},"o":{"a":0,"k":0,"ix":3},"m":1,"ix":2,"nm":"Trim Paths 1","mn":"ADBE Vector Filter - Trim","hd":false}],"ip":4.00390625,"op":604.60546875,"st":4.00390625,"bm":0},{"ddd":0,"ind":11,"ty":4,"nm":"Shape Layer 11","sr":1,"ks":{"o":{"a":0,"k":100,"ix":11},"r":{"a":0,"k":225,"ix":10},"p":{"a":0,"k":[964,754,0],"ix":2},"a":{"a":0,"k":[0,0,0],"ix":1},"s":{"a":1,"k":[{"i":{"x":[0.14,0.14,0.14],"y":[1,1,1]},"o":{"x":[0.86,0.86,0.86],"y":[0,0,0]},"t":4.004,"s":[0,100,100]},{"t":64.064453125,"s":[100,100,100]}],"ix":6}},"ao":0,"shapes":[{"ty":"gr","it":[{"ind":0,"ty":"sh","ix":1,"ks":{"a":0,"k":{"i":[[0,0],[0,0]],"o":[[0,0],[0,0]],"v":[[-240,0],[238,0]],"c":false},"ix":2},"nm":"路径 1","mn":"ADBE Vector Shape - Group","hd":false},{"ty":"st","c":{"a":0,"k":[0.941176474094,0.305882364511,0.368627458811,1],"ix":3},"o":{"a":0,"k":100,"ix":4},"w":{"a":0,"k":4,"ix":5},"lc":2,"lj":1,"ml":4,"bm":0,"nm":"Stroke 1","mn":"ADBE Vector Graphic - Stroke","hd":false},{"ty":"tr","p":{"a":0,"k":[0,0],"ix":2},"a":{"a":0,"k":[0,0],"ix":1},"s":{"a":0,"k":[100,100],"ix":3},"r":{"a":0,"k":0,"ix":6},"o":{"a":0,"k":100,"ix":7},"sk":{"a":0,"k":0,"ix":4},"sa":{"a":0,"k":0,"ix":5},"nm":"变换"}],"nm":"Shape 1","np":2,"cix":2,"bm":0,"ix":1,"mn":"ADBE Vector Group","hd":false},{"ty":"tm","s":{"a":0,"k":0,"ix":1},"e":{"a":1,"k":[{"i":{"x":[0.22],"y":[1]},"o":{"x":[0.78],"y":[0]},"t":4.004,"s":[100]},{"t":82.08203125,"s":[0]}],"ix":2},"o":{"a":0,"k":0,"ix":3},"m":1,"ix":2,"nm":"Trim Paths 1","mn":"ADBE Vector Filter - Trim","hd":false}],"ip":4.00390625,"op":604.60546875,"st":4.00390625,"bm":0},{"ddd":0,"ind":12,"ty":4,"nm":"Shape Layer 10","sr":1,"ks":{"o":{"a":0,"k":100,"ix":11},"r":{"a":0,"k":135,"ix":10},"p":{"a":0,"k":[964,754,0],"ix":2},"a":{"a":0,"k":[0,0,0],"ix":1},"s":{"a":1,"k":[{"i":{"x":[0.14,0.14,0.14],"y":[1,1,1]},"o":{"x":[0.86,0.86,0.86],"y":[0,0,0]},"t":4.004,"s":[0,100,100]},{"t":64.064453125,"s":[100,100,100]}],"ix":6}},"ao":0,"shapes":[{"ty":"gr","it":[{"ind":0,"ty":"sh","ix":1,"ks":{"a":0,"k":{"i":[[0,0],[0,0]],"o":[[0,0],[0,0]],"v":[[-240,0],[238,0]],"c":false},"ix":2},"nm":"路径 1","mn":"ADBE Vector Shape - Group","hd":false},{"ty":"st","c":{"a":0,"k":[0.941176474094,0.305882364511,0.368627458811,1],"ix":3},"o":{"a":0,"k":100,"ix":4},"w":{"a":0,"k":4,"ix":5},"lc":2,"lj":1,"ml":4,"bm":0,"nm":"Stroke 1","mn":"ADBE Vector Graphic - Stroke","hd":false},{"ty":"tr","p":{"a":0,"k":[0,0],"ix":2},"a":{"a":0,"k":[0,0],"ix":1},"s":{"a":0,"k":[100,100],"ix":3},"r":{"a":0,"k":0,"ix":6},"o":{"a":0,"k":100,"ix":7},"sk":{"a":0,"k":0,"ix":4},"sa":{"a":0,"k":0,"ix":5},"nm":"变换"}],"nm":"Shape 1","np":2,"cix":2,"bm":0,"ix":1,"mn":"ADBE Vector Group","hd":false},{"ty":"tm","s":{"a":0,"k":0,"ix":1},"e":{"a":1,"k":[{"i":{"x":[0.22],"y":[1]},"o":{"x":[0.78],"y":[0]},"t":4.004,"s":[100]},{"t":82.08203125,"s":[0]}],"ix":2},"o":{"a":0,"k":0,"ix":3},"m":1,"ix":2,"nm":"Trim Paths 1","mn":"ADBE Vector Filter - Trim","hd":false}],"ip":4.00390625,"op":604.60546875,"st":4.00390625,"bm":0},{"ddd":0,"ind":13,"ty":4,"nm":"Shape Layer 8","sr":1,"ks":{"o":{"a":0,"k":100,"ix":11},"r":{"a":0,"k":-45,"ix":10},"p":{"a":0,"k":[964,754,0],"ix":2},"a":{"a":0,"k":[0,0,0],"ix":1},"s":{"a":1,"k":[{"i":{"x":[0.14,0.14,0.14],"y":[1,1,1]},"o":{"x":[0.86,0.86,0.86],"y":[0,0,0]},"t":4.004,"s":[0,100,100]},{"t":64.064453125,"s":[100,100,100]}],"ix":6}},"ao":0,"shapes":[{"ty":"gr","it":[{"ind":0,"ty":"sh","ix":1,"ks":{"a":0,"k":{"i":[[0,0],[0,0]],"o":[[0,0],[0,0]],"v":[[-240,0],[238,0]],"c":false},"ix":2},"nm":"路径 1","mn":"ADBE Vector Shape - Group","hd":false},{"ty":"st","c":{"a":0,"k":[0.941176474094,0.305882364511,0.368627458811,1],"ix":3},"o":{"a":0,"k":100,"ix":4},"w":{"a":0,"k":4,"ix":5},"lc":2,"lj":1,"ml":4,"bm":0,"nm":"Stroke 1","mn":"ADBE Vector Graphic - Stroke","hd":false},{"ty":"tr","p":{"a":0,"k":[0,0],"ix":2},"a":{"a":0,"k":[0,0],"ix":1},"s":{"a":0,"k":[100,100],"ix":3},"r":{"a":0,"k":0,"ix":6},"o":{"a":0,"k":100,"ix":7},"sk":{"a":0,"k":0,"ix":4},"sa":{"a":0,"k":0,"ix":5},"nm":"变换"}],"nm":"Shape 1","np":2,"cix":2,"bm":0,"ix":1,"mn":"ADBE Vector Group","hd":false},{"ty":"tm","s":{"a":0,"k":0,"ix":1},"e":{"a":1,"k":[{"i":{"x":[0.22],"y":[1]},"o":{"x":[0.78],"y":[0]},"t":4.004,"s":[100]},{"t":82.08203125,"s":[0]}],"ix":2},"o":{"a":0,"k":0,"ix":3},"m":1,"ix":2,"nm":"Trim Paths 1","mn":"ADBE Vector Filter - Trim","hd":false}],"ip":4.00390625,"op":604.60546875,"st":4.00390625,"bm":0},{"ddd":0,"ind":14,"ty":4,"nm":"Shape Layer 28","sr":1,"ks":{"o":{"a":0,"k":100,"ix":11},"r":{"a":0,"k":45,"ix":10},"p":{"a":0,"k":[960,750,0],"ix":2},"a":{"a":0,"k":[0,0,0],"ix":1},"s":{"a":1,"k":[{"i":{"x":[0.14,0.14,0.14],"y":[1,1,1]},"o":{"x":[0.86,0.86,0.86],"y":[0,0,0]},"t":0,"s":[0,100,100]},{"t":60.060546875,"s":[100,100,100]}],"ix":6}},"ao":0,"shapes":[{"ty":"gr","it":[{"ind":0,"ty":"sh","ix":1,"ks":{"a":0,"k":{"i":[[0,0],[0,0]],"o":[[0,0],[0,0]],"v":[[-240,0],[238,0]],"c":false},"ix":2},"nm":"路径 1","mn":"ADBE Vector Shape - Group","hd":false},{"ty":"st","c":{"a":0,"k":[0,0.61960786581,0.57647061348,1],"ix":3},"o":{"a":0,"k":100,"ix":4},"w":{"a":0,"k":4,"ix":5},"lc":2,"lj":1,"ml":4,"bm":0,"nm":"Stroke 1","mn":"ADBE Vector Graphic - Stroke","hd":false},{"ty":"tr","p":{"a":0,"k":[0,0],"ix":2},"a":{"a":0,"k":[0,0],"ix":1},"s":{"a":0,"k":[100,100],"ix":3},"r":{"a":0,"k":0,"ix":6},"o":{"a":0,"k":100,"ix":7},"sk":{"a":0,"k":0,"ix":4},"sa":{"a":0,"k":0,"ix":5},"nm":"变换"}],"nm":"Shape 1","np":2,"cix":2,"bm":0,"ix":1,"mn":"ADBE Vector Group","hd":false},{"ty":"tm","s":{"a":0,"k":0,"ix":1},"e":{"a":1,"k":[{"i":{"x":[0.22],"y":[1]},"o":{"x":[0.78],"y":[0]},"t":0,"s":[100]},{"t":78.078125,"s":[0]}],"ix":2},"o":{"a":0,"k":0,"ix":3},"m":1,"ix":2,"nm":"Trim Paths 1","mn":"ADBE Vector Filter - Trim","hd":false}],"ip":0,"op":600.6015625,"st":0,"bm":0},{"ddd":0,"ind":15,"ty":4,"nm":"Shape Layer 27","sr":1,"ks":{"o":{"a":0,"k":100,"ix":11},"r":{"a":0,"k":225,"ix":10},"p":{"a":0,"k":[960,750,0],"ix":2},"a":{"a":0,"k":[0,0,0],"ix":1},"s":{"a":1,"k":[{"i":{"x":[0.14,0.14,0.14],"y":[1,1,1]},"o":{"x":[0.86,0.86,0.86],"y":[0,0,0]},"t":0,"s":[0,100,100]},{"t":60.060546875,"s":[100,100,100]}],"ix":6}},"ao":0,"shapes":[{"ty":"gr","it":[{"ind":0,"ty":"sh","ix":1,"ks":{"a":0,"k":{"i":[[0,0],[0,0]],"o":[[0,0],[0,0]],"v":[[-240,0],[238,0]],"c":false},"ix":2},"nm":"路径 1","mn":"ADBE Vector Shape - Group","hd":false},{"ty":"st","c":{"a":0,"k":[0,0.61960786581,0.57647061348,1],"ix":3},"o":{"a":0,"k":100,"ix":4},"w":{"a":0,"k":4,"ix":5},"lc":2,"lj":1,"ml":4,"bm":0,"nm":"Stroke 1","mn":"ADBE Vector Graphic - Stroke","hd":false},{"ty":"tr","p":{"a":0,"k":[0,0],"ix":2},"a":{"a":0,"k":[0,0],"ix":1},"s":{"a":0,"k":[100,100],"ix":3},"r":{"a":0,"k":0,"ix":6},"o":{"a":0,"k":100,"ix":7},"sk":{"a":0,"k":0,"ix":4},"sa":{"a":0,"k":0,"ix":5},"nm":"变换"}],"nm":"Shape 1","np":2,"cix":2,"bm":0,"ix":1,"mn":"ADBE Vector Group","hd":false},{"ty":"tm","s":{"a":0,"k":0,"ix":1},"e":{"a":1,"k":[{"i":{"x":[0.22],"y":[1]},"o":{"x":[0.78],"y":[0]},"t":0,"s":[100]},{"t":78.078125,"s":[0]}],"ix":2},"o":{"a":0,"k":0,"ix":3},"m":1,"ix":2,"nm":"Trim Paths 1","mn":"ADBE Vector Filter - Trim","hd":false}],"ip":0,"op":600.6015625,"st":0,"bm":0},{"ddd":0,"ind":16,"ty":4,"nm":"Shape Layer 26","sr":1,"ks":{"o":{"a":0,"k":100,"ix":11},"r":{"a":0,"k":135,"ix":10},"p":{"a":0,"k":[960,750,0],"ix":2},"a":{"a":0,"k":[0,0,0],"ix":1},"s":{"a":1,"k":[{"i":{"x":[0.14,0.14,0.14],"y":[1,1,1]},"o":{"x":[0.86,0.86,0.86],"y":[0,0,0]},"t":0,"s":[0,100,100]},{"t":60.060546875,"s":[100,100,100]}],"ix":6}},"ao":0,"shapes":[{"ty":"gr","it":[{"ind":0,"ty":"sh","ix":1,"ks":{"a":0,"k":{"i":[[0,0],[0,0]],"o":[[0,0],[0,0]],"v":[[-240,0],[238,0]],"c":false},"ix":2},"nm":"路径 1","mn":"ADBE Vector Shape - Group","hd":false},{"ty":"st","c":{"a":0,"k":[0,0.61960786581,0.57647061348,1],"ix":3},"o":{"a":0,"k":100,"ix":4},"w":{"a":0,"k":4,"ix":5},"lc":2,"lj":1,"ml":4,"bm":0,"nm":"Stroke 1","mn":"ADBE Vector Graphic - Stroke","hd":false},{"ty":"tr","p":{"a":0,"k":[0,0],"ix":2},"a":{"a":0,"k":[0,0],"ix":1},"s":{"a":0,"k":[100,100],"ix":3},"r":{"a":0,"k":0,"ix":6},"o":{"a":0,"k":100,"ix":7},"sk":{"a":0,"k":0,"ix":4},"sa":{"a":0,"k":0,"ix":5},"nm":"变换"}],"nm":"Shape 1","np":2,"cix":2,"bm":0,"ix":1,"mn":"ADBE Vector Group","hd":false},{"ty":"tm","s":{"a":0,"k":0,"ix":1},"e":{"a":1,"k":[{"i":{"x":[0.22],"y":[1]},"o":{"x":[0.78],"y":[0]},"t":0,"s":[100]},{"t":78.078125,"s":[0]}],"ix":2},"o":{"a":0,"k":0,"ix":3},"m":1,"ix":2,"nm":"Trim Paths 1","mn":"ADBE Vector Filter - Trim","hd":false}],"ip":0,"op":600.6015625,"st":0,"bm":0},{"ddd":0,"ind":17,"ty":4,"nm":"Shape Layer 25","sr":1,"ks":{"o":{"a":0,"k":100,"ix":11},"r":{"a":0,"k":-45,"ix":10},"p":{"a":0,"k":[960,750,0],"ix":2},"a":{"a":0,"k":[0,0,0],"ix":1},"s":{"a":1,"k":[{"i":{"x":[0.14,0.14,0.14],"y":[1,1,1]},"o":{"x":[0.86,0.86,0.86],"y":[0,0,0]},"t":0,"s":[0,100,100]},{"t":60.060546875,"s":[100,100,100]}],"ix":6}},"ao":0,"shapes":[{"ty":"gr","it":[{"ind":0,"ty":"sh","ix":1,"ks":{"a":0,"k":{"i":[[0,0],[0,0]],"o":[[0,0],[0,0]],"v":[[-240,0],[238,0]],"c":false},"ix":2},"nm":"路径 1","mn":"ADBE Vector Shape - Group","hd":false},{"ty":"st","c":{"a":0,"k":[0,0.61960786581,0.57647061348,1],"ix":3},"o":{"a":0,"k":100,"ix":4},"w":{"a":0,"k":4,"ix":5},"lc":2,"lj":1,"ml":4,"bm":0,"nm":"Stroke 1","mn":"ADBE Vector Graphic - Stroke","hd":false},{"ty":"tr","p":{"a":0,"k":[0,0],"ix":2},"a":{"a":0,"k":[0,0],"ix":1},"s":{"a":0,"k":[100,100],"ix":3},"r":{"a":0,"k":0,"ix":6},"o":{"a":0,"k":100,"ix":7},"sk":{"a":0,"k":0,"ix":4},"sa":{"a":0,"k":0,"ix":5},"nm":"变换"}],"nm":"Shape 1","np":2,"cix":2,"bm":0,"ix":1,"mn":"ADBE Vector Group","hd":false},{"ty":"tm","s":{"a":0,"k":0,"ix":1},"e":{"a":1,"k":[{"i":{"x":[0.22],"y":[1]},"o":{"x":[0.78],"y":[0]},"t":0,"s":[100]},{"t":78.078125,"s":[0]}],"ix":2},"o":{"a":0,"k":0,"ix":3},"m":1,"ix":2,"nm":"Trim Paths 1","mn":"ADBE Vector Filter - Trim","hd":false}],"ip":0,"op":600.6015625,"st":0,"bm":0},{"ddd":0,"ind":18,"ty":4,"nm":"Shape Layer 7","sr":1,"ks":{"o":{"a":0,"k":100,"ix":11},"r":{"a":0,"k":0,"ix":10},"p":{"a":0,"k":[960,750,0],"ix":2},"a":{"a":0,"k":[0,0,0],"ix":1},"s":{"a":0,"k":[100,100,100],"ix":6}},"ao":0,"shapes":[{"ty":"gr","it":[{"ind":0,"ty":"sh","ix":1,"ks":{"a":0,"k":{"i":[[0,0],[0,0],[0,0],[0,0]],"o":[[0,0],[0,0],[0,0],[0,0]],"v":[[488,-547],[486,-347],[328,-189],[330,-48]],"c":false},"ix":2},"nm":"路径 1","mn":"ADBE Vector Shape - Group","hd":false},{"ty":"st","c":{"a":0,"k":[0.168627455831,0.57647061348,0.815686285496,1],"ix":3},"o":{"a":0,"k":100,"ix":4},"w":{"a":0,"k":4,"ix":5},"lc":2,"lj":2,"bm":0,"nm":"Stroke 1","mn":"ADBE Vector Graphic - Stroke","hd":false},{"ty":"tr","p":{"a":0,"k":[0,0],"ix":2},"a":{"a":0,"k":[0,0],"ix":1},"s":{"a":0,"k":[100,100],"ix":3},"r":{"a":0,"k":0,"ix":6},"o":{"a":0,"k":100,"ix":7},"sk":{"a":0,"k":0,"ix":4},"sa":{"a":0,"k":0,"ix":5},"nm":"变换"}],"nm":"Shape 1","np":2,"cix":2,"bm":0,"ix":1,"mn":"ADBE Vector Group","hd":false},{"ty":"tm","s":{"a":1,"k":[{"i":{"x":[0.24],"y":[1]},"o":{"x":[0.76],"y":[0]},"t":68.066,"s":[0]},{"t":142.142578125,"s":[100]}],"ix":1},"e":{"a":1,"k":[{"i":{"x":[0.24],"y":[1]},"o":{"x":[0.76],"y":[0]},"t":42.043,"s":[0]},{"t":142.142578125,"s":[100]}],"ix":2},"o":{"a":0,"k":0,"ix":3},"m":1,"ix":2,"nm":"Trim Paths 1","mn":"ADBE Vector Filter - Trim","hd":false}],"ip":42.04296875,"op":642.642578125,"st":42.04296875,"bm":0},{"ddd":0,"ind":19,"ty":4,"nm":"Shape Layer 6","sr":1,"ks":{"o":{"a":0,"k":100,"ix":11},"r":{"a":0,"k":0,"ix":10},"p":{"a":0,"k":[960,750,0],"ix":2},"a":{"a":0,"k":[0,0,0],"ix":1},"s":{"a":0,"k":[100,100,100],"ix":6}},"ao":0,"shapes":[{"ty":"gr","it":[{"ind":0,"ty":"sh","ix":1,"ks":{"a":0,"k":{"i":[[0,0],[0,0],[0,0],[0,0]],"o":[[0,0],[0,0],[0,0],[0,0]],"v":[[-560,540],[-558,340],[-400,182],[-402,41]],"c":false},"ix":2},"nm":"路径 1","mn":"ADBE Vector Shape - Group","hd":false},{"ty":"st","c":{"a":0,"k":[0.164705887437,0.57647061348,0.815686285496,1],"ix":3},"o":{"a":0,"k":100,"ix":4},"w":{"a":0,"k":4,"ix":5},"lc":2,"lj":2,"bm":0,"nm":"Stroke 1","mn":"ADBE Vector Graphic - Stroke","hd":false},{"ty":"tr","p":{"a":0,"k":[0,0],"ix":2},"a":{"a":0,"k":[0,0],"ix":1},"s":{"a":0,"k":[100,100],"ix":3},"r":{"a":0,"k":0,"ix":6},"o":{"a":0,"k":100,"ix":7},"sk":{"a":0,"k":0,"ix":4},"sa":{"a":0,"k":0,"ix":5},"nm":"变换"}],"nm":"Shape 1","np":2,"cix":2,"bm":0,"ix":1,"mn":"ADBE Vector Group","hd":false},{"ty":"tm","s":{"a":1,"k":[{"i":{"x":[0.24],"y":[1]},"o":{"x":[0.76],"y":[0]},"t":54.053,"s":[0]},{"t":128.126953125,"s":[100]}],"ix":1},"e":{"a":1,"k":[{"i":{"x":[0.24],"y":[1]},"o":{"x":[0.76],"y":[0]},"t":28.027,"s":[0]},{"t":128.126953125,"s":[100]}],"ix":2},"o":{"a":0,"k":0,"ix":3},"m":1,"ix":2,"nm":"Trim Paths 1","mn":"ADBE Vector Filter - Trim","hd":false}],"ip":28.02734375,"op":628.62890625,"st":28.02734375,"bm":0},{"ddd":0,"ind":20,"ty":4,"nm":"Shape Layer 22","sr":1,"ks":{"o":{"a":0,"k":100,"ix":11},"r":{"a":0,"k":0,"ix":10},"p":{"a":0,"k":[960,750,0],"ix":2},"a":{"a":0,"k":[0,0,0],"ix":1},"s":{"a":0,"k":[100,100,100],"ix":6}},"ao":0,"shapes":[{"ty":"gr","it":[{"ind":0,"ty":"sh","ix":1,"ks":{"a":0,"k":{"i":[[0,0],[0,0],[0,0],[0,0]],"o":[[0,0],[0,0],[0,0],[0,0]],"v":[[-400,540],[-398,340],[-242,181],[0,182]],"c":false},"ix":2},"nm":"路径 1","mn":"ADBE Vector Shape - Group","hd":false},{"ty":"st","c":{"a":0,"k":[0,0.61960786581,0.57647061348,1],"ix":3},"o":{"a":0,"k":100,"ix":4},"w":{"a":0,"k":4,"ix":5},"lc":2,"lj":2,"bm":0,"nm":"Stroke 1","mn":"ADBE Vector Graphic - Stroke","hd":false},{"ty":"tr","p":{"a":0,"k":[0,0],"ix":2},"a":{"a":0,"k":[0,0],"ix":1},"s":{"a":0,"k":[100,100],"ix":3},"r":{"a":0,"k":0,"ix":6},"o":{"a":0,"k":100,"ix":7},"sk":{"a":0,"k":0,"ix":4},"sa":{"a":0,"k":0,"ix":5},"nm":"变换"}],"nm":"Shape 1","np":2,"cix":2,"bm":0,"ix":1,"mn":"ADBE Vector Group","hd":false},{"ty":"tm","s":{"a":1,"k":[{"i":{"x":[0.24],"y":[1]},"o":{"x":[0.76],"y":[0]},"t":148.148,"s":[0]},{"t":222.22265625,"s":[100]}],"ix":1},"e":{"a":1,"k":[{"i":{"x":[0.24],"y":[1]},"o":{"x":[0.76],"y":[0]},"t":122.121,"s":[0]},{"t":222.22265625,"s":[100]}],"ix":2},"o":{"a":0,"k":0,"ix":3},"m":1,"ix":2,"nm":"Trim Paths 1","mn":"ADBE Vector Filter - Trim","hd":false}],"ip":122.123046875,"op":722.72265625,"st":122.123046875,"bm":0},{"ddd":0,"ind":21,"ty":4,"nm":"Shape Layer 5","sr":1,"ks":{"o":{"a":0,"k":100,"ix":11},"r":{"a":0,"k":0,"ix":10},"p":{"a":0,"k":[960,750,0],"ix":2},"a":{"a":0,"k":[0,0,0],"ix":1},"s":{"a":0,"k":[100,100,100],"ix":6}},"ao":0,"shapes":[{"ty":"gr","it":[{"ind":0,"ty":"sh","ix":1,"ks":{"a":0,"k":{"i":[[0,0],[0,0],[0,0],[0,0]],"o":[[0,0],[0,0],[0,0],[0,0]],"v":[[-400,540],[-398,340],[-242,181],[0,182]],"c":false},"ix":2},"nm":"路径 1","mn":"ADBE Vector Shape - Group","hd":false},{"ty":"st","c":{"a":0,"k":[0.168627455831,0.57647061348,0.815686285496,1],"ix":3},"o":{"a":0,"k":100,"ix":4},"w":{"a":0,"k":4,"ix":5},"lc":2,"lj":2,"bm":0,"nm":"Stroke 1","mn":"ADBE Vector Graphic - Stroke","hd":false},{"ty":"tr","p":{"a":0,"k":[0,0],"ix":2},"a":{"a":0,"k":[0,0],"ix":1},"s":{"a":0,"k":[100,100],"ix":3},"r":{"a":0,"k":0,"ix":6},"o":{"a":0,"k":100,"ix":7},"sk":{"a":0,"k":0,"ix":4},"sa":{"a":0,"k":0,"ix":5},"nm":"变换"}],"nm":"Shape 1","np":2,"cix":2,"bm":0,"ix":1,"mn":"ADBE Vector Group","hd":false},{"ty":"tm","s":{"a":1,"k":[{"i":{"x":[0.24],"y":[1]},"o":{"x":[0.76],"y":[0]},"t":68.066,"s":[0]},{"t":142.142578125,"s":[100]}],"ix":1},"e":{"a":1,"k":[{"i":{"x":[0.24],"y":[1]},"o":{"x":[0.76],"y":[0]},"t":42.043,"s":[0]},{"t":142.142578125,"s":[100]}],"ix":2},"o":{"a":0,"k":0,"ix":3},"m":1,"ix":2,"nm":"Trim Paths 1","mn":"ADBE Vector Filter - Trim","hd":false}],"ip":42.04296875,"op":642.642578125,"st":42.04296875,"bm":0},{"ddd":0,"ind":22,"ty":4,"nm":"Shape Layer 21","sr":1,"ks":{"o":{"a":0,"k":100,"ix":11},"r":{"a":0,"k":0,"ix":10},"p":{"a":0,"k":[960,750,0],"ix":2},"a":{"a":0,"k":[0,0,0],"ix":1},"s":{"a":0,"k":[100,100,100],"ix":6}},"ao":0,"shapes":[{"ty":"gr","it":[{"ind":0,"ty":"sh","ix":1,"ks":{"a":0,"k":{"i":[[0,0],[0,0],[0,0],[0,0]],"o":[[0,0],[0,0],[0,0],[0,0]],"v":[[320,539],[322,259],[160,100],[0,100]],"c":false},"ix":2},"nm":"路径 1","mn":"ADBE Vector Shape - Group","hd":false},{"ty":"st","c":{"a":0,"k":[0,0.61960786581,0.57647061348,1],"ix":3},"o":{"a":0,"k":100,"ix":4},"w":{"a":0,"k":4,"ix":5},"lc":2,"lj":2,"bm":0,"nm":"Stroke 1","mn":"ADBE Vector Graphic - Stroke","hd":false},{"ty":"tr","p":{"a":0,"k":[0,0],"ix":2},"a":{"a":0,"k":[0,0],"ix":1},"s":{"a":0,"k":[100,100],"ix":3},"r":{"a":0,"k":0,"ix":6},"o":{"a":0,"k":100,"ix":7},"sk":{"a":0,"k":0,"ix":4},"sa":{"a":0,"k":0,"ix":5},"nm":"变换"}],"nm":"Shape 1","np":2,"cix":2,"bm":0,"ix":1,"mn":"ADBE Vector Group","hd":false},{"ty":"tm","s":{"a":1,"k":[{"i":{"x":[0.24],"y":[1]},"o":{"x":[0.76],"y":[0]},"t":136.137,"s":[0]},{"t":210.208984375,"s":[100]}],"ix":1},"e":{"a":1,"k":[{"i":{"x":[0.24],"y":[1]},"o":{"x":[0.76],"y":[0]},"t":110.109,"s":[0]},{"t":210.208984375,"s":[100]}],"ix":2},"o":{"a":0,"k":0,"ix":3},"m":1,"ix":2,"nm":"Trim Paths 1","mn":"ADBE Vector Filter - Trim","hd":false}],"ip":110.109375,"op":710.7109375,"st":110.109375,"bm":0},{"ddd":0,"ind":23,"ty":4,"nm":"Shape Layer 4","sr":1,"ks":{"o":{"a":0,"k":100,"ix":11},"r":{"a":0,"k":0,"ix":10},"p":{"a":0,"k":[960,750,0],"ix":2},"a":{"a":0,"k":[0,0,0],"ix":1},"s":{"a":0,"k":[100,100,100],"ix":6}},"ao":0,"shapes":[{"ty":"gr","it":[{"ind":0,"ty":"sh","ix":1,"ks":{"a":0,"k":{"i":[[0,0],[0,0],[0,0],[0,0]],"o":[[0,0],[0,0],[0,0],[0,0]],"v":[[320,539],[322,259],[160,100],[0,100]],"c":false},"ix":2},"nm":"路径 1","mn":"ADBE Vector Shape - Group","hd":false},{"ty":"st","c":{"a":0,"k":[0.168627455831,0.57647061348,0.815686285496,1],"ix":3},"o":{"a":0,"k":100,"ix":4},"w":{"a":0,"k":4,"ix":5},"lc":2,"lj":2,"bm":0,"nm":"Stroke 1","mn":"ADBE Vector Graphic - Stroke","hd":false},{"ty":"tr","p":{"a":0,"k":[0,0],"ix":2},"a":{"a":0,"k":[0,0],"ix":1},"s":{"a":0,"k":[100,100],"ix":3},"r":{"a":0,"k":0,"ix":6},"o":{"a":0,"k":100,"ix":7},"sk":{"a":0,"k":0,"ix":4},"sa":{"a":0,"k":0,"ix":5},"nm":"变换"}],"nm":"Shape 1","np":2,"cix":2,"bm":0,"ix":1,"mn":"ADBE Vector Group","hd":false},{"ty":"tm","s":{"a":1,"k":[{"i":{"x":[0.24],"y":[1]},"o":{"x":[0.76],"y":[0]},"t":56.055,"s":[0]},{"t":130.12890625,"s":[100]}],"ix":1},"e":{"a":1,"k":[{"i":{"x":[0.24],"y":[1]},"o":{"x":[0.76],"y":[0]},"t":30.029,"s":[0]},{"t":130.12890625,"s":[100]}],"ix":2},"o":{"a":0,"k":0,"ix":3},"m":1,"ix":2,"nm":"Trim Paths 1","mn":"ADBE Vector Filter - Trim","hd":false}],"ip":30.029296875,"op":630.630859375,"st":30.029296875,"bm":0},{"ddd":0,"ind":24,"ty":4,"nm":"Shape Layer 20","sr":1,"ks":{"o":{"a":0,"k":100,"ix":11},"r":{"a":0,"k":0,"ix":10},"p":{"a":0,"k":[960,750,0],"ix":2},"a":{"a":0,"k":[0,0,0],"ix":1},"s":{"a":0,"k":[100,100,100],"ix":6}},"ao":0,"shapes":[{"ty":"gr","it":[{"ind":0,"ty":"sh","ix":1,"ks":{"a":0,"k":{"i":[[0,0],[0,0],[0,0],[0,0]],"o":[[0,0],[0,0],[0,0],[0,0]],"v":[[960,-301],[559,-299],[320,-140],[78,-140]],"c":false},"ix":2},"nm":"路径 1","mn":"ADBE Vector Shape - Group","hd":false},{"ty":"st","c":{"a":0,"k":[0,0.61960786581,0.57647061348,1],"ix":3},"o":{"a":0,"k":100,"ix":4},"w":{"a":0,"k":4,"ix":5},"lc":2,"lj":2,"bm":0,"nm":"Stroke 1","mn":"ADBE Vector Graphic - Stroke","hd":false},{"ty":"tr","p":{"a":0,"k":[0,0],"ix":2},"a":{"a":0,"k":[0,0],"ix":1},"s":{"a":0,"k":[100,100],"ix":3},"r":{"a":0,"k":0,"ix":6},"o":{"a":0,"k":100,"ix":7},"sk":{"a":0,"k":0,"ix":4},"sa":{"a":0,"k":0,"ix":5},"nm":"变换"}],"nm":"Shape 1","np":2,"cix":2,"bm":0,"ix":1,"mn":"ADBE Vector Group","hd":false},{"ty":"tm","s":{"a":1,"k":[{"i":{"x":[0.24],"y":[1]},"o":{"x":[0.76],"y":[0]},"t":122.121,"s":[0]},{"t":196.1953125,"s":[100]}],"ix":1},"e":{"a":1,"k":[{"i":{"x":[0.24],"y":[1]},"o":{"x":[0.76],"y":[0]},"t":96.096,"s":[0]},{"t":196.1953125,"s":[100]}],"ix":2},"o":{"a":0,"k":0,"ix":3},"m":1,"ix":2,"nm":"Trim Paths 1","mn":"ADBE Vector Filter - Trim","hd":false}],"ip":96.095703125,"op":696.697265625,"st":96.095703125,"bm":0},{"ddd":0,"ind":25,"ty":4,"nm":"Shape Layer 3","sr":1,"ks":{"o":{"a":0,"k":100,"ix":11},"r":{"a":0,"k":0,"ix":10},"p":{"a":0,"k":[960,750,0],"ix":2},"a":{"a":0,"k":[0,0,0],"ix":1},"s":{"a":0,"k":[100,100,100],"ix":6}},"ao":0,"shapes":[{"ty":"gr","it":[{"ind":0,"ty":"sh","ix":1,"ks":{"a":0,"k":{"i":[[0,0],[0,0],[0,0],[0,0]],"o":[[0,0],[0,0],[0,0],[0,0]],"v":[[960,-301],[559,-299],[320,-140],[78,-140]],"c":false},"ix":2},"nm":"路径 1","mn":"ADBE Vector Shape - Group","hd":false},{"ty":"st","c":{"a":0,"k":[0.168627455831,0.57647061348,0.815686285496,1],"ix":3},"o":{"a":0,"k":100,"ix":4},"w":{"a":0,"k":4,"ix":5},"lc":2,"lj":2,"bm":0,"nm":"Stroke 1","mn":"ADBE Vector Graphic - Stroke","hd":false},{"ty":"tr","p":{"a":0,"k":[0,0],"ix":2},"a":{"a":0,"k":[0,0],"ix":1},"s":{"a":0,"k":[100,100],"ix":3},"r":{"a":0,"k":0,"ix":6},"o":{"a":0,"k":100,"ix":7},"sk":{"a":0,"k":0,"ix":4},"sa":{"a":0,"k":0,"ix":5},"nm":"变换"}],"nm":"Shape 1","np":2,"cix":2,"bm":0,"ix":1,"mn":"ADBE Vector Group","hd":false},{"ty":"tm","s":{"a":1,"k":[{"i":{"x":[0.24],"y":[1]},"o":{"x":[0.76],"y":[0]},"t":42.041,"s":[0]},{"t":116.115234375,"s":[100]}],"ix":1},"e":{"a":1,"k":[{"i":{"x":[0.24],"y":[1]},"o":{"x":[0.76],"y":[0]},"t":16.016,"s":[0]},{"t":116.115234375,"s":[100]}],"ix":2},"o":{"a":0,"k":0,"ix":3},"m":1,"ix":2,"nm":"Trim Paths 1","mn":"ADBE Vector Filter - Trim","hd":false}],"ip":16.015625,"op":616.6171875,"st":16.015625,"bm":0},{"ddd":0,"ind":26,"ty":4,"nm":"Shape Layer 19","sr":1,"ks":{"o":{"a":0,"k":100,"ix":11},"r":{"a":0,"k":0,"ix":10},"p":{"a":0,"k":[960,750,0],"ix":2},"a":{"a":0,"k":[0,0,0],"ix":1},"s":{"a":0,"k":[100,100,100],"ix":6}},"ao":0,"shapes":[{"ty":"gr","it":[{"ind":0,"ty":"sh","ix":1,"ks":{"a":0,"k":{"i":[[0,0],[0,0],[0,0],[0,0]],"o":[[0,0],[0,0],[0,0],[0,0]],"v":[[-80,-541],[-81,-301],[80,-140],[79,20]],"c":false},"ix":2},"nm":"路径 1","mn":"ADBE Vector Shape - Group","hd":false},{"ty":"st","c":{"a":0,"k":[0,0.61960786581,0.57647061348,1],"ix":3},"o":{"a":0,"k":100,"ix":4},"w":{"a":0,"k":4,"ix":5},"lc":2,"lj":2,"bm":0,"nm":"Stroke 1","mn":"ADBE Vector Graphic - Stroke","hd":false},{"ty":"tr","p":{"a":0,"k":[0,0],"ix":2},"a":{"a":0,"k":[0,0],"ix":1},"s":{"a":0,"k":[100,100],"ix":3},"r":{"a":0,"k":0,"ix":6},"o":{"a":0,"k":100,"ix":7},"sk":{"a":0,"k":0,"ix":4},"sa":{"a":0,"k":0,"ix":5},"nm":"变换"}],"nm":"Shape 1","np":2,"cix":2,"bm":0,"ix":1,"mn":"ADBE Vector Group","hd":false},{"ty":"tm","s":{"a":1,"k":[{"i":{"x":[0.24],"y":[1]},"o":{"x":[0.76],"y":[0]},"t":118.117,"s":[0]},{"t":192.19140625,"s":[100]}],"ix":1},"e":{"a":1,"k":[{"i":{"x":[0.24],"y":[1]},"o":{"x":[0.76],"y":[0]},"t":92.092,"s":[0]},{"t":192.19140625,"s":[100]}],"ix":2},"o":{"a":0,"k":0,"ix":3},"m":1,"ix":2,"nm":"Trim Paths 1","mn":"ADBE Vector Filter - Trim","hd":false}],"ip":92.091796875,"op":692.693359375,"st":92.091796875,"bm":0},{"ddd":0,"ind":27,"ty":4,"nm":"Shape Layer 2","sr":1,"ks":{"o":{"a":0,"k":100,"ix":11},"r":{"a":0,"k":0,"ix":10},"p":{"a":0,"k":[960,750,0],"ix":2},"a":{"a":0,"k":[0,0,0],"ix":1},"s":{"a":0,"k":[100,100,100],"ix":6}},"ao":0,"shapes":[{"ty":"gr","it":[{"ind":0,"ty":"sh","ix":1,"ks":{"a":0,"k":{"i":[[0,0],[0,0],[0,0],[0,0]],"o":[[0,0],[0,0],[0,0],[0,0]],"v":[[-80,-541],[-81,-301],[80,-140],[79,20]],"c":false},"ix":2},"nm":"路径 1","mn":"ADBE Vector Shape - Group","hd":false},{"ty":"st","c":{"a":0,"k":[0.168627455831,0.57647061348,0.815686285496,1],"ix":3},"o":{"a":0,"k":100,"ix":4},"w":{"a":0,"k":4,"ix":5},"lc":2,"lj":2,"bm":0,"nm":"Stroke 1","mn":"ADBE Vector Graphic - Stroke","hd":false},{"ty":"tr","p":{"a":0,"k":[0,0],"ix":2},"a":{"a":0,"k":[0,0],"ix":1},"s":{"a":0,"k":[100,100],"ix":3},"r":{"a":0,"k":0,"ix":6},"o":{"a":0,"k":100,"ix":7},"sk":{"a":0,"k":0,"ix":4},"sa":{"a":0,"k":0,"ix":5},"nm":"变换"}],"nm":"Shape 1","np":2,"cix":2,"bm":0,"ix":1,"mn":"ADBE Vector Group","hd":false},{"ty":"tm","s":{"a":1,"k":[{"i":{"x":[0.24],"y":[1]},"o":{"x":[0.76],"y":[0]},"t":38.037,"s":[0]},{"t":112.111328125,"s":[100]}],"ix":1},"e":{"a":1,"k":[{"i":{"x":[0.24],"y":[1]},"o":{"x":[0.76],"y":[0]},"t":12.012,"s":[0]},{"t":112.111328125,"s":[100]}],"ix":2},"o":{"a":0,"k":0,"ix":3},"m":1,"ix":2,"nm":"Trim Paths 1","mn":"ADBE Vector Filter - Trim","hd":false}],"ip":12.01171875,"op":612.61328125,"st":12.01171875,"bm":0},{"ddd":0,"ind":28,"ty":4,"nm":"Shape Layer 18","sr":1,"ks":{"o":{"a":0,"k":100,"ix":11},"r":{"a":0,"k":0,"ix":10},"p":{"a":0,"k":[960,750,0],"ix":2},"a":{"a":0,"k":[0,0,0],"ix":1},"s":{"a":0,"k":[100,100,100],"ix":6}},"ao":0,"shapes":[{"ty":"gr","it":[{"ind":0,"ty":"sh","ix":1,"ks":{"a":0,"k":{"i":[[0,0],[0,0],[0,0],[0,0]],"o":[[0,0],[0,0],[0,0],[0,0]],"v":[[-962,-59],[-561,-59],[-400,102],[-161,102]],"c":false},"ix":2},"nm":"路径 1","mn":"ADBE Vector Shape - Group","hd":false},{"ty":"st","c":{"a":0,"k":[0,0.61960786581,0.57647061348,1],"ix":3},"o":{"a":0,"k":100,"ix":4},"w":{"a":0,"k":4,"ix":5},"lc":2,"lj":2,"bm":0,"nm":"Stroke 1","mn":"ADBE Vector Graphic - Stroke","hd":false},{"ty":"tr","p":{"a":0,"k":[0,0],"ix":2},"a":{"a":0,"k":[0,0],"ix":1},"s":{"a":0,"k":[100,100],"ix":3},"r":{"a":0,"k":0,"ix":6},"o":{"a":0,"k":100,"ix":7},"sk":{"a":0,"k":0,"ix":4},"sa":{"a":0,"k":0,"ix":5},"nm":"变换"}],"nm":"Shape 1","np":2,"cix":2,"bm":0,"ix":1,"mn":"ADBE Vector Group","hd":false},{"ty":"tm","s":{"a":1,"k":[{"i":{"x":[0.24],"y":[1]},"o":{"x":[0.76],"y":[0]},"t":106.105,"s":[0]},{"t":180.1796875,"s":[100]}],"ix":1},"e":{"a":1,"k":[{"i":{"x":[0.24],"y":[1]},"o":{"x":[0.76],"y":[0]},"t":80.08,"s":[0]},{"t":180.1796875,"s":[100]}],"ix":2},"o":{"a":0,"k":0,"ix":3},"m":1,"ix":2,"nm":"Trim Paths 1","mn":"ADBE Vector Filter - Trim","hd":false}],"ip":80.080078125,"op":680.681640625,"st":80.080078125,"bm":0},{"ddd":0,"ind":29,"ty":4,"nm":"Shape Layer 1","sr":1,"ks":{"o":{"a":0,"k":100,"ix":11},"r":{"a":0,"k":0,"ix":10},"p":{"a":0,"k":[960,750,0],"ix":2},"a":{"a":0,"k":[0,0,0],"ix":1},"s":{"a":0,"k":[100,100,100],"ix":6}},"ao":0,"shapes":[{"ty":"gr","it":[{"ind":0,"ty":"sh","ix":1,"ks":{"a":0,"k":{"i":[[0,0],[0,0],[0,0],[0,0]],"o":[[0,0],[0,0],[0,0],[0,0]],"v":[[-962,-59],[-561,-59],[-400,102],[-161,102]],"c":false},"ix":2},"nm":"路径 1","mn":"ADBE Vector Shape - Group","hd":false},{"ty":"st","c":{"a":0,"k":[0.168627455831,0.57647061348,0.815686285496,1],"ix":3},"o":{"a":0,"k":100,"ix":4},"w":{"a":0,"k":4,"ix":5},"lc":2,"lj":2,"bm":0,"nm":"Stroke 1","mn":"ADBE Vector Graphic - Stroke","hd":false},{"ty":"tr","p":{"a":0,"k":[0,0],"ix":2},"a":{"a":0,"k":[0,0],"ix":1},"s":{"a":0,"k":[100,100],"ix":3},"r":{"a":0,"k":0,"ix":6},"o":{"a":0,"k":100,"ix":7},"sk":{"a":0,"k":0,"ix":4},"sa":{"a":0,"k":0,"ix":5},"nm":"变换"}],"nm":"Shape 1","np":2,"cix":2,"bm":0,"ix":1,"mn":"ADBE Vector Group","hd":false},{"ty":"tm","s":{"a":1,"k":[{"i":{"x":[0.24],"y":[1]},"o":{"x":[0.76],"y":[0]},"t":26.025,"s":[0]},{"t":100.099609375,"s":[100]}],"ix":1},"e":{"a":1,"k":[{"i":{"x":[0.24],"y":[1]},"o":{"x":[0.76],"y":[0]},"t":0,"s":[0]},{"t":100.099609375,"s":[100]}],"ix":2},"o":{"a":0,"k":0,"ix":3},"m":1,"ix":2,"nm":"Trim Paths 1","mn":"ADBE Vector Filter - Trim","hd":false}],"ip":0,"op":600.6015625,"st":0,"bm":0}]},{"id":"comp_2","layers":[{"ddd":0,"ind":1,"ty":0,"nm":"Pre-comp 1","refId":"comp_3","sr":1,"ks":{"o":{"a":0,"k":100,"ix":11},"r":{"a":0,"k":0,"ix":10},"p":{"a":0,"k":[600,250,0],"ix":2},"a":{"a":0,"k":[600,250,0],"ix":1},"s":{"a":0,"k":[100,100,100],"ix":6}},"ao":0,"w":1200,"h":500,"ip":4.00390625,"op":604.60546875,"st":4.00390625,"bm":0},{"ddd":0,"ind":2,"ty":0,"nm":"Pre-comp 1","refId":"comp_3","sr":1,"ks":{"o":{"a":0,"k":100,"ix":11},"r":{"a":0,"k":0,"ix":10},"p":{"a":0,"k":[600,250,0],"ix":2},"a":{"a":0,"k":[600,250,0],"ix":1},"s":{"a":0,"k":[100,100,100],"ix":6}},"ao":0,"w":1200,"h":500,"ip":2.001953125,"op":602.603515625,"st":2.001953125,"bm":0},{"ddd":0,"ind":3,"ty":0,"nm":"Pre-comp 1","refId":"comp_3","sr":1,"ks":{"o":{"a":0,"k":100,"ix":11},"r":{"a":0,"k":0,"ix":10},"p":{"a":0,"k":[600,250,0],"ix":2},"a":{"a":0,"k":[600,250,0],"ix":1},"s":{"a":0,"k":[100,100,100],"ix":6}},"ao":0,"w":1200,"h":500,"ip":0,"op":600.6015625,"st":0,"bm":0}]},{"id":"comp_3","layers":[{"ddd":0,"ind":1,"ty":0,"nm":"Mask 1","refId":"comp_4","sr":1,"ks":{"o":{"a":0,"k":100,"ix":11},"r":{"a":0,"k":0,"ix":10},"p":{"a":1,"k":[{"i":{"x":0.18,"y":1},"o":{"x":0.82,"y":0},"t":17.35,"s":[-187,102,0],"to":[80.5,0,0],"ti":[-80.5,0,0]},{"t":49.3828125,"s":[296,102,0]}],"ix":2},"a":{"a":0,"k":[296,102,0],"ix":1},"s":{"a":1,"k":[{"i":{"x":[0.18,0.18,0.18],"y":[1,1,1]},"o":{"x":[0.82,0.82,0.82],"y":[0,0,0]},"t":17.35,"s":[145,145,100]},{"t":49.3828125,"s":[100,100,100]}],"ix":6}},"ao":0,"hasMask":true,"masksProperties":[{"inv":false,"mode":"a","pt":{"a":0,"k":{"i":[[0,0],[0,0],[0,0],[0,0]],"o":[[0,0],[0,0],[0,0],[0,0]],"v":[[810,-2],[-218,-2],[-218,206],[810,206]],"c":true},"ix":1},"o":{"a":0,"k":100,"ix":3},"x":{"a":0,"k":0,"ix":4},"nm":"蒙版 1"}],"w":1200,"h":500,"ip":16.015625,"op":600.6015625,"st":0,"bm":0},{"ddd":0,"ind":2,"ty":0,"nm":"Mask 2","refId":"comp_4","sr":1,"ks":{"o":{"a":0,"k":100,"ix":11},"r":{"a":0,"k":0,"ix":10},"p":{"a":1,"k":[{"t":0,"s":[1504,269,0],"h":1},{"t":15.016,"s":[793.249,269,0],"h":1},{"t":32.03125,"s":[920,269,0],"h":1}],"ix":2},"a":{"a":0,"k":[920,269,0],"ix":1},"s":{"a":1,"k":[{"t":0,"s":[64,64,100],"h":1},{"t":15.016,"s":[10.875,10.875,100],"h":1},{"t":32.03125,"s":[100,100,100],"h":1}],"ix":6}},"ao":0,"hasMask":true,"masksProperties":[{"inv":false,"mode":"a","pt":{"a":0,"k":{"i":[[0,0],[0,0],[0,0],[0,0]],"o":[[0,0],[0,0],[0,0],[0,0]],"v":[[1512,222],[328,222],[328,316],[1512,316]],"c":true},"ix":1},"o":{"a":0,"k":100,"ix":3},"x":{"a":0,"k":0,"ix":4},"nm":"蒙版 1"}],"w":1200,"h":500,"ip":0,"op":600.6015625,"st":0,"bm":0},{"ddd":0,"ind":3,"ty":0,"nm":"Mask 3","refId":"comp_4","sr":1,"ks":{"o":{"a":0,"k":100,"ix":11},"r":{"a":0,"k":0,"ix":10},"p":{"a":1,"k":[{"i":{"x":0.24,"y":1},"o":{"x":0.76,"y":0},"t":40.039,"s":[1797,220,0],"to":[-190.5,0,0],"ti":[190.5,0,0]},{"t":54.0546875,"s":[654,220,0]}],"ix":2},"a":{"a":0,"k":[654,220,0],"ix":1},"s":{"a":1,"k":[{"i":{"x":[0.24,0.24,0.24],"y":[1,1,1]},"o":{"x":[0.76,0.76,0.76],"y":[0,0,0]},"t":40.039,"s":[156,156,100]},{"t":54.0546875,"s":[100,100,100]}],"ix":6}},"ao":0,"hasMask":true,"masksProperties":[{"inv":false,"mode":"a","pt":{"a":0,"k":{"i":[[0,0],[0,0],[0,0],[0,0]],"o":[[0,0],[0,0],[0,0],[0,0]],"v":[[1352,202],[-44,202],[-44,238],[1352,238]],"c":true},"ix":1},"o":{"a":0,"k":100,"ix":3},"x":{"a":0,"k":0,"ix":4},"nm":"蒙版 1"}],"w":1200,"h":500,"ip":40.041015625,"op":640.640625,"st":40.041015625,"bm":0},{"ddd":0,"ind":4,"ty":0,"nm":"Mask 4","refId":"comp_4","sr":1,"ks":{"o":{"a":0,"k":100,"ix":11},"r":{"a":0,"k":0,"ix":10},"p":{"a":1,"k":[{"i":{"x":0.27,"y":1},"o":{"x":0.73,"y":0},"t":36.035,"s":[1500,13,0],"to":[-82,0,0],"ti":[82,0,0]},{"t":64.064453125,"s":[1008,13,0]}],"ix":2},"a":{"a":0,"k":[1008,13,0],"ix":1},"s":{"a":0,"k":[100,100,100],"ix":6}},"ao":0,"hasMask":true,"masksProperties":[{"inv":false,"mode":"a","pt":{"a":0,"k":{"i":[[0,0],[0,0],[0,0],[0,0]],"o":[[0,0],[0,0],[0,0],[0,0]],"v":[[1290,-24],[726,-24],[726,50],[1290,50]],"c":true},"ix":1},"o":{"a":0,"k":100,"ix":3},"x":{"a":0,"k":0,"ix":4},"nm":"蒙版 1"}],"w":1200,"h":500,"ip":0,"op":600.6015625,"st":0,"bm":0},{"ddd":0,"ind":5,"ty":0,"nm":"Mask 5","refId":"comp_4","sr":1,"ks":{"o":{"a":0,"k":100,"ix":11},"r":{"a":0,"k":0,"ix":10},"p":{"a":0,"k":[1001,133,0],"ix":2},"a":{"a":0,"k":[1001,133,0],"ix":1},"s":{"a":0,"k":[100,100,100],"ix":6}},"ao":0,"hasMask":true,"masksProperties":[{"inv":false,"mode":"a","pt":{"a":0,"k":{"i":[[0,0],[0,0],[0,0],[0,0]],"o":[[0,0],[0,0],[0,0],[0,0]],"v":[[1282,28],[720,28],[720,238],[1282,238]],"c":true},"ix":1},"o":{"a":0,"k":100,"ix":3},"x":{"a":0,"k":0,"ix":4},"nm":"蒙版 1"}],"w":1200,"h":500,"ip":0,"op":600.6015625,"st":0,"bm":0},{"ddd":0,"ind":6,"ty":0,"nm":"Mask 6","refId":"comp_4","sr":1,"ks":{"o":{"a":0,"k":100,"ix":11},"r":{"a":0,"k":0,"ix":10},"p":{"a":0,"k":[872,461,0],"ix":2},"a":{"a":0,"k":[872,461,0],"ix":1},"s":{"a":1,"k":[{"i":{"x":[0.24,0.24,0.24],"y":[1,1,1]},"o":{"x":[0.76,0.76,0.76],"y":[0,0,0]},"t":12.012,"s":[0,0,100]},{"t":36.03515625,"s":[100,100,100]}],"ix":6}},"ao":0,"hasMask":true,"masksProperties":[{"inv":false,"mode":"a","pt":{"a":0,"k":{"i":[[0,0],[0,0],[0,0],[0,0]],"o":[[0,0],[0,0],[0,0],[0,0]],"v":[[1296,420],[448,420],[448,502],[1296,502]],"c":true},"ix":1},"o":{"a":0,"k":100,"ix":3},"x":{"a":0,"k":0,"ix":4},"nm":"蒙版 1"}],"w":1200,"h":500,"ip":-28.02734375,"op":572.572265625,"st":-28.02734375,"bm":0},{"ddd":0,"ind":7,"ty":0,"nm":"Mask 7","refId":"comp_4","sr":1,"ks":{"o":{"a":0,"k":100,"ix":11},"r":{"a":0,"k":0,"ix":10},"p":{"a":1,"k":[{"i":{"x":0.28,"y":1},"o":{"x":0.72,"y":0},"t":42.043,"s":[723,324,0],"to":[-60.5,0,0],"ti":[60.5,0,0]},{"t":64.064453125,"s":[360,324,0]}],"ix":2},"a":{"a":0,"k":[360,324,0],"ix":1},"s":{"a":1,"k":[{"i":{"x":[0.28,0.28,0.28],"y":[1,1,1]},"o":{"x":[0.72,0.72,0.72],"y":[0,0,0]},"t":42.043,"s":[0,0,100]},{"t":64.064453125,"s":[100,100,100]}],"ix":6}},"ao":0,"hasMask":true,"masksProperties":[{"inv":false,"mode":"a","pt":{"a":0,"k":{"i":[[0,0],[0,0],[0,0],[0,0]],"o":[[0,0],[0,0],[0,0],[0,0]],"v":[[802,224],[-82,224],[-82,424],[802,424]],"c":true},"ix":1},"o":{"a":0,"k":100,"ix":3},"x":{"a":0,"k":0,"ix":4},"nm":"蒙版 1"}],"w":1200,"h":500,"ip":0,"op":600.6015625,"st":0,"bm":0},{"ddd":0,"ind":8,"ty":0,"nm":"Mask 8","refId":"comp_4","sr":1,"ks":{"o":{"a":0,"k":100,"ix":11},"r":{"a":0,"k":0,"ix":10},"p":{"a":1,"k":[{"i":{"x":0.16,"y":1},"o":{"x":0.84,"y":0},"t":2.002,"s":[1535,368,0],"to":[-78.333,0,0],"ti":[78.333,0,0]},{"t":30.029296875,"s":[1065,368,0]}],"ix":2},"a":{"a":0,"k":[1065,368,0],"ix":1},"s":{"a":1,"k":[{"i":{"x":[0.16,0.16,0.16],"y":[1,1,1]},"o":{"x":[0.84,0.84,0.84],"y":[0,0,0]},"t":2.002,"s":[159,159,100]},{"t":30.029296875,"s":[100,100,100]}],"ix":6}},"ao":0,"hasMask":true,"masksProperties":[{"inv":false,"mode":"a","pt":{"a":0,"k":{"i":[[0,0],[0,0],[0,0],[0,0]],"o":[[0,0],[0,0],[0,0],[0,0]],"v":[[1388,296],[742,296],[742,440],[1388,440]],"c":true},"ix":1},"o":{"a":0,"k":100,"ix":3},"x":{"a":0,"k":0,"ix":4},"nm":"蒙版 1"}],"w":1200,"h":500,"ip":-34.033203125,"op":566.56640625,"st":-34.033203125,"bm":0},{"ddd":0,"ind":9,"ty":0,"nm":"Mask 9","refId":"comp_4","sr":1,"ks":{"o":{"a":0,"k":100,"ix":11},"r":{"a":0,"k":0,"ix":10},"p":{"a":1,"k":[{"i":{"x":0.833,"y":1},"o":{"x":0.167,"y":0},"t":2.002,"s":[202,655,0],"to":[0,-29,0],"ti":[0,29,0]},{"t":30.029296875,"s":[202,481,0]}],"ix":2},"a":{"a":0,"k":[202,481,0],"ix":1},"s":{"a":0,"k":[100,100,100],"ix":6}},"ao":0,"hasMask":true,"masksProperties":[{"inv":false,"mode":"a","pt":{"a":0,"k":{"i":[[0,0],[0,0],[0,0],[0,0]],"o":[[0,0],[0,0],[0,0],[0,0]],"v":[[558,378],[-154,378],[-154,584],[558,584]],"c":true},"ix":1},"o":{"a":0,"k":100,"ix":3},"x":{"a":0,"k":0,"ix":4},"nm":"蒙版 1"}],"w":1200,"h":500,"ip":-34.033203125,"op":566.56640625,"st":-34.033203125,"bm":0}]},{"id":"comp_4","layers":[{"ddd":0,"ind":1,"ty":2,"nm":"img_8.png","cl":"png","refId":"image_6","sr":1,"ks":{"o":{"a":0,"k":100,"ix":11},"r":{"a":0,"k":0,"ix":10},"p":{"a":0,"k":[600,250,0],"ix":2},"a":{"a":0,"k":[600,250,0],"ix":1},"s":{"a":0,"k":[100,100,100],"ix":6}},"ao":0,"ip":0,"op":600.6015625,"st":0,"bm":0}]},{"id":"comp_5","layers":[{"ddd":0,"ind":1,"ty":0,"nm":"Stories 45 Edit","refId":"comp_6","sr":1,"ks":{"o":{"a":0,"k":100,"ix":11},"r":{"a":0,"k":0,"ix":10},"p":{"a":0,"k":[540,960,0],"ix":2},"a":{"a":0,"k":[540,960,0],"ix":1},"s":{"a":0,"k":[100,100,100],"ix":6}},"ao":0,"w":1080,"h":1920,"ip":0,"op":900,"st":0,"bm":0}]},{"id":"comp_6","layers":[{"ddd":0,"ind":1,"ty":0,"nm":"Emoji 2","refId":"comp_7","sr":1,"ks":{"o":{"a":0,"k":100,"ix":11},"r":{"a":0,"k":0,"ix":10},"p":{"a":0,"k":[114.076,966.151,0],"ix":2},"a":{"a":0,"k":[200,200,0],"ix":1},"s":{"a":0,"k":[30,30,100],"ix":6}},"ao":0,"w":400,"h":400,"ip":88.80078125,"op":688.80078125,"st":88.80078125,"bm":0},{"ddd":0,"ind":2,"ty":0,"nm":"Likes 2","refId":"comp_8","sr":1,"ks":{"o":{"a":0,"k":100,"ix":11},"r":{"a":0,"k":0,"ix":10},"p":{"a":0,"k":[894.718,863.108,0],"ix":2},"a":{"a":0,"k":[100,125,0],"ix":1},"s":{"a":0,"k":[70,70,100],"ix":6}},"ao":0,"w":200,"h":250,"ip":64.80078125,"op":664.80078125,"st":64.80078125,"bm":0}]},{"id":"comp_7","layers":[{"ddd":0,"ind":1,"ty":4,"nm":"Emoji 6","td":1,"sr":1,"ks":{"o":{"a":0,"k":100,"ix":11},"r":{"a":0,"k":0,"ix":10},"p":{"a":0,"k":[200,200,0],"ix":2},"a":{"a":0,"k":[154.297,250,0],"ix":1},"s":{"a":1,"k":[{"i":{"x":[0,0,0.833],"y":[1,1,1]},"o":{"x":[1,1,0.167],"y":[0,0,0]},"t":0,"s":[0,0,100]},{"i":{"x":[0,0,0.833],"y":[1,1,1]},"o":{"x":[0.507,0.507,0.167],"y":[0,0,0]},"t":48,"s":[650,650,100]},{"t":91.19921875,"s":[500,500,100]}],"ix":6}},"ao":0,"shapes":[{"ty":"gr","it":[{"ind":0,"ty":"sh","ix":1,"ks":{"a":0,"k":{"i":[[0,-13.919],[13.919,0],[0,13.919],[-13.918,0]],"o":[[0,13.919],[-13.918,0],[0,-13.919],[13.919,0]],"v":[[25.202,0],[0,25.202],[-25.202,0],[0,-25.202]],"c":true},"ix":2},"nm":"路径 1","mn":"ADBE Vector Shape - Group","hd":false},{"ty":"fl","c":{"a":0,"k":[0.949000000954,0.321999996901,0.407999992371,1],"ix":4},"o":{"a":0,"k":100,"ix":5},"r":1,"bm":0,"nm":"Fill 1","mn":"ADBE Vector Graphic - Fill","hd":false},{"ty":"tr","p":{"a":0,"k":[154.297,250],"ix":2},"a":{"a":0,"k":[0,0],"ix":1},"s":{"a":0,"k":[100,100],"ix":3},"r":{"a":0,"k":0,"ix":6},"o":{"a":0,"k":100,"ix":7},"sk":{"a":0,"k":0,"ix":4},"sa":{"a":0,"k":0,"ix":5},"nm":"变换"}],"nm":"Group 26","np":2,"cix":2,"bm":0,"ix":1,"mn":"ADBE Vector Group","hd":false}],"ip":0,"op":600,"st":0,"bm":0},{"ddd":0,"ind":2,"ty":4,"nm":"Emoji 5","tt":1,"sr":1,"ks":{"o":{"a":0,"k":100,"ix":11},"r":{"a":0,"k":0,"ix":10},"p":{"a":0,"k":[200,200,0],"ix":2},"a":{"a":0,"k":[154.297,250,0],"ix":1},"s":{"a":1,"k":[{"i":{"x":[0.256,0.256,0.667],"y":[1,1,1]},"o":{"x":[0.861,0.861,0.333],"y":[0,0,0]},"t":14.4,"s":[0,0,100]},{"i":{"x":[0.247,0.247,0.667],"y":[1,1,1]},"o":{"x":[0.85,0.85,0.333],"y":[0,0,0]},"t":45.6,"s":[500,500,100]},{"i":{"x":[0.27,0.27,0.667],"y":[1,1,1]},"o":{"x":[0.836,0.836,0.333],"y":[0,0,0]},"t":74.4,"s":[390,390,100]},{"i":{"x":[0.247,0.247,0.667],"y":[1,1,1]},"o":{"x":[0.85,0.85,0.333],"y":[0,0,0]},"t":100.801,"s":[500,500,100]},{"i":{"x":[0.247,0.247,0.667],"y":[1,1,1]},"o":{"x":[0.85,0.85,0.333],"y":[0,0,0]},"t":129.6,"s":[390,390,100]},{"i":{"x":[0.247,0.247,0.667],"y":[1,1,1]},"o":{"x":[0.85,0.85,0.333],"y":[0,0,0]},"t":158.4,"s":[500,500,100]},{"i":{"x":[0.247,0.247,0.667],"y":[1,1,1]},"o":{"x":[0.85,0.85,0.333],"y":[0,0,0]},"t":187.199,"s":[390,390,100]},{"i":{"x":[0.247,0.247,0.667],"y":[1,1,1]},"o":{"x":[0.85,0.85,0.333],"y":[0,0,0]},"t":216,"s":[500,500,100]},{"i":{"x":[0.27,0.27,0.667],"y":[1,1,1]},"o":{"x":[0.836,0.836,0.333],"y":[0,0,0]},"t":244.801,"s":[390,390,100]},{"i":{"x":[0.247,0.247,0.667],"y":[1,1,1]},"o":{"x":[0.85,0.85,0.333],"y":[0,0,0]},"t":271.199,"s":[500,500,100]},{"i":{"x":[0.247,0.247,0.667],"y":[1,1,1]},"o":{"x":[0.85,0.85,0.333],"y":[0,0,0]},"t":300,"s":[390,390,100]},{"i":{"x":[0.247,0.247,0.667],"y":[1,1,1]},"o":{"x":[0.85,0.85,0.333],"y":[0,0,0]},"t":328.801,"s":[500,500,100]},{"t":357.599609375,"s":[390,390,100]}],"ix":6}},"ao":0,"shapes":[{"ty":"gr","it":[{"ind":0,"ty":"sh","ix":1,"ks":{"a":0,"k":{"i":[[0,0],[0,0],[-0.554,1.736],[7.652,-2.994],[0,0],[2.068,0.809],[-2.273,-7.127],[-1.365,-1.104]],"o":[[0,0],[1.365,-1.104],[2.273,-7.127],[-2.068,0.809],[0,0],[-7.652,-2.994],[0.554,1.736],[0,0]],"v":[[0,14.543],[12.38,4.53],[15.393,0.212],[3.549,-11.549],[0,-8.032],[-3.549,-11.549],[-15.393,0.212],[-12.38,4.53]],"c":true},"ix":2},"nm":"路径 1","mn":"ADBE Vector Shape - Group","hd":false},{"ty":"fl","c":{"a":0,"k":[1,1,1,1],"ix":4},"o":{"a":0,"k":100,"ix":5},"r":1,"bm":0,"nm":"Fill 1","mn":"ADBE Vector Graphic - Fill","hd":false},{"ty":"tr","p":{"a":0,"k":[154.297,250.471],"ix":2},"a":{"a":0,"k":[0,0],"ix":1},"s":{"a":0,"k":[100,100],"ix":3},"r":{"a":0,"k":0,"ix":6},"o":{"a":0,"k":100,"ix":7},"sk":{"a":0,"k":0,"ix":4},"sa":{"a":0,"k":0,"ix":5},"nm":"变换"}],"nm":"Group 25","np":2,"cix":2,"bm":0,"ix":1,"mn":"ADBE Vector Group","hd":false}],"ip":7.19921875,"op":607.19921875,"st":7.19921875,"bm":0},{"ddd":0,"ind":3,"ty":4,"nm":"Emoji 1","sr":1,"ks":{"o":{"a":0,"k":100,"ix":11},"r":{"a":0,"k":0,"ix":10},"p":{"a":0,"k":[200,200,0],"ix":2},"a":{"a":0,"k":[154.297,250,0],"ix":1},"s":{"a":1,"k":[{"i":{"x":[0,0,0.833],"y":[1,1,1]},"o":{"x":[1,1,0.167],"y":[0,0,0]},"t":0,"s":[0,0,100]},{"i":{"x":[0,0,0.833],"y":[1,1,1]},"o":{"x":[0.507,0.507,0.167],"y":[0,0,0]},"t":48,"s":[650,650,100]},{"t":91.19921875,"s":[500,500,100]}],"ix":6}},"ao":0,"shapes":[{"ty":"gr","it":[{"ind":0,"ty":"sh","ix":1,"ks":{"a":0,"k":{"i":[[0,-13.919],[13.919,0],[0,13.919],[-13.918,0]],"o":[[0,13.919],[-13.918,0],[0,-13.919],[13.919,0]],"v":[[25.202,0],[0,25.202],[-25.202,0],[0,-25.202]],"c":true},"ix":2},"nm":"路径 1","mn":"ADBE Vector Shape - Group","hd":false},{"ty":"fl","c":{"a":0,"k":[0.949000000954,0.321999996901,0.407999992371,1],"ix":4},"o":{"a":0,"k":100,"ix":5},"r":1,"bm":0,"nm":"Fill 1","mn":"ADBE Vector Graphic - Fill","hd":false},{"ty":"tr","p":{"a":0,"k":[154.297,250],"ix":2},"a":{"a":0,"k":[0,0],"ix":1},"s":{"a":0,"k":[100,100],"ix":3},"r":{"a":0,"k":0,"ix":6},"o":{"a":0,"k":100,"ix":7},"sk":{"a":0,"k":0,"ix":4},"sa":{"a":0,"k":0,"ix":5},"nm":"变换"}],"nm":"Group 26","np":2,"cix":2,"bm":0,"ix":1,"mn":"ADBE Vector Group","hd":false}],"ip":0,"op":600,"st":0,"bm":0}]},{"id":"comp_8","layers":[{"ddd":0,"ind":1,"ty":4,"nm":"Like 12","sr":1,"ks":{"o":{"a":1,"k":[{"i":{"x":[0.833],"y":[0.833]},"o":{"x":[0.167],"y":[0.167]},"t":136.801,"s":[100]},{"t":240,"s":[0]}],"ix":11},"r":{"a":0,"k":0.69,"ix":10},"p":{"a":1,"k":[{"i":{"x":0.198,"y":1},"o":{"x":0.608,"y":0},"t":115.199,"s":[91.31,225.886,0],"to":[-2.742,-27.749,0],"ti":[2.742,27.749,0]},{"t":240,"s":[74.856,59.393,0]}],"ix":2},"a":{"a":0,"k":[0,-18.781,0],"ix":1},"s":{"a":1,"k":[{"i":{"x":[0,0,0.833],"y":[1,1,1]},"o":{"x":[0.616,0.616,0.167],"y":[0,0,0]},"t":115.199,"s":[0,0,100]},{"t":240,"s":[150,150,100]}],"ix":6}},"ao":0,"shapes":[{"ty":"gr","it":[{"ind":0,"ty":"sh","ix":1,"ks":{"a":0,"k":{"i":[[-0.335,0.335],[0,0],[0,4.111],[2.362,2.307],[4.167,0],[1.2,-0.4],[1.032,-0.679],[0.744,-0.595],[0.67,-0.67],[0.744,0.596],[1.032,0.679],[1.2,0.4],[1.153,0],[2.362,-2.306],[0,-4.092],[-0.437,-1.321],[-0.558,-0.93],[-0.707,-0.883],[-0.326,-0.335],[-0.186,-0.149],[0,0],[-0.484,0]],"o":[[0,0],[4.259,-4.259],[0,-4.092],[-2.363,-2.306],[-1.154,0],[-1.2,0.4],[-1.032,0.679],[-0.744,0.596],[-0.67,-0.67],[-0.744,-0.595],[-1.032,-0.679],[-1.2,-0.4],[-4.167,0],[-2.363,2.307],[0,1.246],[0.437,1.321],[0.558,0.93],[0.707,0.884],[0.325,0.335],[0,0],[0.335,0.335],[0.483,0]],"v":[[1.228,1.808],[18.22,-10.677],[25,-26.228],[21.456,-35.826],[11.988,-39.741],[8.068,-39.272],[4.85,-37.719],[1.99,-35.286],[0,-33.259],[-1.99,-35.482],[-4.069,-37.393],[-7.743,-39.076],[-11.858,-39.481],[-21.456,-35.826],[-25,-26.228],[-24.344,-22.377],[-23.438,-19.001],[-21.801,-16.085],[-20.252,-13.542],[-17.792,-10.733],[-1.228,1.808],[-0.065,2.18]],"c":true},"ix":2},"nm":"路径 1","mn":"ADBE Vector Shape - Group","hd":false},{"ty":"fl","c":{"a":0,"k":[1,1,1,1],"ix":4},"o":{"a":0,"k":100,"ix":5},"r":1,"bm":0,"nm":"Fill 1","mn":"ADBE Vector Graphic - Fill","hd":false},{"ty":"tr","p":{"a":0,"k":[0,0],"ix":2},"a":{"a":0,"k":[0,0],"ix":1},"s":{"a":0,"k":[100,100],"ix":3},"r":{"a":0,"k":0,"ix":6},"o":{"a":0,"k":100,"ix":7},"sk":{"a":0,"k":0,"ix":4},"sa":{"a":0,"k":0,"ix":5},"nm":"变换"}],"nm":"?","np":2,"cix":2,"bm":0,"ix":1,"mn":"ADBE Vector Group","hd":false}],"ip":115.19921875,"op":242.400390625,"st":115.19921875,"bm":0},{"ddd":0,"ind":2,"ty":4,"nm":"Like 11","sr":1,"ks":{"o":{"a":1,"k":[{"i":{"x":[0.833],"y":[0.833]},"o":{"x":[0.167],"y":[0.167]},"t":110.4,"s":[100]},{"t":213.599609375,"s":[0]}],"ix":11},"r":{"a":0,"k":16.69,"ix":10},"p":{"a":1,"k":[{"i":{"x":0.198,"y":1},"o":{"x":0.608,"y":0},"t":88.801,"s":[81.31,229.22,0],"to":[-1.076,-28.304,0],"ti":[1.076,28.304,0]},{"t":213.599609375,"s":[74.856,59.393,0]}],"ix":2},"a":{"a":0,"k":[0,-18.781,0],"ix":1},"s":{"a":1,"k":[{"i":{"x":[0,0,0.833],"y":[1,1,1]},"o":{"x":[0.616,0.616,0.167],"y":[0,0,0]},"t":88.801,"s":[0,0,100]},{"t":213.599609375,"s":[150,150,100]}],"ix":6}},"ao":0,"shapes":[{"ty":"gr","it":[{"ind":0,"ty":"sh","ix":1,"ks":{"a":0,"k":{"i":[[-0.335,0.335],[0,0],[0,4.111],[2.362,2.307],[4.167,0],[1.2,-0.4],[1.032,-0.679],[0.744,-0.595],[0.67,-0.67],[0.744,0.596],[1.032,0.679],[1.2,0.4],[1.153,0],[2.362,-2.306],[0,-4.092],[-0.437,-1.321],[-0.558,-0.93],[-0.707,-0.883],[-0.326,-0.335],[-0.186,-0.149],[0,0],[-0.484,0]],"o":[[0,0],[4.259,-4.259],[0,-4.092],[-2.363,-2.306],[-1.154,0],[-1.2,0.4],[-1.032,0.679],[-0.744,0.596],[-0.67,-0.67],[-0.744,-0.595],[-1.032,-0.679],[-1.2,-0.4],[-4.167,0],[-2.363,2.307],[0,1.246],[0.437,1.321],[0.558,0.93],[0.707,0.884],[0.325,0.335],[0,0],[0.335,0.335],[0.483,0]],"v":[[1.228,1.808],[18.22,-10.677],[25,-26.228],[21.456,-35.826],[11.988,-39.741],[8.068,-39.272],[4.85,-37.719],[1.99,-35.286],[0,-33.259],[-1.99,-35.482],[-4.069,-37.393],[-7.743,-39.076],[-11.858,-39.481],[-21.456,-35.826],[-25,-26.228],[-24.344,-22.377],[-23.438,-19.001],[-21.801,-16.085],[-20.252,-13.542],[-17.792,-10.733],[-1.228,1.808],[-0.065,2.18]],"c":true},"ix":2},"nm":"路径 1","mn":"ADBE Vector Shape - Group","hd":false},{"ty":"fl","c":{"a":0,"k":[1,1,1,1],"ix":4},"o":{"a":0,"k":100,"ix":5},"r":1,"bm":0,"nm":"Fill 1","mn":"ADBE Vector Graphic - Fill","hd":false},{"ty":"tr","p":{"a":0,"k":[0,0],"ix":2},"a":{"a":0,"k":[0,0],"ix":1},"s":{"a":0,"k":[100,100],"ix":3},"r":{"a":0,"k":0,"ix":6},"o":{"a":0,"k":100,"ix":7},"sk":{"a":0,"k":0,"ix":4},"sa":{"a":0,"k":0,"ix":5},"nm":"变换"}],"nm":"?","np":2,"cix":2,"bm":0,"ix":1,"mn":"ADBE Vector Group","hd":false}],"ip":88.80078125,"op":216,"st":88.80078125,"bm":0},{"ddd":0,"ind":3,"ty":4,"nm":"Like 10","sr":1,"ks":{"o":{"a":1,"k":[{"i":{"x":[0.833],"y":[0.833]},"o":{"x":[0.167],"y":[0.167]},"t":86.4,"s":[100]},{"t":189.599609375,"s":[0]}],"ix":11},"r":{"a":0,"k":-25.31,"ix":10},"p":{"a":1,"k":[{"i":{"x":0.198,"y":1},"o":{"x":0.608,"y":0},"t":64.801,"s":[117.977,225.886,0],"to":[3.17,-25.967,0],"ti":[-3.17,25.967,0]},{"t":189.599609375,"s":[136.994,70.087,0]}],"ix":2},"a":{"a":0,"k":[0,-18.781,0],"ix":1},"s":{"a":1,"k":[{"i":{"x":[0,0,0.833],"y":[1,1,1]},"o":{"x":[0.616,0.616,0.167],"y":[0,0,0]},"t":64.801,"s":[0,0,100]},{"t":189.599609375,"s":[150,150,100]}],"ix":6}},"ao":0,"shapes":[{"ty":"gr","it":[{"ind":0,"ty":"sh","ix":1,"ks":{"a":0,"k":{"i":[[-0.335,0.335],[0,0],[0,4.111],[2.362,2.307],[4.167,0],[1.2,-0.4],[1.032,-0.679],[0.744,-0.595],[0.67,-0.67],[0.744,0.596],[1.032,0.679],[1.2,0.4],[1.153,0],[2.362,-2.306],[0,-4.092],[-0.437,-1.321],[-0.558,-0.93],[-0.707,-0.883],[-0.326,-0.335],[-0.186,-0.149],[0,0],[-0.484,0]],"o":[[0,0],[4.259,-4.259],[0,-4.092],[-2.363,-2.306],[-1.154,0],[-1.2,0.4],[-1.032,0.679],[-0.744,0.596],[-0.67,-0.67],[-0.744,-0.595],[-1.032,-0.679],[-1.2,-0.4],[-4.167,0],[-2.363,2.307],[0,1.246],[0.437,1.321],[0.558,0.93],[0.707,0.884],[0.325,0.335],[0,0],[0.335,0.335],[0.483,0]],"v":[[1.228,1.808],[18.22,-10.677],[25,-26.228],[21.456,-35.826],[11.988,-39.741],[8.068,-39.272],[4.85,-37.719],[1.99,-35.286],[0,-33.259],[-1.99,-35.482],[-4.069,-37.393],[-7.743,-39.076],[-11.858,-39.481],[-21.456,-35.826],[-25,-26.228],[-24.344,-22.377],[-23.438,-19.001],[-21.801,-16.085],[-20.252,-13.542],[-17.792,-10.733],[-1.228,1.808],[-0.065,2.18]],"c":true},"ix":2},"nm":"路径 1","mn":"ADBE Vector Shape - Group","hd":false},{"ty":"fl","c":{"a":0,"k":[1,1,1,1],"ix":4},"o":{"a":0,"k":100,"ix":5},"r":1,"bm":0,"nm":"Fill 1","mn":"ADBE Vector Graphic - Fill","hd":false},{"ty":"tr","p":{"a":0,"k":[0,0],"ix":2},"a":{"a":0,"k":[0,0],"ix":1},"s":{"a":0,"k":[100,100],"ix":3},"r":{"a":0,"k":0,"ix":6},"o":{"a":0,"k":100,"ix":7},"sk":{"a":0,"k":0,"ix":4},"sa":{"a":0,"k":0,"ix":5},"nm":"变换"}],"nm":"?","np":2,"cix":2,"bm":0,"ix":1,"mn":"ADBE Vector Group","hd":false}],"ip":64.80078125,"op":192,"st":64.80078125,"bm":0},{"ddd":0,"ind":4,"ty":4,"nm":"Like 9","sr":1,"ks":{"o":{"a":1,"k":[{"i":{"x":[0.833],"y":[0.833]},"o":{"x":[0.167],"y":[0.167]},"t":69.6,"s":[100]},{"t":172.80078125,"s":[0]}],"ix":11},"r":{"a":0,"k":17.69,"ix":10},"p":{"a":1,"k":[{"i":{"x":0.198,"y":1},"o":{"x":0.608,"y":0},"t":48,"s":[111.31,212.553,0],"to":[5.678,-30.247,0],"ti":[-5.678,30.247,0]},{"t":172.80078125,"s":[145.376,31.069,0]}],"ix":2},"a":{"a":0,"k":[0,-18.781,0],"ix":1},"s":{"a":1,"k":[{"i":{"x":[0,0,0.833],"y":[1,1,1]},"o":{"x":[0.616,0.616,0.167],"y":[0,0,0]},"t":48,"s":[0,0,100]},{"t":172.80078125,"s":[150,150,100]}],"ix":6}},"ao":0,"shapes":[{"ty":"gr","it":[{"ind":0,"ty":"sh","ix":1,"ks":{"a":0,"k":{"i":[[-0.335,0.335],[0,0],[0,4.111],[2.362,2.307],[4.167,0],[1.2,-0.4],[1.032,-0.679],[0.744,-0.595],[0.67,-0.67],[0.744,0.596],[1.032,0.679],[1.2,0.4],[1.153,0],[2.362,-2.306],[0,-4.092],[-0.437,-1.321],[-0.558,-0.93],[-0.707,-0.883],[-0.326,-0.335],[-0.186,-0.149],[0,0],[-0.484,0]],"o":[[0,0],[4.259,-4.259],[0,-4.092],[-2.363,-2.306],[-1.154,0],[-1.2,0.4],[-1.032,0.679],[-0.744,0.596],[-0.67,-0.67],[-0.744,-0.595],[-1.032,-0.679],[-1.2,-0.4],[-4.167,0],[-2.363,2.307],[0,1.246],[0.437,1.321],[0.558,0.93],[0.707,0.884],[0.325,0.335],[0,0],[0.335,0.335],[0.483,0]],"v":[[1.228,1.808],[18.22,-10.677],[25,-26.228],[21.456,-35.826],[11.988,-39.741],[8.068,-39.272],[4.85,-37.719],[1.99,-35.286],[0,-33.259],[-1.99,-35.482],[-4.069,-37.393],[-7.743,-39.076],[-11.858,-39.481],[-21.456,-35.826],[-25,-26.228],[-24.344,-22.377],[-23.438,-19.001],[-21.801,-16.085],[-20.252,-13.542],[-17.792,-10.733],[-1.228,1.808],[-0.065,2.18]],"c":true},"ix":2},"nm":"路径 1","mn":"ADBE Vector Shape - Group","hd":false},{"ty":"fl","c":{"a":0,"k":[1,1,1,1],"ix":4},"o":{"a":0,"k":100,"ix":5},"r":1,"bm":0,"nm":"Fill 1","mn":"ADBE Vector Graphic - Fill","hd":false},{"ty":"tr","p":{"a":0,"k":[0,0],"ix":2},"a":{"a":0,"k":[0,0],"ix":1},"s":{"a":0,"k":[100,100],"ix":3},"r":{"a":0,"k":0,"ix":6},"o":{"a":0,"k":100,"ix":7},"sk":{"a":0,"k":0,"ix":4},"sa":{"a":0,"k":0,"ix":5},"nm":"变换"}],"nm":"?","np":2,"cix":2,"bm":0,"ix":1,"mn":"ADBE Vector Group","hd":false}],"ip":48,"op":175.19921875,"st":48,"bm":0},{"ddd":0,"ind":5,"ty":4,"nm":"Like 8","sr":1,"ks":{"o":{"a":1,"k":[{"i":{"x":[0.833],"y":[0.833]},"o":{"x":[0.167],"y":[0.167]},"t":48,"s":[100]},{"t":151.19921875,"s":[0]}],"ix":11},"r":{"a":0,"k":-7.31,"ix":10},"p":{"a":1,"k":[{"i":{"x":0.198,"y":1},"o":{"x":0.608,"y":0},"t":26.4,"s":[101.31,229.22,0],"to":[-4.12,-32.351,0],"ti":[4.12,32.351,0]},{"t":151.19921875,"s":[76.59,35.116,0]}],"ix":2},"a":{"a":0,"k":[0,-18.781,0],"ix":1},"s":{"a":1,"k":[{"i":{"x":[0,0,0.833],"y":[1,1,1]},"o":{"x":[0.616,0.616,0.167],"y":[0,0,0]},"t":26.4,"s":[0,0,100]},{"t":151.19921875,"s":[150,150,100]}],"ix":6}},"ao":0,"shapes":[{"ty":"gr","it":[{"ind":0,"ty":"sh","ix":1,"ks":{"a":0,"k":{"i":[[-0.335,0.335],[0,0],[0,4.111],[2.362,2.307],[4.167,0],[1.2,-0.4],[1.032,-0.679],[0.744,-0.595],[0.67,-0.67],[0.744,0.596],[1.032,0.679],[1.2,0.4],[1.153,0],[2.362,-2.306],[0,-4.092],[-0.437,-1.321],[-0.558,-0.93],[-0.707,-0.883],[-0.326,-0.335],[-0.186,-0.149],[0,0],[-0.484,0]],"o":[[0,0],[4.259,-4.259],[0,-4.092],[-2.363,-2.306],[-1.154,0],[-1.2,0.4],[-1.032,0.679],[-0.744,0.596],[-0.67,-0.67],[-0.744,-0.595],[-1.032,-0.679],[-1.2,-0.4],[-4.167,0],[-2.363,2.307],[0,1.246],[0.437,1.321],[0.558,0.93],[0.707,0.884],[0.325,0.335],[0,0],[0.335,0.335],[0.483,0]],"v":[[1.228,1.808],[18.22,-10.677],[25,-26.228],[21.456,-35.826],[11.988,-39.741],[8.068,-39.272],[4.85,-37.719],[1.99,-35.286],[0,-33.259],[-1.99,-35.482],[-4.069,-37.393],[-7.743,-39.076],[-11.858,-39.481],[-21.456,-35.826],[-25,-26.228],[-24.344,-22.377],[-23.438,-19.001],[-21.801,-16.085],[-20.252,-13.542],[-17.792,-10.733],[-1.228,1.808],[-0.065,2.18]],"c":true},"ix":2},"nm":"路径 1","mn":"ADBE Vector Shape - Group","hd":false},{"ty":"fl","c":{"a":0,"k":[1,1,1,1],"ix":4},"o":{"a":0,"k":100,"ix":5},"r":1,"bm":0,"nm":"Fill 1","mn":"ADBE Vector Graphic - Fill","hd":false},{"ty":"tr","p":{"a":0,"k":[0,0],"ix":2},"a":{"a":0,"k":[0,0],"ix":1},"s":{"a":0,"k":[100,100],"ix":3},"r":{"a":0,"k":0,"ix":6},"o":{"a":0,"k":100,"ix":7},"sk":{"a":0,"k":0,"ix":4},"sa":{"a":0,"k":0,"ix":5},"nm":"变换"}],"nm":"?","np":2,"cix":2,"bm":0,"ix":1,"mn":"ADBE Vector Group","hd":false}],"ip":26.400390625,"op":153.599609375,"st":26.400390625,"bm":0},{"ddd":0,"ind":6,"ty":4,"nm":"Like 7","sr":1,"ks":{"o":{"a":1,"k":[{"i":{"x":[0.833],"y":[0.833]},"o":{"x":[0.167],"y":[0.167]},"t":31.199,"s":[100]},{"t":134.400390625,"s":[0]}],"ix":11},"r":{"a":0,"k":-19.31,"ix":10},"p":{"a":1,"k":[{"i":{"x":0.198,"y":1},"o":{"x":0.608,"y":0},"t":9.6,"s":[97.977,222.553,0],"to":[-7.755,-20.498,0],"ti":[7.755,20.498,0]},{"t":134.400390625,"s":[51.445,99.566,0]}],"ix":2},"a":{"a":0,"k":[0,-18.781,0],"ix":1},"s":{"a":1,"k":[{"i":{"x":[0,0,0.833],"y":[1,1,1]},"o":{"x":[0.616,0.616,0.167],"y":[0,0,0]},"t":9.6,"s":[0,0,100]},{"t":134.400390625,"s":[150,150,100]}],"ix":6}},"ao":0,"shapes":[{"ty":"gr","it":[{"ind":0,"ty":"sh","ix":1,"ks":{"a":0,"k":{"i":[[-0.335,0.335],[0,0],[0,4.111],[2.362,2.307],[4.167,0],[1.2,-0.4],[1.032,-0.679],[0.744,-0.595],[0.67,-0.67],[0.744,0.596],[1.032,0.679],[1.2,0.4],[1.153,0],[2.362,-2.306],[0,-4.092],[-0.437,-1.321],[-0.558,-0.93],[-0.707,-0.883],[-0.326,-0.335],[-0.186,-0.149],[0,0],[-0.484,0]],"o":[[0,0],[4.259,-4.259],[0,-4.092],[-2.363,-2.306],[-1.154,0],[-1.2,0.4],[-1.032,0.679],[-0.744,0.596],[-0.67,-0.67],[-0.744,-0.595],[-1.032,-0.679],[-1.2,-0.4],[-4.167,0],[-2.363,2.307],[0,1.246],[0.437,1.321],[0.558,0.93],[0.707,0.884],[0.325,0.335],[0,0],[0.335,0.335],[0.483,0]],"v":[[1.228,1.808],[18.22,-10.677],[25,-26.228],[21.456,-35.826],[11.988,-39.741],[8.068,-39.272],[4.85,-37.719],[1.99,-35.286],[0,-33.259],[-1.99,-35.482],[-4.069,-37.393],[-7.743,-39.076],[-11.858,-39.481],[-21.456,-35.826],[-25,-26.228],[-24.344,-22.377],[-23.438,-19.001],[-21.801,-16.085],[-20.252,-13.542],[-17.792,-10.733],[-1.228,1.808],[-0.065,2.18]],"c":true},"ix":2},"nm":"路径 1","mn":"ADBE Vector Shape - Group","hd":false},{"ty":"fl","c":{"a":0,"k":[1,1,1,1],"ix":4},"o":{"a":0,"k":100,"ix":5},"r":1,"bm":0,"nm":"Fill 1","mn":"ADBE Vector Graphic - Fill","hd":false},{"ty":"tr","p":{"a":0,"k":[0,0],"ix":2},"a":{"a":0,"k":[0,0],"ix":1},"s":{"a":0,"k":[100,100],"ix":3},"r":{"a":0,"k":0,"ix":6},"o":{"a":0,"k":100,"ix":7},"sk":{"a":0,"k":0,"ix":4},"sa":{"a":0,"k":0,"ix":5},"nm":"变换"}],"nm":"?","np":2,"cix":2,"bm":0,"ix":1,"mn":"ADBE Vector Group","hd":false}],"ip":9.599609375,"op":136.80078125,"st":9.599609375,"bm":0},{"ddd":0,"ind":7,"ty":4,"nm":"Like 6","sr":1,"ks":{"o":{"a":1,"k":[{"i":{"x":[0.833],"y":[0.833]},"o":{"x":[0.167],"y":[0.167]},"t":163.199,"s":[100]},{"t":266.400390625,"s":[0]}],"ix":11},"r":{"a":0,"k":28.69,"ix":10},"p":{"a":1,"k":[{"i":{"x":0.198,"y":1},"o":{"x":0.608,"y":0},"t":141.6,"s":[104.644,225.886,0],"to":[7.704,-24.425,0],"ti":[-7.704,24.425,0]},{"t":266.400390625,"s":[150.867,79.335,0]}],"ix":2},"a":{"a":0,"k":[0,-18.781,0],"ix":1},"s":{"a":1,"k":[{"i":{"x":[0,0,0.833],"y":[1,1,1]},"o":{"x":[0.616,0.616,0.167],"y":[0,0,0]},"t":141.6,"s":[0,0,100]},{"t":266.400390625,"s":[150,150,100]}],"ix":6}},"ao":0,"shapes":[{"ty":"gr","it":[{"ind":0,"ty":"sh","ix":1,"ks":{"a":0,"k":{"i":[[-0.335,0.335],[0,0],[0,4.111],[2.362,2.307],[4.167,0],[1.2,-0.4],[1.032,-0.679],[0.744,-0.595],[0.67,-0.67],[0.744,0.596],[1.032,0.679],[1.2,0.4],[1.153,0],[2.362,-2.306],[0,-4.092],[-0.437,-1.321],[-0.558,-0.93],[-0.707,-0.883],[-0.326,-0.335],[-0.186,-0.149],[0,0],[-0.484,0]],"o":[[0,0],[4.259,-4.259],[0,-4.092],[-2.363,-2.306],[-1.154,0],[-1.2,0.4],[-1.032,0.679],[-0.744,0.596],[-0.67,-0.67],[-0.744,-0.595],[-1.032,-0.679],[-1.2,-0.4],[-4.167,0],[-2.363,2.307],[0,1.246],[0.437,1.321],[0.558,0.93],[0.707,0.884],[0.325,0.335],[0,0],[0.335,0.335],[0.483,0]],"v":[[1.228,1.808],[18.22,-10.677],[25,-26.228],[21.456,-35.826],[11.988,-39.741],[8.068,-39.272],[4.85,-37.719],[1.99,-35.286],[0,-33.259],[-1.99,-35.482],[-4.069,-37.393],[-7.743,-39.076],[-11.858,-39.481],[-21.456,-35.826],[-25,-26.228],[-24.344,-22.377],[-23.438,-19.001],[-21.801,-16.085],[-20.252,-13.542],[-17.792,-10.733],[-1.228,1.808],[-0.065,2.18]],"c":true},"ix":2},"nm":"路径 1","mn":"ADBE Vector Shape - Group","hd":false},{"ty":"fl","c":{"a":0,"k":[1,1,1,1],"ix":4},"o":{"a":0,"k":100,"ix":5},"r":1,"bm":0,"nm":"Fill 1","mn":"ADBE Vector Graphic - Fill","hd":false},{"ty":"tr","p":{"a":0,"k":[0,0],"ix":2},"a":{"a":0,"k":[0,0],"ix":1},"s":{"a":0,"k":[100,100],"ix":3},"r":{"a":0,"k":0,"ix":6},"o":{"a":0,"k":100,"ix":7},"sk":{"a":0,"k":0,"ix":4},"sa":{"a":0,"k":0,"ix":5},"nm":"变换"}],"nm":"?","np":2,"cix":2,"bm":0,"ix":1,"mn":"ADBE Vector Group","hd":false}],"ip":141.599609375,"op":268.80078125,"st":141.599609375,"bm":0},{"ddd":0,"ind":8,"ty":4,"nm":"Like 5","sr":1,"ks":{"o":{"a":1,"k":[{"i":{"x":[0.833],"y":[0.833]},"o":{"x":[0.167],"y":[0.167]},"t":134.4,"s":[100]},{"t":237.599609375,"s":[0]}],"ix":11},"r":{"a":0,"k":29.69,"ix":10},"p":{"a":1,"k":[{"i":{"x":0.198,"y":1},"o":{"x":0.608,"y":0},"t":112.801,"s":[97.977,219.22,0],"to":[6.069,-29.162,0],"ti":[-6.069,29.162,0]},{"t":237.599609375,"s":[134.393,44.249,0]}],"ix":2},"a":{"a":0,"k":[0,-18.781,0],"ix":1},"s":{"a":1,"k":[{"i":{"x":[0,0,0.833],"y":[1,1,1]},"o":{"x":[0.616,0.616,0.167],"y":[0,0,0]},"t":112.801,"s":[0,0,100]},{"t":237.599609375,"s":[150,150,100]}],"ix":6}},"ao":0,"shapes":[{"ty":"gr","it":[{"ind":0,"ty":"sh","ix":1,"ks":{"a":0,"k":{"i":[[-0.335,0.335],[0,0],[0,4.111],[2.362,2.307],[4.167,0],[1.2,-0.4],[1.032,-0.679],[0.744,-0.595],[0.67,-0.67],[0.744,0.596],[1.032,0.679],[1.2,0.4],[1.153,0],[2.362,-2.306],[0,-4.092],[-0.437,-1.321],[-0.558,-0.93],[-0.707,-0.883],[-0.326,-0.335],[-0.186,-0.149],[0,0],[-0.484,0]],"o":[[0,0],[4.259,-4.259],[0,-4.092],[-2.363,-2.306],[-1.154,0],[-1.2,0.4],[-1.032,0.679],[-0.744,0.596],[-0.67,-0.67],[-0.744,-0.595],[-1.032,-0.679],[-1.2,-0.4],[-4.167,0],[-2.363,2.307],[0,1.246],[0.437,1.321],[0.558,0.93],[0.707,0.884],[0.325,0.335],[0,0],[0.335,0.335],[0.483,0]],"v":[[1.228,1.808],[18.22,-10.677],[25,-26.228],[21.456,-35.826],[11.988,-39.741],[8.068,-39.272],[4.85,-37.719],[1.99,-35.286],[0,-33.259],[-1.99,-35.482],[-4.069,-37.393],[-7.743,-39.076],[-11.858,-39.481],[-21.456,-35.826],[-25,-26.228],[-24.344,-22.377],[-23.438,-19.001],[-21.801,-16.085],[-20.252,-13.542],[-17.792,-10.733],[-1.228,1.808],[-0.065,2.18]],"c":true},"ix":2},"nm":"路径 1","mn":"ADBE Vector Shape - Group","hd":false},{"ty":"fl","c":{"a":0,"k":[1,1,1,1],"ix":4},"o":{"a":0,"k":100,"ix":5},"r":1,"bm":0,"nm":"Fill 1","mn":"ADBE Vector Graphic - Fill","hd":false},{"ty":"tr","p":{"a":0,"k":[0,0],"ix":2},"a":{"a":0,"k":[0,0],"ix":1},"s":{"a":0,"k":[100,100],"ix":3},"r":{"a":0,"k":0,"ix":6},"o":{"a":0,"k":100,"ix":7},"sk":{"a":0,"k":0,"ix":4},"sa":{"a":0,"k":0,"ix":5},"nm":"变换"}],"nm":"?","np":2,"cix":2,"bm":0,"ix":1,"mn":"ADBE Vector Group","hd":false}],"ip":112.80078125,"op":240,"st":112.80078125,"bm":0},{"ddd":0,"ind":9,"ty":4,"nm":"Like 4","sr":1,"ks":{"o":{"a":1,"k":[{"i":{"x":[0.833],"y":[0.833]},"o":{"x":[0.167],"y":[0.167]},"t":103.199,"s":[100]},{"t":206.400390625,"s":[0]}],"ix":11},"r":{"a":0,"k":-20.31,"ix":10},"p":{"a":1,"k":[{"i":{"x":0.198,"y":1},"o":{"x":0.608,"y":0},"t":81.6,"s":[97.977,219.22,0],"to":[-2.649,-29.094,0],"ti":[2.649,29.094,0]},{"t":206.400390625,"s":[82.081,44.653,0]}],"ix":2},"a":{"a":0,"k":[0,-18.781,0],"ix":1},"s":{"a":1,"k":[{"i":{"x":[0,0,0.833],"y":[1,1,1]},"o":{"x":[0.616,0.616,0.167],"y":[0,0,0]},"t":81.6,"s":[0,0,100]},{"t":206.400390625,"s":[150,150,100]}],"ix":6}},"ao":0,"shapes":[{"ty":"gr","it":[{"ind":0,"ty":"sh","ix":1,"ks":{"a":0,"k":{"i":[[-0.335,0.335],[0,0],[0,4.111],[2.362,2.307],[4.167,0],[1.2,-0.4],[1.032,-0.679],[0.744,-0.595],[0.67,-0.67],[0.744,0.596],[1.032,0.679],[1.2,0.4],[1.153,0],[2.362,-2.306],[0,-4.092],[-0.437,-1.321],[-0.558,-0.93],[-0.707,-0.883],[-0.326,-0.335],[-0.186,-0.149],[0,0],[-0.484,0]],"o":[[0,0],[4.259,-4.259],[0,-4.092],[-2.363,-2.306],[-1.154,0],[-1.2,0.4],[-1.032,0.679],[-0.744,0.596],[-0.67,-0.67],[-0.744,-0.595],[-1.032,-0.679],[-1.2,-0.4],[-4.167,0],[-2.363,2.307],[0,1.246],[0.437,1.321],[0.558,0.93],[0.707,0.884],[0.325,0.335],[0,0],[0.335,0.335],[0.483,0]],"v":[[1.228,1.808],[18.22,-10.677],[25,-26.228],[21.456,-35.826],[11.988,-39.741],[8.068,-39.272],[4.85,-37.719],[1.99,-35.286],[0,-33.259],[-1.99,-35.482],[-4.069,-37.393],[-7.743,-39.076],[-11.858,-39.481],[-21.456,-35.826],[-25,-26.228],[-24.344,-22.377],[-23.438,-19.001],[-21.801,-16.085],[-20.252,-13.542],[-17.792,-10.733],[-1.228,1.808],[-0.065,2.18]],"c":true},"ix":2},"nm":"路径 1","mn":"ADBE Vector Shape - Group","hd":false},{"ty":"fl","c":{"a":0,"k":[1,1,1,1],"ix":4},"o":{"a":0,"k":100,"ix":5},"r":1,"bm":0,"nm":"Fill 1","mn":"ADBE Vector Graphic - Fill","hd":false},{"ty":"tr","p":{"a":0,"k":[0,0],"ix":2},"a":{"a":0,"k":[0,0],"ix":1},"s":{"a":0,"k":[100,100],"ix":3},"r":{"a":0,"k":0,"ix":6},"o":{"a":0,"k":100,"ix":7},"sk":{"a":0,"k":0,"ix":4},"sa":{"a":0,"k":0,"ix":5},"nm":"变换"}],"nm":"?","np":2,"cix":2,"bm":0,"ix":1,"mn":"ADBE Vector Group","hd":false}],"ip":81.599609375,"op":208.80078125,"st":81.599609375,"bm":0},{"ddd":0,"ind":10,"ty":4,"nm":"Like 3","sr":1,"ks":{"o":{"a":1,"k":[{"i":{"x":[0.833],"y":[0.833]},"o":{"x":[0.167],"y":[0.167]},"t":79.199,"s":[100]},{"t":182.400390625,"s":[0]}],"ix":11},"r":{"a":0,"k":16.69,"ix":10},"p":{"a":1,"k":[{"i":{"x":0.198,"y":1},"o":{"x":0.608,"y":0},"t":57.6,"s":[104.644,225.886,0],"to":[-10.36,-31.891,0],"ti":[10.36,31.891,0]},{"t":182.400390625,"s":[42.486,34.538,0]}],"ix":2},"a":{"a":0,"k":[0,-18.781,0],"ix":1},"s":{"a":1,"k":[{"i":{"x":[0,0,0.833],"y":[1,1,1]},"o":{"x":[0.616,0.616,0.167],"y":[0,0,0]},"t":57.6,"s":[0,0,100]},{"t":182.400390625,"s":[150,150,100]}],"ix":6}},"ao":0,"shapes":[{"ty":"gr","it":[{"ind":0,"ty":"sh","ix":1,"ks":{"a":0,"k":{"i":[[-0.335,0.335],[0,0],[0,4.111],[2.362,2.307],[4.167,0],[1.2,-0.4],[1.032,-0.679],[0.744,-0.595],[0.67,-0.67],[0.744,0.596],[1.032,0.679],[1.2,0.4],[1.153,0],[2.362,-2.306],[0,-4.092],[-0.437,-1.321],[-0.558,-0.93],[-0.707,-0.883],[-0.326,-0.335],[-0.186,-0.149],[0,0],[-0.484,0]],"o":[[0,0],[4.259,-4.259],[0,-4.092],[-2.363,-2.306],[-1.154,0],[-1.2,0.4],[-1.032,0.679],[-0.744,0.596],[-0.67,-0.67],[-0.744,-0.595],[-1.032,-0.679],[-1.2,-0.4],[-4.167,0],[-2.363,2.307],[0,1.246],[0.437,1.321],[0.558,0.93],[0.707,0.884],[0.325,0.335],[0,0],[0.335,0.335],[0.483,0]],"v":[[1.228,1.808],[18.22,-10.677],[25,-26.228],[21.456,-35.826],[11.988,-39.741],[8.068,-39.272],[4.85,-37.719],[1.99,-35.286],[0,-33.259],[-1.99,-35.482],[-4.069,-37.393],[-7.743,-39.076],[-11.858,-39.481],[-21.456,-35.826],[-25,-26.228],[-24.344,-22.377],[-23.438,-19.001],[-21.801,-16.085],[-20.252,-13.542],[-17.792,-10.733],[-1.228,1.808],[-0.065,2.18]],"c":true},"ix":2},"nm":"路径 1","mn":"ADBE Vector Shape - Group","hd":false},{"ty":"fl","c":{"a":0,"k":[1,1,1,1],"ix":4},"o":{"a":0,"k":100,"ix":5},"r":1,"bm":0,"nm":"Fill 1","mn":"ADBE Vector Graphic - Fill","hd":false},{"ty":"tr","p":{"a":0,"k":[0,0],"ix":2},"a":{"a":0,"k":[0,0],"ix":1},"s":{"a":0,"k":[100,100],"ix":3},"r":{"a":0,"k":0,"ix":6},"o":{"a":0,"k":100,"ix":7},"sk":{"a":0,"k":0,"ix":4},"sa":{"a":0,"k":0,"ix":5},"nm":"变换"}],"nm":"?","np":2,"cix":2,"bm":0,"ix":1,"mn":"ADBE Vector Group","hd":false}],"ip":57.599609375,"op":184.80078125,"st":57.599609375,"bm":0},{"ddd":0,"ind":11,"ty":4,"nm":"Like 2","sr":1,"ks":{"o":{"a":1,"k":[{"i":{"x":[0.833],"y":[0.833]},"o":{"x":[0.167],"y":[0.167]},"t":50.4,"s":[100]},{"t":153.599609375,"s":[0]}],"ix":11},"r":{"a":0,"k":-15.31,"ix":10},"p":{"a":1,"k":[{"i":{"x":0.198,"y":1},"o":{"x":0.608,"y":0},"t":28.801,"s":[97.977,219.22,0],"to":[-1.06,-26.975,0],"ti":[1.06,26.975,0]},{"t":153.599609375,"s":[91.618,57.37,0]}],"ix":2},"a":{"a":0,"k":[0,-18.781,0],"ix":1},"s":{"a":1,"k":[{"i":{"x":[0,0,0.833],"y":[1,1,1]},"o":{"x":[0.616,0.616,0.167],"y":[0,0,0]},"t":28.801,"s":[0,0,100]},{"t":153.599609375,"s":[150,150,100]}],"ix":6}},"ao":0,"shapes":[{"ty":"gr","it":[{"ind":0,"ty":"sh","ix":1,"ks":{"a":0,"k":{"i":[[-0.335,0.335],[0,0],[0,4.111],[2.362,2.307],[4.167,0],[1.2,-0.4],[1.032,-0.679],[0.744,-0.595],[0.67,-0.67],[0.744,0.596],[1.032,0.679],[1.2,0.4],[1.153,0],[2.362,-2.306],[0,-4.092],[-0.437,-1.321],[-0.558,-0.93],[-0.707,-0.883],[-0.326,-0.335],[-0.186,-0.149],[0,0],[-0.484,0]],"o":[[0,0],[4.259,-4.259],[0,-4.092],[-2.363,-2.306],[-1.154,0],[-1.2,0.4],[-1.032,0.679],[-0.744,0.596],[-0.67,-0.67],[-0.744,-0.595],[-1.032,-0.679],[-1.2,-0.4],[-4.167,0],[-2.363,2.307],[0,1.246],[0.437,1.321],[0.558,0.93],[0.707,0.884],[0.325,0.335],[0,0],[0.335,0.335],[0.483,0]],"v":[[1.228,1.808],[18.22,-10.677],[25,-26.228],[21.456,-35.826],[11.988,-39.741],[8.068,-39.272],[4.85,-37.719],[1.99,-35.286],[0,-33.259],[-1.99,-35.482],[-4.069,-37.393],[-7.743,-39.076],[-11.858,-39.481],[-21.456,-35.826],[-25,-26.228],[-24.344,-22.377],[-23.438,-19.001],[-21.801,-16.085],[-20.252,-13.542],[-17.792,-10.733],[-1.228,1.808],[-0.065,2.18]],"c":true},"ix":2},"nm":"路径 1","mn":"ADBE Vector Shape - Group","hd":false},{"ty":"fl","c":{"a":0,"k":[1,1,1,1],"ix":4},"o":{"a":0,"k":100,"ix":5},"r":1,"bm":0,"nm":"Fill 1","mn":"ADBE Vector Graphic - Fill","hd":false},{"ty":"tr","p":{"a":0,"k":[0,0],"ix":2},"a":{"a":0,"k":[0,0],"ix":1},"s":{"a":0,"k":[100,100],"ix":3},"r":{"a":0,"k":0,"ix":6},"o":{"a":0,"k":100,"ix":7},"sk":{"a":0,"k":0,"ix":4},"sa":{"a":0,"k":0,"ix":5},"nm":"变换"}],"nm":"?","np":2,"cix":2,"bm":0,"ix":1,"mn":"ADBE Vector Group","hd":false}],"ip":28.80078125,"op":156,"st":28.80078125,"bm":0},{"ddd":0,"ind":12,"ty":4,"nm":"Like","sr":1,"ks":{"o":{"a":1,"k":[{"i":{"x":[0.833],"y":[0.833]},"o":{"x":[0.167],"y":[0.167]},"t":21.6,"s":[100]},{"t":124.80078125,"s":[0]}],"ix":11},"r":{"a":0,"k":25.69,"ix":10},"p":{"a":1,"k":[{"i":{"x":0.198,"y":1},"o":{"x":0.608,"y":0},"t":0,"s":[97.977,219.22,0],"to":[9.682,-30.01,0],"ti":[-9.682,30.01,0]},{"t":124.80078125,"s":[156.069,39.162,0]}],"ix":2},"a":{"a":0,"k":[0,-18.781,0],"ix":1},"s":{"a":1,"k":[{"i":{"x":[0,0,0.833],"y":[1,1,1]},"o":{"x":[0.616,0.616,0.167],"y":[0,0,0]},"t":0,"s":[0,0,100]},{"t":124.80078125,"s":[150,150,100]}],"ix":6}},"ao":0,"shapes":[{"ty":"gr","it":[{"ind":0,"ty":"sh","ix":1,"ks":{"a":0,"k":{"i":[[-0.335,0.335],[0,0],[0,4.111],[2.362,2.307],[4.167,0],[1.2,-0.4],[1.032,-0.679],[0.744,-0.595],[0.67,-0.67],[0.744,0.596],[1.032,0.679],[1.2,0.4],[1.153,0],[2.362,-2.306],[0,-4.092],[-0.437,-1.321],[-0.558,-0.93],[-0.707,-0.883],[-0.326,-0.335],[-0.186,-0.149],[0,0],[-0.484,0]],"o":[[0,0],[4.259,-4.259],[0,-4.092],[-2.363,-2.306],[-1.154,0],[-1.2,0.4],[-1.032,0.679],[-0.744,0.596],[-0.67,-0.67],[-0.744,-0.595],[-1.032,-0.679],[-1.2,-0.4],[-4.167,0],[-2.363,2.307],[0,1.246],[0.437,1.321],[0.558,0.93],[0.707,0.884],[0.325,0.335],[0,0],[0.335,0.335],[0.483,0]],"v":[[1.228,1.808],[18.22,-10.677],[25,-26.228],[21.456,-35.826],[11.988,-39.741],[8.068,-39.272],[4.85,-37.719],[1.99,-35.286],[0,-33.259],[-1.99,-35.482],[-4.069,-37.393],[-7.743,-39.076],[-11.858,-39.481],[-21.456,-35.826],[-25,-26.228],[-24.344,-22.377],[-23.438,-19.001],[-21.801,-16.085],[-20.252,-13.542],[-17.792,-10.733],[-1.228,1.808],[-0.065,2.18]],"c":true},"ix":2},"nm":"路径 1","mn":"ADBE Vector Shape - Group","hd":false},{"ty":"fl","c":{"a":0,"k":[1,1,1,1],"ix":4},"o":{"a":0,"k":100,"ix":5},"r":1,"bm":0,"nm":"Fill 1","mn":"ADBE Vector Graphic - Fill","hd":false},{"ty":"tr","p":{"a":0,"k":[0,0],"ix":2},"a":{"a":0,"k":[0,0],"ix":1},"s":{"a":0,"k":[100,100],"ix":3},"r":{"a":0,"k":0,"ix":6},"o":{"a":0,"k":100,"ix":7},"sk":{"a":0,"k":0,"ix":4},"sa":{"a":0,"k":0,"ix":5},"nm":"变换"}],"nm":"?","np":2,"cix":2,"bm":0,"ix":1,"mn":"ADBE Vector Group","hd":false}],"ip":0,"op":127.19921875,"st":0,"bm":0}]}],"layers":[{"ddd":0,"ind":1,"ty":0,"nm":"预合成 1","refId":"comp_0","sr":1,"ks":{"o":{"a":0,"k":100,"ix":11},"r":{"a":0,"k":0,"ix":10},"p":{"a":0,"k":[540,1044,0],"ix":2},"a":{"a":0,"k":[540,1170,0],"ix":1},"s":{"a":0,"k":[100,100,100],"ix":6}},"ao":0,"w":1080,"h":2340,"ip":0,"op":540,"st":0,"bm":0},{"ddd":0,"ind":2,"ty":2,"nm":"1.png","cl":"png","refId":"image_5","sr":1,"ks":{"o":{"a":1,"k":[{"i":{"x":[0.667],"y":[1]},"o":{"x":[0.333],"y":[0]},"t":262,"s":[0]},{"t":291,"s":[100]}],"ix":11},"r":{"a":0,"k":0,"ix":10},"p":{"a":0,"k":[606.454,1950.725,0],"ix":2},"a":{"a":0,"k":[600,241.5,0],"ix":1},"s":{"a":0,"k":[50,50,100],"ix":6}},"ao":0,"ip":0,"op":540,"st":0,"bm":0},{"ddd":0,"ind":3,"ty":0,"nm":"头像动画","refId":"comp_1","sr":1,"ks":{"o":{"a":0,"k":100,"ix":11},"r":{"a":0,"k":0,"ix":10},"p":{"a":0,"k":[540,1760,0],"ix":2},"a":{"a":0,"k":[960,750,0],"ix":1},"s":{"a":0,"k":[43,43,100],"ix":6}},"ao":0,"w":1920,"h":1500,"ip":0,"op":600,"st":0,"bm":0},{"ddd":0,"ind":4,"ty":2,"nm":"头像1.png","cl":"png","refId":"image_7","sr":1,"ks":{"o":{"a":1,"k":[{"i":{"x":[0.648],"y":[1]},"o":{"x":[0.314],"y":[0]},"t":262,"s":[0]},{"i":{"x":[0.99],"y":[1]},"o":{"x":[0.186],"y":[0]},"t":263,"s":[100]},{"i":{"x":[0.833],"y":[0.833]},"o":{"x":[0.167],"y":[0.167]},"t":300,"s":[100]},{"t":360,"s":[0]}],"ix":11},"r":{"a":0,"k":0,"ix":10},"p":{"a":0,"k":[224,1937,0],"ix":2},"a":{"a":0,"k":[100,100,0],"ix":1},"s":{"a":0,"k":[80,80,100],"ix":6}},"ao":0,"ip":262,"op":442,"st":262,"bm":0},{"ddd":0,"ind":5,"ty":2,"nm":"头像2.png","cl":"png","refId":"image_8","sr":1,"ks":{"o":{"a":1,"k":[{"i":{"x":[0.658],"y":[1]},"o":{"x":[0.325],"y":[0]},"t":262,"s":[0]},{"i":{"x":[0.99],"y":[0.584]},"o":{"x":[0.175],"y":[11.121]},"t":263,"s":[99.939]},{"i":{"x":[0.833],"y":[0.833]},"o":{"x":[0.167],"y":[0.167]},"t":420,"s":[100]},{"t":480,"s":[0]}],"ix":11},"r":{"a":0,"k":0,"ix":10},"p":{"a":0,"k":[224,1937,0],"ix":2},"a":{"a":0,"k":[100,100,0],"ix":1},"s":{"a":0,"k":[80,80,100],"ix":6}},"ao":0,"ip":262,"op":540,"st":262,"bm":0},{"ddd":0,"ind":6,"ty":2,"nm":"头像3.png","cl":"png","refId":"image_9","sr":1,"ks":{"o":{"a":1,"k":[{"i":{"x":[0.661],"y":[1]},"o":{"x":[0.328],"y":[0]},"t":262,"s":[0]},{"i":{"x":[0.99],"y":[-0.139]},"o":{"x":[0.172],"y":[11.92]},"t":263,"s":[99.932]},{"i":{"x":[0.833],"y":[0.833]},"o":{"x":[0.167],"y":[0.167]},"t":742,"s":[100]},{"t":802,"s":[0]}],"ix":11},"r":{"a":0,"k":0,"ix":10},"p":{"a":0,"k":[224,1937,0],"ix":2},"a":{"a":0,"k":[100,100,0],"ix":1},"s":{"a":0,"k":[80,80,100],"ix":6}},"ao":0,"ip":262,"op":540,"st":262,"bm":0},{"ddd":0,"ind":7,"ty":0,"nm":"_Stories 46","refId":"comp_5","sr":1,"ks":{"o":{"a":0,"k":100,"ix":11},"r":{"a":0,"k":0,"ix":10},"p":{"a":0,"k":[540,2070,0],"ix":2},"a":{"a":0,"k":[540,960,0],"ix":1},"s":{"a":0,"k":[100,100,100],"ix":6}},"ao":0,"w":1080,"h":1920,"ip":166,"op":1066,"st":166,"bm":0},{"ddd":0,"ind":8,"ty":4,"nm":"形状图层 1","sr":1,"ks":{"o":{"a":1,"k":[{"i":{"x":[0.667],"y":[1]},"o":{"x":[0.333],"y":[0]},"t":243,"s":[0]},{"t":262,"s":[100]}],"ix":11},"r":{"a":0,"k":0,"ix":10},"p":{"a":1,"k":[{"i":{"x":0.667,"y":1},"o":{"x":0.333,"y":0},"t":243,"s":[540,892,0],"to":[0,38.833,0],"ti":[0,-38.833,0]},{"t":262,"s":[540,1125,0]}],"ix":2},"a":{"a":0,"k":[0,0,0],"ix":1},"s":{"a":1,"k":[{"i":{"x":[0.667,0.667,0.667],"y":[1,1,1]},"o":{"x":[0.333,0.333,0.333],"y":[0,0,0]},"t":243,"s":[100,0,100]},{"t":262,"s":[100,100,100]}],"ix":6}},"ao":0,"shapes":[{"ty":"gr","it":[{"ind":0,"ty":"sh","ix":1,"ks":{"a":0,"k":{"i":[[0,0],[0,0],[0,0],[0,0]],"o":[[0,0],[0,0],[0,0],[0,0]],"v":[[-425.875,684.375],[-425,949.125],[426.75,948.75],[427,684.5]],"c":true},"ix":2},"nm":"路径 1","mn":"ADBE Vector Shape - Group","hd":false},{"ty":"st","c":{"a":0,"k":[0.223529413342,0.282352954149,0.403921574354,1],"ix":3},"o":{"a":0,"k":100,"ix":4},"w":{"a":0,"k":2,"ix":5},"lc":1,"lj":1,"ml":4,"bm":0,"nm":"描边 1","mn":"ADBE Vector Graphic - Stroke","hd":false},{"ty":"fl","c":{"a":0,"k":[0.223529413342,0.282352954149,0.403921574354,1],"ix":4},"o":{"a":0,"k":100,"ix":5},"r":1,"bm":0,"nm":"填充 1","mn":"ADBE Vector Graphic - Fill","hd":false},{"ty":"tr","p":{"a":0,"k":[0,0],"ix":2},"a":{"a":0,"k":[0,0],"ix":1},"s":{"a":0,"k":[100,100],"ix":3},"r":{"a":0,"k":0,"ix":6},"o":{"a":0,"k":100,"ix":7},"sk":{"a":0,"k":0,"ix":4},"sa":{"a":0,"k":0,"ix":5},"nm":"变换"}],"nm":"形状 2","np":3,"cix":2,"bm":0,"ix":1,"mn":"ADBE Vector Group","hd":false},{"ty":"gr","it":[{"ind":0,"ty":"sh","ix":1,"ks":{"a":0,"k":{"i":[[0,0],[0,0],[0,0],[0,0]],"o":[[0,0],[0,0],[0,0],[0,0]],"v":[[427.125,705],[-425,705.125],[-425,971.625],[426.75,972]],"c":true},"ix":2},"nm":"路径 1","mn":"ADBE Vector Shape - Group","hd":false},{"ty":"fl","c":{"a":0,"k":[1,1,1,1],"ix":4},"o":{"a":0,"k":100,"ix":5},"r":1,"bm":0,"nm":"填充 1","mn":"ADBE Vector Graphic - Fill","hd":false},{"ty":"tr","p":{"a":0,"k":[0,0],"ix":2},"a":{"a":0,"k":[0,0],"ix":1},"s":{"a":0,"k":[100,100],"ix":3},"r":{"a":0,"k":0,"ix":6},"o":{"a":0,"k":100,"ix":7},"sk":{"a":0,"k":0,"ix":4},"sa":{"a":0,"k":0,"ix":5},"nm":"变换"}],"nm":"形状 1","np":2,"cix":2,"bm":0,"ix":2,"mn":"ADBE Vector Group","hd":false}],"ip":0,"op":540,"st":0,"bm":0},{"ddd":0,"ind":9,"ty":2,"nm":"img_12.png","cl":"png","refId":"image_10","sr":1,"ks":{"o":{"a":0,"k":100,"ix":11},"r":{"a":0,"k":0,"ix":10},"p":{"a":0,"k":[540,1170,0],"ix":2},"a":{"a":0,"k":[540,1170,0],"ix":1},"s":{"a":0,"k":[100,100,100],"ix":6}},"ao":0,"ip":0,"op":540,"st":0,"bm":0}],"markers":[]}